Analysis & Synthesis report for DE2_115
Thu Jun 18 01:55:32 2026
Quartus II 64-Bit Version 15.0.0 Build 145 04/22/2015 SJ Full Version


---------------------
; Table of Contents ;
---------------------
  1. Legal Notice
  2. Analysis & Synthesis Summary
  3. Analysis & Synthesis Settings
  4. Parallel Compilation
  5. Analysis & Synthesis Source Files Read
  6. Analysis & Synthesis Resource Usage Summary
  7. Analysis & Synthesis Resource Utilization by Entity
  8. Analysis & Synthesis RAM Summary
  9. Analysis & Synthesis DSP Block Usage Summary
 10. Analysis & Synthesis IP Cores Summary
 11. State Machine - |DE2_115|Top:top0|state_r
 12. State Machine - |DE2_115|Top:top0|DSP:dsp|Delay_Effect:Delay_Effect|state_r
 13. State Machine - |DE2_115|Top:top0|DSP:dsp|Noise_Gate:Noise_Gate|state_r
 14. State Machine - |DE2_115|Top:top0|Recorder:recorder|state_r
 15. Registers Removed During Synthesis
 16. Removed Registers Triggering Further Register Optimizations
 17. General Register Statistics
 18. Inverted Register Statistics
 19. Registers Added for RAM Pass-Through Logic
 20. Registers Packed Into Inferred Megafunctions
 21. Multiplexer Restructuring Statistics (Restructuring Performed)
 22. Source assignments for final_qsys:pll0|final_qsys_altpll_0:altpll_0
 23. Source assignments for final_qsys:pll0|final_qsys_altpll_0:altpll_0|final_qsys_altpll_0_stdsync_sv6:stdsync2|final_qsys_altpll_0_dffpipe_l2c:dffpipe3
 24. Source assignments for final_qsys:pll0|altera_reset_controller:rst_controller|altera_reset_synchronizer:alt_rst_sync_uq1
 25. Source assignments for final_qsys:pll0|altera_reset_controller:rst_controller|altera_reset_synchronizer:alt_rst_req_sync_uq1
 26. Source assignments for Top:top0|Buffer:buffer|altsyncram:buf_data_r_rtl_0|altsyncram_rbi1:auto_generated
 27. Source assignments for Top:top0|Buffer:buffer|altsyncram:buf_data_l_rtl_0|altsyncram_rbi1:auto_generated
 28. Source assignments for Top:top0|DSP:dsp|Chorus:Chorus|altsyncram:data_buffer_rtl_0|altsyncram_03e1:auto_generated
 29. Source assignments for Top:top0|DSP:dsp|Chorus:Chorus|altsyncram:data_buffer_rtl_1|altsyncram_03e1:auto_generated
 30. Source assignments for Top:top0|DSP:dsp|Reverb:Reverb|FDN_4ch:fdn|altsyncram:ch1_buffer_rtl_0|altsyncram_nli1:auto_generated
 31. Source assignments for Top:top0|DSP:dsp|Reverb:Reverb|FDN_4ch:fdn|altsyncram:ch0_buffer_rtl_0|altsyncram_tki1:auto_generated
 32. Source assignments for Top:top0|DSP:dsp|Reverb:Reverb|FDN_4ch:fdn|altsyncram:ch2_buffer_rtl_0|altsyncram_pki1:auto_generated
 33. Source assignments for Top:top0|DSP:dsp|Reverb:Reverb|FDN_4ch:fdn|altsyncram:ch3_buffer_rtl_0|altsyncram_1li1:auto_generated
 34. Source assignments for Top:top0|DSP:dsp|Delay_Effect:Delay_Effect|altsyncram:delay_ram_rtl_0|altsyncram_n5j1:auto_generated
 35. Source assignments for Top:top0|DSP:dsp|Auto_Wah:Auto_Wah|altsyncram:data_buffer_rtl_0|altsyncram_42e1:auto_generated
 36. Source assignments for Top:top0|DSP:dsp|Auto_Wah:Auto_Wah|altsyncram:data_buffer_rtl_1|altsyncram_42e1:auto_generated
 37. Source assignments for Top:top0|DSP:dsp|Flanger:Flanger|altsyncram:data_buffer_rtl_0|altsyncram_42e1:auto_generated
 38. Source assignments for Top:top0|DSP:dsp|Flanger:Flanger|altsyncram:data_buffer_rtl_1|altsyncram_42e1:auto_generated
 39. Source assignments for Top:top0|DSP:dsp|Reverb:Reverb|Schroeder_Allpass:allpass_4|altsyncram:v_buffer_rtl_0|altsyncram_dli1:auto_generated
 40. Source assignments for Top:top0|DSP:dsp|Reverb:Reverb|Schroeder_Allpass:allpass_3|altsyncram:v_buffer_rtl_0|altsyncram_1li1:auto_generated
 41. Source assignments for Top:top0|DSP:dsp|Reverb:Reverb|Schroeder_Allpass:allpass_2|altsyncram:v_buffer_rtl_0|altsyncram_pki1:auto_generated
 42. Source assignments for Top:top0|DSP:dsp|Reverb:Reverb|Schroeder_Allpass:allpass_1|altsyncram:v_buffer_rtl_0|altsyncram_nli1:auto_generated
 43. Source assignments for Top:top0|DSP:dsp|Reverb:Reverb|Schroeder_Allpass:allpass_0|altsyncram:v_buffer_rtl_0|altsyncram_tki1:auto_generated
 44. Parameter Settings for User Entity Instance: final_qsys:pll0|altera_reset_controller:rst_controller
 45. Parameter Settings for User Entity Instance: final_qsys:pll0|altera_reset_controller:rst_controller|altera_reset_synchronizer:alt_rst_sync_uq1
 46. Parameter Settings for User Entity Instance: final_qsys:pll0|altera_reset_controller:rst_controller|altera_reset_synchronizer:alt_rst_req_sync_uq1
 47. Parameter Settings for User Entity Instance: Debounce:deb0
 48. Parameter Settings for User Entity Instance: Debounce:deb1
 49. Parameter Settings for User Entity Instance: Debounce:deb2
 50. Parameter Settings for User Entity Instance: Top:top0|DSP:dsp|Reverb:Reverb
 51. Parameter Settings for User Entity Instance: Top:top0|DSP:dsp|Reverb:Reverb|Schroeder_Allpass:allpass_0
 52. Parameter Settings for User Entity Instance: Top:top0|DSP:dsp|Reverb:Reverb|Schroeder_Allpass:allpass_1
 53. Parameter Settings for User Entity Instance: Top:top0|DSP:dsp|Reverb:Reverb|Schroeder_Allpass:allpass_2
 54. Parameter Settings for User Entity Instance: Top:top0|DSP:dsp|Reverb:Reverb|Schroeder_Allpass:allpass_3
 55. Parameter Settings for User Entity Instance: Top:top0|DSP:dsp|Reverb:Reverb|Schroeder_Allpass:allpass_4
 56. Parameter Settings for User Entity Instance: Top:top0|DSP:dsp|Reverb:Reverb|FDN_4ch:fdn
 57. Parameter Settings for User Entity Instance: Top:top0|DSP:dsp|Flanger:Flanger
 58. Parameter Settings for User Entity Instance: Top:top0|DSP:dsp|Chorus:Chorus
 59. Parameter Settings for User Entity Instance: Top:top0|DSP:dsp|Auto_Wah:Auto_Wah
 60. Parameter Settings for User Entity Instance: SevenHexDecoder:seven_dec4
 61. Parameter Settings for User Entity Instance: SevenHexDecoder:seven_dec5
 62. Parameter Settings for User Entity Instance: SevenHexDecoder:seven_dec6
 63. Parameter Settings for User Entity Instance: SevenHexDecoder:seven_dec7
 64. Parameter Settings for User Entity Instance: SevenHexDecoder:seven_dec0
 65. Parameter Settings for User Entity Instance: SevenHexDecoder:seven_dec1
 66. Parameter Settings for Inferred Entity Instance: Top:top0|Buffer:buffer|altsyncram:buf_data_r_rtl_0
 67. Parameter Settings for Inferred Entity Instance: Top:top0|Buffer:buffer|altsyncram:buf_data_l_rtl_0
 68. Parameter Settings for Inferred Entity Instance: Top:top0|DSP:dsp|Chorus:Chorus|altsyncram:data_buffer_rtl_0
 69. Parameter Settings for Inferred Entity Instance: Top:top0|DSP:dsp|Chorus:Chorus|altsyncram:data_buffer_rtl_1
 70. Parameter Settings for Inferred Entity Instance: Top:top0|DSP:dsp|Reverb:Reverb|FDN_4ch:fdn|altsyncram:ch1_buffer_rtl_0
 71. Parameter Settings for Inferred Entity Instance: Top:top0|DSP:dsp|Reverb:Reverb|FDN_4ch:fdn|altsyncram:ch0_buffer_rtl_0
 72. Parameter Settings for Inferred Entity Instance: Top:top0|DSP:dsp|Reverb:Reverb|FDN_4ch:fdn|altsyncram:ch2_buffer_rtl_0
 73. Parameter Settings for Inferred Entity Instance: Top:top0|DSP:dsp|Reverb:Reverb|FDN_4ch:fdn|altsyncram:ch3_buffer_rtl_0
 74. Parameter Settings for Inferred Entity Instance: Top:top0|DSP:dsp|Delay_Effect:Delay_Effect|altsyncram:delay_ram_rtl_0
 75. Parameter Settings for Inferred Entity Instance: Top:top0|DSP:dsp|Auto_Wah:Auto_Wah|altsyncram:data_buffer_rtl_0
 76. Parameter Settings for Inferred Entity Instance: Top:top0|DSP:dsp|Auto_Wah:Auto_Wah|altsyncram:data_buffer_rtl_1
 77. Parameter Settings for Inferred Entity Instance: Top:top0|DSP:dsp|Flanger:Flanger|altsyncram:data_buffer_rtl_0
 78. Parameter Settings for Inferred Entity Instance: Top:top0|DSP:dsp|Flanger:Flanger|altsyncram:data_buffer_rtl_1
 79. Parameter Settings for Inferred Entity Instance: Top:top0|DSP:dsp|Reverb:Reverb|Schroeder_Allpass:allpass_4|altsyncram:v_buffer_rtl_0
 80. Parameter Settings for Inferred Entity Instance: Top:top0|DSP:dsp|Reverb:Reverb|Schroeder_Allpass:allpass_3|altsyncram:v_buffer_rtl_0
 81. Parameter Settings for Inferred Entity Instance: Top:top0|DSP:dsp|Reverb:Reverb|Schroeder_Allpass:allpass_2|altsyncram:v_buffer_rtl_0
 82. Parameter Settings for Inferred Entity Instance: Top:top0|DSP:dsp|Reverb:Reverb|Schroeder_Allpass:allpass_1|altsyncram:v_buffer_rtl_0
 83. Parameter Settings for Inferred Entity Instance: Top:top0|DSP:dsp|Reverb:Reverb|Schroeder_Allpass:allpass_0|altsyncram:v_buffer_rtl_0
 84. Parameter Settings for Inferred Entity Instance: lpm_divide:Mod2
 85. Parameter Settings for Inferred Entity Instance: lpm_divide:Mod0
 86. Parameter Settings for Inferred Entity Instance: lpm_divide:Mod1
 87. Parameter Settings for Inferred Entity Instance: Top:top0|DSP:dsp|fuzz:Fuzz|lpm_mult:Mult2
 88. Parameter Settings for Inferred Entity Instance: Top:top0|DSP:dsp|Noise_Gate:Noise_Gate|lpm_mult:Mult0
 89. Parameter Settings for Inferred Entity Instance: Top:top0|DSP:dsp|distortion:Distortion|lpm_mult:Mult0
 90. Parameter Settings for Inferred Entity Instance: Top:top0|DSP:dsp|Overdrive:Overdrive|lpm_mult:Mult0
 91. Parameter Settings for Inferred Entity Instance: Top:top0|DSP:dsp|Chorus:Chorus|lpm_mult:Mult3
 92. Parameter Settings for Inferred Entity Instance: Top:top0|DSP:dsp|Chorus:Chorus|lpm_mult:Mult4
 93. Parameter Settings for Inferred Entity Instance: Top:top0|DSP:dsp|fuzz:Fuzz|lpm_mult:Mult0
 94. Parameter Settings for Inferred Entity Instance: Top:top0|DSP:dsp|Noise_Gate:Noise_Gate|lpm_mult:Mult1
 95. Parameter Settings for Inferred Entity Instance: Top:top0|DSP:dsp|distortion:Distortion|tanh:u_tanh|lpm_mult:Mult0
 96. Parameter Settings for Inferred Entity Instance: Top:top0|DSP:dsp|Overdrive:Overdrive|tanh:u_tanh|lpm_mult:Mult0
 97. Parameter Settings for Inferred Entity Instance: Top:top0|DSP:dsp|Flanger:Flanger|lpm_mult:Mult4
 98. Parameter Settings for Inferred Entity Instance: Top:top0|DSP:dsp|Flanger:Flanger|lpm_mult:Mult5
 99. Parameter Settings for Inferred Entity Instance: Top:top0|DSP:dsp|Reverb:Reverb|lpm_mult:Mult1
100. Parameter Settings for Inferred Entity Instance: Top:top0|DSP:dsp|Reverb:Reverb|lpm_mult:Mult0
101. Parameter Settings for Inferred Entity Instance: Top:top0|DSP:dsp|Auto_Wah:Auto_Wah|lpm_mult:Mult4
102. Parameter Settings for Inferred Entity Instance: Top:top0|DSP:dsp|Auto_Wah:Auto_Wah|lpm_mult:Mult5
103. Parameter Settings for Inferred Entity Instance: Top:top0|DSP:dsp|Reverb:Reverb|Schroeder_Allpass:allpass_4|lpm_mult:Mult0
104. Parameter Settings for Inferred Entity Instance: Top:top0|DSP:dsp|Reverb:Reverb|Schroeder_Allpass:allpass_3|lpm_mult:Mult0
105. Parameter Settings for Inferred Entity Instance: Top:top0|DSP:dsp|Reverb:Reverb|Schroeder_Allpass:allpass_2|lpm_mult:Mult0
106. Parameter Settings for Inferred Entity Instance: Top:top0|DSP:dsp|Reverb:Reverb|Schroeder_Allpass:allpass_1|lpm_mult:Mult0
107. Parameter Settings for Inferred Entity Instance: Top:top0|DSP:dsp|Reverb:Reverb|Schroeder_Allpass:allpass_0|lpm_mult:Mult0
108. Parameter Settings for Inferred Entity Instance: Top:top0|DSP:dsp|fuzz:Fuzz|lpm_mult:Mult1
109. Parameter Settings for Inferred Entity Instance: Top:top0|DSP:dsp|distortion:Distortion|tanh:u_tanh|lpm_mult:Mult1
110. Parameter Settings for Inferred Entity Instance: Top:top0|DSP:dsp|Overdrive:Overdrive|tanh:u_tanh|lpm_mult:Mult1
111. Parameter Settings for Inferred Entity Instance: Top:top0|DSP:dsp|Chorus:Chorus|cosine:cosine_0|lpm_mult:Mult0
112. Parameter Settings for Inferred Entity Instance: Top:top0|DSP:dsp|Flanger:Flanger|cosine:cosine_0|lpm_mult:Mult0
113. Parameter Settings for Inferred Entity Instance: Top:top0|DSP:dsp|Chorus:Chorus|lpm_mult:Mult1
114. Parameter Settings for Inferred Entity Instance: Top:top0|DSP:dsp|Chorus:Chorus|lpm_mult:Mult2
115. Parameter Settings for Inferred Entity Instance: Top:top0|DSP:dsp|Flanger:Flanger|lpm_mult:Mult1
116. Parameter Settings for Inferred Entity Instance: Top:top0|DSP:dsp|Flanger:Flanger|lpm_mult:Mult2
117. Parameter Settings for Inferred Entity Instance: Top:top0|DSP:dsp|Auto_Wah:Auto_Wah|lpm_mult:Mult1
118. Parameter Settings for Inferred Entity Instance: Top:top0|DSP:dsp|Auto_Wah:Auto_Wah|lpm_mult:Mult2
119. Parameter Settings for Inferred Entity Instance: Top:top0|DSP:dsp|Reverb:Reverb|Schroeder_Allpass:allpass_4|lpm_mult:Mult1
120. Parameter Settings for Inferred Entity Instance: Top:top0|DSP:dsp|Reverb:Reverb|Schroeder_Allpass:allpass_3|lpm_mult:Mult1
121. Parameter Settings for Inferred Entity Instance: Top:top0|DSP:dsp|Reverb:Reverb|Schroeder_Allpass:allpass_2|lpm_mult:Mult1
122. Parameter Settings for Inferred Entity Instance: Top:top0|DSP:dsp|Reverb:Reverb|Schroeder_Allpass:allpass_1|lpm_mult:Mult1
123. Parameter Settings for Inferred Entity Instance: Top:top0|DSP:dsp|Reverb:Reverb|Schroeder_Allpass:allpass_0|lpm_mult:Mult1
124. altsyncram Parameter Settings by Entity Instance
125. lpm_mult Parameter Settings by Entity Instance
126. Port Connectivity Checks: "SevenHexDecoder:seven_dec1"
127. Port Connectivity Checks: "SevenHexDecoder:seven_dec7"
128. Port Connectivity Checks: "SevenHexDecoder:seven_dec5"
129. Port Connectivity Checks: "Top:top0|DSP:dsp|Auto_Wah:Auto_Wah"
130. Port Connectivity Checks: "Top:top0|DSP:dsp|Overdrive:Overdrive|tanh:u_tanh"
131. Port Connectivity Checks: "Top:top0|DSP:dsp|Param_Manager:Param_Manager"
132. Port Connectivity Checks: "Debounce:deb2"
133. Port Connectivity Checks: "Debounce:deb1"
134. Port Connectivity Checks: "Debounce:deb0"
135. Port Connectivity Checks: "final_qsys:pll0|altera_reset_controller:rst_controller|altera_reset_synchronizer:alt_rst_req_sync_uq1"
136. Port Connectivity Checks: "final_qsys:pll0|altera_reset_controller:rst_controller"
137. Port Connectivity Checks: "final_qsys:pll0|final_qsys_altpll_0:altpll_0|final_qsys_altpll_0_altpll_kpa2:sd1"
138. Port Connectivity Checks: "final_qsys:pll0|final_qsys_altpll_0:altpll_0"
139. Post-Synthesis Netlist Statistics for Top Partition
140. Elapsed Time Per Partition
141. Analysis & Synthesis Messages



----------------
; Legal Notice ;
----------------
Copyright (C) 1991-2015 Altera Corporation. All rights reserved.
Your use of Altera Corporation's design tools, logic functions 
and other software and tools, and its AMPP partner logic 
functions, and any output files from any of the foregoing 
(including device programming or simulation files), and any 
associated documentation or information are expressly subject 
to the terms and conditions of the Altera Program License 
Subscription Agreement, the Altera Quartus II License Agreement,
the Altera MegaCore Function License Agreement, or other 
applicable license agreement, including, without limitation, 
that your use is for the sole purpose of programming logic 
devices manufactured by Altera and sold by Altera or its 
authorized distributors.  Please refer to the applicable 
agreement for further details.



+----------------------------------------------------------------------------------+
; Analysis & Synthesis Summary                                                     ;
+------------------------------------+---------------------------------------------+
; Analysis & Synthesis Status        ; Successful - Thu Jun 18 01:55:31 2026       ;
; Quartus II 64-Bit Version          ; 15.0.0 Build 145 04/22/2015 SJ Full Version ;
; Revision Name                      ; DE2_115                                     ;
; Top-level Entity Name              ; DE2_115                                     ;
; Family                             ; Cyclone IV E                                ;
; Total logic elements               ; 5,588                                       ;
;     Total combinational functions  ; 4,876                                       ;
;     Dedicated logic registers      ; 1,937                                       ;
; Total registers                    ; 1937                                        ;
; Total pins                         ; 480                                         ;
; Total virtual pins                 ; 0                                           ;
; Total memory bits                  ; 1,409,136                                   ;
; Embedded Multiplier 9-bit elements ; 76                                          ;
; Total PLLs                         ; 1                                           ;
+------------------------------------+---------------------------------------------+


+----------------------------------------------------------------------------------------------------------------------+
; Analysis & Synthesis Settings                                                                                        ;
+----------------------------------------------------------------------------+--------------------+--------------------+
; Option                                                                     ; Setting            ; Default Value      ;
+----------------------------------------------------------------------------+--------------------+--------------------+
; Device                                                                     ; EP4CE115F29C7      ;                    ;
; Top-level entity name                                                      ; DE2_115            ; DE2_115            ;
; Family name                                                                ; Cyclone IV E       ; Cyclone V          ;
; Use smart compilation                                                      ; On                 ; Off                ;
; Enable parallel Assembler and TimeQuest Timing Analyzer during compilation ; On                 ; On                 ;
; Enable compact report table                                                ; Off                ; Off                ;
; Restructure Multiplexers                                                   ; Auto               ; Auto               ;
; Create Debugging Nodes for IP Cores                                        ; Off                ; Off                ;
; Preserve fewer node names                                                  ; On                 ; On                 ;
; Disable OpenCore Plus hardware evaluation                                  ; Off                ; Off                ;
; Verilog Version                                                            ; Verilog_2001       ; Verilog_2001       ;
; VHDL Version                                                               ; VHDL_1993          ; VHDL_1993          ;
; State Machine Processing                                                   ; Auto               ; Auto               ;
; Safe State Machine                                                         ; Off                ; Off                ;
; Extract Verilog State Machines                                             ; On                 ; On                 ;
; Extract VHDL State Machines                                                ; On                 ; On                 ;
; Ignore Verilog initial constructs                                          ; Off                ; Off                ;
; Iteration limit for constant Verilog loops                                 ; 5000               ; 5000               ;
; Iteration limit for non-constant Verilog loops                             ; 250                ; 250                ;
; Add Pass-Through Logic to Inferred RAMs                                    ; On                 ; On                 ;
; Infer RAMs from Raw Logic                                                  ; On                 ; On                 ;
; Parallel Synthesis                                                         ; On                 ; On                 ;
; DSP Block Balancing                                                        ; Auto               ; Auto               ;
; NOT Gate Push-Back                                                         ; On                 ; On                 ;
; Power-Up Don't Care                                                        ; On                 ; On                 ;
; Remove Redundant Logic Cells                                               ; Off                ; Off                ;
; Remove Duplicate Registers                                                 ; On                 ; On                 ;
; Ignore CARRY Buffers                                                       ; Off                ; Off                ;
; Ignore CASCADE Buffers                                                     ; Off                ; Off                ;
; Ignore GLOBAL Buffers                                                      ; Off                ; Off                ;
; Ignore ROW GLOBAL Buffers                                                  ; Off                ; Off                ;
; Ignore LCELL Buffers                                                       ; Off                ; Off                ;
; Ignore SOFT Buffers                                                        ; On                 ; On                 ;
; Limit AHDL Integers to 32 Bits                                             ; Off                ; Off                ;
; Optimization Technique                                                     ; Balanced           ; Balanced           ;
; Carry Chain Length                                                         ; 70                 ; 70                 ;
; Auto Carry Chains                                                          ; On                 ; On                 ;
; Auto Open-Drain Pins                                                       ; On                 ; On                 ;
; Perform WYSIWYG Primitive Resynthesis                                      ; Off                ; Off                ;
; Auto ROM Replacement                                                       ; On                 ; On                 ;
; Auto RAM Replacement                                                       ; On                 ; On                 ;
; Auto DSP Block Replacement                                                 ; On                 ; On                 ;
; Auto Shift Register Replacement                                            ; Auto               ; Auto               ;
; Allow Shift Register Merging across Hierarchies                            ; Auto               ; Auto               ;
; Auto Clock Enable Replacement                                              ; On                 ; On                 ;
; Strict RAM Replacement                                                     ; Off                ; Off                ;
; Allow Synchronous Control Signals                                          ; On                 ; On                 ;
; Force Use of Synchronous Clear Signals                                     ; Off                ; Off                ;
; Auto RAM Block Balancing                                                   ; On                 ; On                 ;
; Auto RAM to Logic Cell Conversion                                          ; Off                ; Off                ;
; Auto Resource Sharing                                                      ; Off                ; Off                ;
; Allow Any RAM Size For Recognition                                         ; Off                ; Off                ;
; Allow Any ROM Size For Recognition                                         ; Off                ; Off                ;
; Allow Any Shift Register Size For Recognition                              ; Off                ; Off                ;
; Use LogicLock Constraints during Resource Balancing                        ; On                 ; On                 ;
; Ignore translate_off and synthesis_off directives                          ; Off                ; Off                ;
; Timing-Driven Synthesis                                                    ; On                 ; On                 ;
; Report Parameter Settings                                                  ; On                 ; On                 ;
; Report Source Assignments                                                  ; On                 ; On                 ;
; Report Connectivity Checks                                                 ; On                 ; On                 ;
; Ignore Maximum Fan-Out Assignments                                         ; Off                ; Off                ;
; Synchronization Register Chain Length                                      ; 2                  ; 2                  ;
; PowerPlay Power Optimization During Synthesis                              ; Normal compilation ; Normal compilation ;
; HDL message level                                                          ; Level2             ; Level2             ;
; Suppress Register Optimization Related Messages                            ; Off                ; Off                ;
; Number of Removed Registers Reported in Synthesis Report                   ; 5000               ; 5000               ;
; Number of Swept Nodes Reported in Synthesis Report                         ; 5000               ; 5000               ;
; Number of Inverted Registers Reported in Synthesis Report                  ; 100                ; 100                ;
; Clock MUX Protection                                                       ; On                 ; On                 ;
; Auto Gated Clock Conversion                                                ; Off                ; Off                ;
; Block Design Naming                                                        ; Auto               ; Auto               ;
; SDC constraint protection                                                  ; Off                ; Off                ;
; Synthesis Effort                                                           ; Auto               ; Auto               ;
; Shift Register Replacement - Allow Asynchronous Clear Signal               ; On                 ; On                 ;
; Pre-Mapping Resynthesis Optimization                                       ; Off                ; Off                ;
; Analysis & Synthesis Message Level                                         ; Medium             ; Medium             ;
; Disable Register Merging Across Hierarchies                                ; Auto               ; Auto               ;
; Resource Aware Inference For Block RAM                                     ; On                 ; On                 ;
; Synthesis Seed                                                             ; 1                  ; 1                  ;
+----------------------------------------------------------------------------+--------------------+--------------------+


+------------------------------------------+
; Parallel Compilation                     ;
+----------------------------+-------------+
; Processors                 ; Number      ;
+----------------------------+-------------+
; Number detected on machine ; 12          ;
; Maximum allowed            ; 12          ;
;                            ;             ;
; Average used               ; 1.00        ;
; Maximum used               ; 8           ;
;                            ;             ;
; Usage by Processor         ; % Time Used ;
;     Processor 1            ; 100.0%      ;
;     Processors 2-8         ; < 0.1%      ;
;     Processors 9-12        ;   0.0%      ;
+----------------------------+-------------+


+------------------------------------------------------------------------------------------------------------------------------------------------------------------------------------------------------------------------------------------+
; Analysis & Synthesis Source Files Read                                                                                                                                                                                                   ;
+--------------------------------------------------------+-----------------+------------------------------+-------------------------------------------------------------------------------------------------------------------+------------+
; File Name with User-Entered Path                       ; Used in Netlist ; File Type                    ; File Name with Absolute Path                                                                                      ; Library    ;
+--------------------------------------------------------+-----------------+------------------------------+-------------------------------------------------------------------------------------------------------------------+------------+
; ../main_modules/Stager.sv                              ; yes             ; User SystemVerilog HDL File  ; C:/Users/tho13/Desktop/DCLAB_2026_team05/Final/src/main_modules/Stager.sv                                         ;            ;
; ../main_modules/Param_Manager.sv                       ; yes             ; User SystemVerilog HDL File  ; C:/Users/tho13/Desktop/DCLAB_2026_team05/Final/src/main_modules/Param_Manager.sv                                  ;            ;
; ../blocks/tanh.sv                                      ; yes             ; User SystemVerilog HDL File  ; C:/Users/tho13/Desktop/DCLAB_2026_team05/Final/src/blocks/tanh.sv                                                 ;            ;
; ../blocks/fuzz_pipeline.sv                             ; yes             ; User SystemVerilog HDL File  ; C:/Users/tho13/Desktop/DCLAB_2026_team05/Final/src/blocks/fuzz_pipeline.sv                                        ;            ;
; ../blocks/distortion_no_recip.sv                       ; yes             ; User SystemVerilog HDL File  ; C:/Users/tho13/Desktop/DCLAB_2026_team05/Final/src/blocks/distortion_no_recip.sv                                  ;            ;
; ../blocks/Auto_Wah.sv                                  ; yes             ; User SystemVerilog HDL File  ; C:/Users/tho13/Desktop/DCLAB_2026_team05/Final/src/blocks/Auto_Wah.sv                                             ;            ;
; ../blocks/overdrive_no_recip.sv                        ; yes             ; User SystemVerilog HDL File  ; C:/Users/tho13/Desktop/DCLAB_2026_team05/Final/src/blocks/overdrive_no_recip.sv                                   ;            ;
; ../blocks/Chorus.sv                                    ; yes             ; User SystemVerilog HDL File  ; C:/Users/tho13/Desktop/DCLAB_2026_team05/Final/src/blocks/Chorus.sv                                               ;            ;
; ../blocks/Flanger.sv                                   ; yes             ; User SystemVerilog HDL File  ; C:/Users/tho13/Desktop/DCLAB_2026_team05/Final/src/blocks/Flanger.sv                                              ;            ;
; ../blocks/Schroeder_Allpass.sv                         ; yes             ; User SystemVerilog HDL File  ; C:/Users/tho13/Desktop/DCLAB_2026_team05/Final/src/blocks/Schroeder_Allpass.sv                                    ;            ;
; ../blocks/FDN_4ch.sv                                   ; yes             ; User SystemVerilog HDL File  ; C:/Users/tho13/Desktop/DCLAB_2026_team05/Final/src/blocks/FDN_4ch.sv                                              ;            ;
; ../blocks/Reverb.sv                                    ; yes             ; User SystemVerilog HDL File  ; C:/Users/tho13/Desktop/DCLAB_2026_team05/Final/src/blocks/Reverb.sv                                               ;            ;
; ../blocks/Noise_Gate.sv                                ; yes             ; User SystemVerilog HDL File  ; C:/Users/tho13/Desktop/DCLAB_2026_team05/Final/src/blocks/Noise_Gate.sv                                           ;            ;
; ../blocks/Delay_Effect.sv                              ; yes             ; User SystemVerilog HDL File  ; C:/Users/tho13/Desktop/DCLAB_2026_team05/Final/src/blocks/Delay_Effect.sv                                         ;            ;
; DE2_115.sv                                             ; yes             ; User SystemVerilog HDL File  ; C:/Users/tho13/Desktop/DCLAB_2026_team05/Final/src/DE2_115/DE2_115.sv                                             ;            ;
; ../Digital_EFX_Processer.sv                            ; yes             ; User SystemVerilog HDL File  ; C:/Users/tho13/Desktop/DCLAB_2026_team05/Final/src/Digital_EFX_Processer.sv                                       ;            ;
; ../main_modules/WM8731_init.sv                         ; yes             ; User SystemVerilog HDL File  ; C:/Users/tho13/Desktop/DCLAB_2026_team05/Final/src/main_modules/WM8731_init.sv                                    ;            ;
; ../main_modules/Recorder.sv                            ; yes             ; User SystemVerilog HDL File  ; C:/Users/tho13/Desktop/DCLAB_2026_team05/Final/src/main_modules/Recorder.sv                                       ;            ;
; ../main_modules/Player.sv                              ; yes             ; User SystemVerilog HDL File  ; C:/Users/tho13/Desktop/DCLAB_2026_team05/Final/src/main_modules/Player.sv                                         ;            ;
; ../main_modules/DSP.sv                                 ; yes             ; User SystemVerilog HDL File  ; C:/Users/tho13/Desktop/DCLAB_2026_team05/Final/src/main_modules/DSP.sv                                            ;            ;
; ../main_modules/Buffer.sv                              ; yes             ; User SystemVerilog HDL File  ; C:/Users/tho13/Desktop/DCLAB_2026_team05/Final/src/main_modules/Buffer.sv                                         ;            ;
; final/synthesis/final_qsys.v                           ; yes             ; User Verilog HDL File        ; C:/Users/tho13/Desktop/DCLAB_2026_team05/Final/src/DE2_115/final/synthesis/final_qsys.v                           ; final_qsys ;
; final/synthesis/submodules/altera_reset_controller.v   ; yes             ; User Verilog HDL File        ; C:/Users/tho13/Desktop/DCLAB_2026_team05/Final/src/DE2_115/final/synthesis/submodules/altera_reset_controller.v   ; final_qsys ;
; final/synthesis/submodules/altera_reset_synchronizer.v ; yes             ; User Verilog HDL File        ; C:/Users/tho13/Desktop/DCLAB_2026_team05/Final/src/DE2_115/final/synthesis/submodules/altera_reset_synchronizer.v ; final_qsys ;
; final/synthesis/submodules/final_qsys_altpll_0.v       ; yes             ; User Verilog HDL File        ; C:/Users/tho13/Desktop/DCLAB_2026_team05/Final/src/DE2_115/final/synthesis/submodules/final_qsys_altpll_0.v       ; final_qsys ;
; SevenHexDecoder.sv                                     ; yes             ; User SystemVerilog HDL File  ; C:/Users/tho13/Desktop/DCLAB_2026_team05/Final/src/DE2_115/SevenHexDecoder.sv                                     ;            ;
; Debounce.sv                                            ; yes             ; User SystemVerilog HDL File  ; C:/Users/tho13/Desktop/DCLAB_2026_team05/Final/src/DE2_115/Debounce.sv                                            ;            ;
; ../blocks/DSP_lib.sv                                   ; yes             ; User SystemVerilog HDL File  ; C:/Users/tho13/Desktop/DCLAB_2026_team05/Final/src/blocks/DSP_lib.sv                                              ;            ;
; altsyncram.tdf                                         ; yes             ; Megafunction                 ; c:/altera/15.0/quartus/libraries/megafunctions/altsyncram.tdf                                                     ;            ;
; stratix_ram_block.inc                                  ; yes             ; Megafunction                 ; c:/altera/15.0/quartus/libraries/megafunctions/stratix_ram_block.inc                                              ;            ;
; lpm_mux.inc                                            ; yes             ; Megafunction                 ; c:/altera/15.0/quartus/libraries/megafunctions/lpm_mux.inc                                                        ;            ;
; lpm_decode.inc                                         ; yes             ; Megafunction                 ; c:/altera/15.0/quartus/libraries/megafunctions/lpm_decode.inc                                                     ;            ;
; aglobal150.inc                                         ; yes             ; Megafunction                 ; c:/altera/15.0/quartus/libraries/megafunctions/aglobal150.inc                                                     ;            ;
; a_rdenreg.inc                                          ; yes             ; Megafunction                 ; c:/altera/15.0/quartus/libraries/megafunctions/a_rdenreg.inc                                                      ;            ;
; altrom.inc                                             ; yes             ; Megafunction                 ; c:/altera/15.0/quartus/libraries/megafunctions/altrom.inc                                                         ;            ;
; altram.inc                                             ; yes             ; Megafunction                 ; c:/altera/15.0/quartus/libraries/megafunctions/altram.inc                                                         ;            ;
; altdpram.inc                                           ; yes             ; Megafunction                 ; c:/altera/15.0/quartus/libraries/megafunctions/altdpram.inc                                                       ;            ;
; db/altsyncram_rbi1.tdf                                 ; yes             ; Auto-Generated Megafunction  ; C:/Users/tho13/Desktop/DCLAB_2026_team05/Final/src/DE2_115/db/altsyncram_rbi1.tdf                                 ;            ;
; db/altsyncram_03e1.tdf                                 ; yes             ; Auto-Generated Megafunction  ; C:/Users/tho13/Desktop/DCLAB_2026_team05/Final/src/DE2_115/db/altsyncram_03e1.tdf                                 ;            ;
; db/altsyncram_nli1.tdf                                 ; yes             ; Auto-Generated Megafunction  ; C:/Users/tho13/Desktop/DCLAB_2026_team05/Final/src/DE2_115/db/altsyncram_nli1.tdf                                 ;            ;
; db/altsyncram_tki1.tdf                                 ; yes             ; Auto-Generated Megafunction  ; C:/Users/tho13/Desktop/DCLAB_2026_team05/Final/src/DE2_115/db/altsyncram_tki1.tdf                                 ;            ;
; db/altsyncram_pki1.tdf                                 ; yes             ; Auto-Generated Megafunction  ; C:/Users/tho13/Desktop/DCLAB_2026_team05/Final/src/DE2_115/db/altsyncram_pki1.tdf                                 ;            ;
; db/altsyncram_1li1.tdf                                 ; yes             ; Auto-Generated Megafunction  ; C:/Users/tho13/Desktop/DCLAB_2026_team05/Final/src/DE2_115/db/altsyncram_1li1.tdf                                 ;            ;
; db/altsyncram_n5j1.tdf                                 ; yes             ; Auto-Generated Megafunction  ; C:/Users/tho13/Desktop/DCLAB_2026_team05/Final/src/DE2_115/db/altsyncram_n5j1.tdf                                 ;            ;
; db/decode_rsa.tdf                                      ; yes             ; Auto-Generated Megafunction  ; C:/Users/tho13/Desktop/DCLAB_2026_team05/Final/src/DE2_115/db/decode_rsa.tdf                                      ;            ;
; db/mux_oob.tdf                                         ; yes             ; Auto-Generated Megafunction  ; C:/Users/tho13/Desktop/DCLAB_2026_team05/Final/src/DE2_115/db/mux_oob.tdf                                         ;            ;
; db/altsyncram_42e1.tdf                                 ; yes             ; Auto-Generated Megafunction  ; C:/Users/tho13/Desktop/DCLAB_2026_team05/Final/src/DE2_115/db/altsyncram_42e1.tdf                                 ;            ;
; db/altsyncram_dli1.tdf                                 ; yes             ; Auto-Generated Megafunction  ; C:/Users/tho13/Desktop/DCLAB_2026_team05/Final/src/DE2_115/db/altsyncram_dli1.tdf                                 ;            ;
; lpm_divide.tdf                                         ; yes             ; Megafunction                 ; c:/altera/15.0/quartus/libraries/megafunctions/lpm_divide.tdf                                                     ;            ;
; abs_divider.inc                                        ; yes             ; Megafunction                 ; c:/altera/15.0/quartus/libraries/megafunctions/abs_divider.inc                                                    ;            ;
; sign_div_unsign.inc                                    ; yes             ; Megafunction                 ; c:/altera/15.0/quartus/libraries/megafunctions/sign_div_unsign.inc                                                ;            ;
; db/lpm_divide_i9m.tdf                                  ; yes             ; Auto-Generated Megafunction  ; C:/Users/tho13/Desktop/DCLAB_2026_team05/Final/src/DE2_115/db/lpm_divide_i9m.tdf                                  ;            ;
; db/sign_div_unsign_7kh.tdf                             ; yes             ; Auto-Generated Megafunction  ; C:/Users/tho13/Desktop/DCLAB_2026_team05/Final/src/DE2_115/db/sign_div_unsign_7kh.tdf                             ;            ;
; db/alt_u_div_24f.tdf                                   ; yes             ; Auto-Generated Megafunction  ; C:/Users/tho13/Desktop/DCLAB_2026_team05/Final/src/DE2_115/db/alt_u_div_24f.tdf                                   ;            ;
; db/add_sub_7pc.tdf                                     ; yes             ; Auto-Generated Megafunction  ; C:/Users/tho13/Desktop/DCLAB_2026_team05/Final/src/DE2_115/db/add_sub_7pc.tdf                                     ;            ;
; db/add_sub_8pc.tdf                                     ; yes             ; Auto-Generated Megafunction  ; C:/Users/tho13/Desktop/DCLAB_2026_team05/Final/src/DE2_115/db/add_sub_8pc.tdf                                     ;            ;
; lpm_mult.tdf                                           ; yes             ; Megafunction                 ; c:/altera/15.0/quartus/libraries/megafunctions/lpm_mult.tdf                                                       ;            ;
; lpm_add_sub.inc                                        ; yes             ; Megafunction                 ; c:/altera/15.0/quartus/libraries/megafunctions/lpm_add_sub.inc                                                    ;            ;
; multcore.inc                                           ; yes             ; Megafunction                 ; c:/altera/15.0/quartus/libraries/megafunctions/multcore.inc                                                       ;            ;
; bypassff.inc                                           ; yes             ; Megafunction                 ; c:/altera/15.0/quartus/libraries/megafunctions/bypassff.inc                                                       ;            ;
; altshift.inc                                           ; yes             ; Megafunction                 ; c:/altera/15.0/quartus/libraries/megafunctions/altshift.inc                                                       ;            ;
; db/mult_e6t.tdf                                        ; yes             ; Auto-Generated Megafunction  ; C:/Users/tho13/Desktop/DCLAB_2026_team05/Final/src/DE2_115/db/mult_e6t.tdf                                        ;            ;
; db/mult_86t.tdf                                        ; yes             ; Auto-Generated Megafunction  ; C:/Users/tho13/Desktop/DCLAB_2026_team05/Final/src/DE2_115/db/mult_86t.tdf                                        ;            ;
; db/mult_96t.tdf                                        ; yes             ; Auto-Generated Megafunction  ; C:/Users/tho13/Desktop/DCLAB_2026_team05/Final/src/DE2_115/db/mult_96t.tdf                                        ;            ;
; db/mult_m4t.tdf                                        ; yes             ; Auto-Generated Megafunction  ; C:/Users/tho13/Desktop/DCLAB_2026_team05/Final/src/DE2_115/db/mult_m4t.tdf                                        ;            ;
; db/mult_o4t.tdf                                        ; yes             ; Auto-Generated Megafunction  ; C:/Users/tho13/Desktop/DCLAB_2026_team05/Final/src/DE2_115/db/mult_o4t.tdf                                        ;            ;
; db/mult_p4t.tdf                                        ; yes             ; Auto-Generated Megafunction  ; C:/Users/tho13/Desktop/DCLAB_2026_team05/Final/src/DE2_115/db/mult_p4t.tdf                                        ;            ;
; db/mult_j4t.tdf                                        ; yes             ; Auto-Generated Megafunction  ; C:/Users/tho13/Desktop/DCLAB_2026_team05/Final/src/DE2_115/db/mult_j4t.tdf                                        ;            ;
; db/mult_h4t.tdf                                        ; yes             ; Auto-Generated Megafunction  ; C:/Users/tho13/Desktop/DCLAB_2026_team05/Final/src/DE2_115/db/mult_h4t.tdf                                        ;            ;
; db/mult_adt.tdf                                        ; yes             ; Auto-Generated Megafunction  ; C:/Users/tho13/Desktop/DCLAB_2026_team05/Final/src/DE2_115/db/mult_adt.tdf                                        ;            ;
; db/mult_66t.tdf                                        ; yes             ; Auto-Generated Megafunction  ; C:/Users/tho13/Desktop/DCLAB_2026_team05/Final/src/DE2_115/db/mult_66t.tdf                                        ;            ;
; db/mult_ubt.tdf                                        ; yes             ; Auto-Generated Megafunction  ; C:/Users/tho13/Desktop/DCLAB_2026_team05/Final/src/DE2_115/db/mult_ubt.tdf                                        ;            ;
; db/mult_b6t.tdf                                        ; yes             ; Auto-Generated Megafunction  ; C:/Users/tho13/Desktop/DCLAB_2026_team05/Final/src/DE2_115/db/mult_b6t.tdf                                        ;            ;
+--------------------------------------------------------+-----------------+------------------------------+-------------------------------------------------------------------------------------------------------------------+------------+


+-------------------------------------------------------------------------------------------------------------------------------------------------+
; Analysis & Synthesis Resource Usage Summary                                                                                                     ;
+---------------------------------------------+---------------------------------------------------------------------------------------------------+
; Resource                                    ; Usage                                                                                             ;
+---------------------------------------------+---------------------------------------------------------------------------------------------------+
; Estimated Total logic elements              ; 5,588                                                                                             ;
;                                             ;                                                                                                   ;
; Total combinational functions               ; 4876                                                                                              ;
; Logic element usage by number of LUT inputs ;                                                                                                   ;
;     -- 4 input functions                    ; 1713                                                                                              ;
;     -- 3 input functions                    ; 1796                                                                                              ;
;     -- <=2 input functions                  ; 1367                                                                                              ;
;                                             ;                                                                                                   ;
; Logic elements by mode                      ;                                                                                                   ;
;     -- normal mode                          ; 2972                                                                                              ;
;     -- arithmetic mode                      ; 1904                                                                                              ;
;                                             ;                                                                                                   ;
; Total registers                             ; 1937                                                                                              ;
;     -- Dedicated logic registers            ; 1937                                                                                              ;
;     -- I/O registers                        ; 0                                                                                                 ;
;                                             ;                                                                                                   ;
; I/O pins                                    ; 480                                                                                               ;
; Total memory bits                           ; 1409136                                                                                           ;
;                                             ;                                                                                                   ;
; Embedded Multiplier 9-bit elements          ; 76                                                                                                ;
;                                             ;                                                                                                   ;
; Total PLLs                                  ; 1                                                                                                 ;
;     -- PLLs                                 ; 1                                                                                                 ;
;                                             ;                                                                                                   ;
; Maximum fan-out node                        ; final_qsys:pll0|final_qsys_altpll_0:altpll_0|final_qsys_altpll_0_altpll_kpa2:sd1|wire_pll7_clk[0] ;
; Maximum fan-out                             ; 2261                                                                                              ;
; Total fan-out                               ; 32345                                                                                             ;
; Average fan-out                             ; 3.86                                                                                              ;
+---------------------------------------------+---------------------------------------------------------------------------------------------------+


+------------------------------------------------------------------------------------------------------------------------------------------------------------------------------------------------------------------------------------------------------------------------------------------------------------------+
; Analysis & Synthesis Resource Utilization by Entity                                                                                                                                                                                                                                                              ;
+----------------------------------------------------+-------------------+--------------+-------------+--------------+---------+-----------+------+--------------+----------------------------------------------------------------------------------------------------------------------------------+--------------+
; Compilation Hierarchy Node                         ; LC Combinationals ; LC Registers ; Memory Bits ; DSP Elements ; DSP 9x9 ; DSP 18x18 ; Pins ; Virtual Pins ; Full Hierarchy Name                                                                                                              ; Library Name ;
+----------------------------------------------------+-------------------+--------------+-------------+--------------+---------+-----------+------+--------------+----------------------------------------------------------------------------------------------------------------------------------+--------------+
; |DE2_115                                           ; 4876 (3)          ; 1937 (0)     ; 1409136     ; 76           ; 2       ; 37        ; 480  ; 0            ; |DE2_115                                                                                                                         ; work         ;
;    |Debounce:deb0|                                 ; 6 (6)             ; 5 (5)        ; 0           ; 0            ; 0       ; 0         ; 0    ; 0            ; |DE2_115|Debounce:deb0                                                                                                           ; work         ;
;    |SevenHexDecoder:seven_dec0|                    ; 7 (7)             ; 0 (0)        ; 0           ; 0            ; 0       ; 0         ; 0    ; 0            ; |DE2_115|SevenHexDecoder:seven_dec0                                                                                              ; work         ;
;    |SevenHexDecoder:seven_dec4|                    ; 7 (7)             ; 0 (0)        ; 0           ; 0            ; 0       ; 0         ; 0    ; 0            ; |DE2_115|SevenHexDecoder:seven_dec4                                                                                              ; work         ;
;    |SevenHexDecoder:seven_dec6|                    ; 7 (7)             ; 0 (0)        ; 0           ; 0            ; 0       ; 0         ; 0    ; 0            ; |DE2_115|SevenHexDecoder:seven_dec6                                                                                              ; work         ;
;    |Top:top0|                                      ; 4825 (47)         ; 1932 (1)     ; 1409136     ; 76           ; 2       ; 37        ; 0    ; 0            ; |DE2_115|Top:top0                                                                                                                ; work         ;
;       |Buffer:buffer|                              ; 174 (174)         ; 170 (170)    ; 512         ; 0            ; 0       ; 0         ; 0    ; 0            ; |DE2_115|Top:top0|Buffer:buffer                                                                                                  ; work         ;
;          |altsyncram:buf_data_l_rtl_0|             ; 0 (0)             ; 0 (0)        ; 256         ; 0            ; 0       ; 0         ; 0    ; 0            ; |DE2_115|Top:top0|Buffer:buffer|altsyncram:buf_data_l_rtl_0                                                                      ; work         ;
;             |altsyncram_rbi1:auto_generated|       ; 0 (0)             ; 0 (0)        ; 256         ; 0            ; 0       ; 0         ; 0    ; 0            ; |DE2_115|Top:top0|Buffer:buffer|altsyncram:buf_data_l_rtl_0|altsyncram_rbi1:auto_generated                                       ; work         ;
;          |altsyncram:buf_data_r_rtl_0|             ; 0 (0)             ; 0 (0)        ; 256         ; 0            ; 0       ; 0         ; 0    ; 0            ; |DE2_115|Top:top0|Buffer:buffer|altsyncram:buf_data_r_rtl_0                                                                      ; work         ;
;             |altsyncram_rbi1:auto_generated|       ; 0 (0)             ; 0 (0)        ; 256         ; 0            ; 0       ; 0         ; 0    ; 0            ; |DE2_115|Top:top0|Buffer:buffer|altsyncram:buf_data_r_rtl_0|altsyncram_rbi1:auto_generated                                       ; work         ;
;       |DSP:dsp|                                    ; 4474 (12)         ; 1686 (16)    ; 1408624     ; 76           ; 2       ; 37        ; 0    ; 0            ; |DE2_115|Top:top0|DSP:dsp                                                                                                        ; work         ;
;          |Auto_Wah:Auto_Wah|                       ; 303 (303)         ; 93 (93)      ; 32768       ; 8            ; 0       ; 4         ; 0    ; 0            ; |DE2_115|Top:top0|DSP:dsp|Auto_Wah:Auto_Wah                                                                                      ; work         ;
;             |altsyncram:data_buffer_rtl_0|         ; 0 (0)             ; 0 (0)        ; 16384       ; 0            ; 0       ; 0         ; 0    ; 0            ; |DE2_115|Top:top0|DSP:dsp|Auto_Wah:Auto_Wah|altsyncram:data_buffer_rtl_0                                                         ; work         ;
;                |altsyncram_42e1:auto_generated|    ; 0 (0)             ; 0 (0)        ; 16384       ; 0            ; 0       ; 0         ; 0    ; 0            ; |DE2_115|Top:top0|DSP:dsp|Auto_Wah:Auto_Wah|altsyncram:data_buffer_rtl_0|altsyncram_42e1:auto_generated                          ; work         ;
;             |altsyncram:data_buffer_rtl_1|         ; 0 (0)             ; 0 (0)        ; 16384       ; 0            ; 0       ; 0         ; 0    ; 0            ; |DE2_115|Top:top0|DSP:dsp|Auto_Wah:Auto_Wah|altsyncram:data_buffer_rtl_1                                                         ; work         ;
;                |altsyncram_42e1:auto_generated|    ; 0 (0)             ; 0 (0)        ; 16384       ; 0            ; 0       ; 0         ; 0    ; 0            ; |DE2_115|Top:top0|DSP:dsp|Auto_Wah:Auto_Wah|altsyncram:data_buffer_rtl_1|altsyncram_42e1:auto_generated                          ; work         ;
;             |lpm_mult:Mult1|                       ; 0 (0)             ; 0 (0)        ; 0           ; 2            ; 0       ; 1         ; 0    ; 0            ; |DE2_115|Top:top0|DSP:dsp|Auto_Wah:Auto_Wah|lpm_mult:Mult1                                                                       ; work         ;
;                |mult_86t:auto_generated|           ; 0 (0)             ; 0 (0)        ; 0           ; 2            ; 0       ; 1         ; 0    ; 0            ; |DE2_115|Top:top0|DSP:dsp|Auto_Wah:Auto_Wah|lpm_mult:Mult1|mult_86t:auto_generated                                               ; work         ;
;             |lpm_mult:Mult2|                       ; 0 (0)             ; 0 (0)        ; 0           ; 2            ; 0       ; 1         ; 0    ; 0            ; |DE2_115|Top:top0|DSP:dsp|Auto_Wah:Auto_Wah|lpm_mult:Mult2                                                                       ; work         ;
;                |mult_b6t:auto_generated|           ; 0 (0)             ; 0 (0)        ; 0           ; 2            ; 0       ; 1         ; 0    ; 0            ; |DE2_115|Top:top0|DSP:dsp|Auto_Wah:Auto_Wah|lpm_mult:Mult2|mult_b6t:auto_generated                                               ; work         ;
;             |lpm_mult:Mult4|                       ; 0 (0)             ; 0 (0)        ; 0           ; 2            ; 0       ; 1         ; 0    ; 0            ; |DE2_115|Top:top0|DSP:dsp|Auto_Wah:Auto_Wah|lpm_mult:Mult4                                                                       ; work         ;
;                |mult_m4t:auto_generated|           ; 0 (0)             ; 0 (0)        ; 0           ; 2            ; 0       ; 1         ; 0    ; 0            ; |DE2_115|Top:top0|DSP:dsp|Auto_Wah:Auto_Wah|lpm_mult:Mult4|mult_m4t:auto_generated                                               ; work         ;
;             |lpm_mult:Mult5|                       ; 0 (0)             ; 0 (0)        ; 0           ; 2            ; 0       ; 1         ; 0    ; 0            ; |DE2_115|Top:top0|DSP:dsp|Auto_Wah:Auto_Wah|lpm_mult:Mult5                                                                       ; work         ;
;                |mult_m4t:auto_generated|           ; 0 (0)             ; 0 (0)        ; 0           ; 2            ; 0       ; 1         ; 0    ; 0            ; |DE2_115|Top:top0|DSP:dsp|Auto_Wah:Auto_Wah|lpm_mult:Mult5|mult_m4t:auto_generated                                               ; work         ;
;          |Chorus:Chorus|                           ; 552 (254)         ; 98 (98)      ; 131072      ; 11           ; 1       ; 5         ; 0    ; 0            ; |DE2_115|Top:top0|DSP:dsp|Chorus:Chorus                                                                                          ; work         ;
;             |altsyncram:data_buffer_rtl_0|         ; 0 (0)             ; 0 (0)        ; 65536       ; 0            ; 0       ; 0         ; 0    ; 0            ; |DE2_115|Top:top0|DSP:dsp|Chorus:Chorus|altsyncram:data_buffer_rtl_0                                                             ; work         ;
;                |altsyncram_03e1:auto_generated|    ; 0 (0)             ; 0 (0)        ; 65536       ; 0            ; 0       ; 0         ; 0    ; 0            ; |DE2_115|Top:top0|DSP:dsp|Chorus:Chorus|altsyncram:data_buffer_rtl_0|altsyncram_03e1:auto_generated                              ; work         ;
;             |altsyncram:data_buffer_rtl_1|         ; 0 (0)             ; 0 (0)        ; 65536       ; 0            ; 0       ; 0         ; 0    ; 0            ; |DE2_115|Top:top0|DSP:dsp|Chorus:Chorus|altsyncram:data_buffer_rtl_1                                                             ; work         ;
;                |altsyncram_03e1:auto_generated|    ; 0 (0)             ; 0 (0)        ; 65536       ; 0            ; 0       ; 0         ; 0    ; 0            ; |DE2_115|Top:top0|DSP:dsp|Chorus:Chorus|altsyncram:data_buffer_rtl_1|altsyncram_03e1:auto_generated                              ; work         ;
;             |cosine:cosine_0|                      ; 298 (289)         ; 0 (0)        ; 0           ; 3            ; 1       ; 1         ; 0    ; 0            ; |DE2_115|Top:top0|DSP:dsp|Chorus:Chorus|cosine:cosine_0                                                                          ; work         ;
;                |lpm_mult:Mult0|                    ; 9 (0)             ; 0 (0)        ; 0           ; 3            ; 1       ; 1         ; 0    ; 0            ; |DE2_115|Top:top0|DSP:dsp|Chorus:Chorus|cosine:cosine_0|lpm_mult:Mult0                                                           ; work         ;
;                   |mult_ubt:auto_generated|        ; 9 (9)             ; 0 (0)        ; 0           ; 3            ; 1       ; 1         ; 0    ; 0            ; |DE2_115|Top:top0|DSP:dsp|Chorus:Chorus|cosine:cosine_0|lpm_mult:Mult0|mult_ubt:auto_generated                                   ; work         ;
;             |lpm_mult:Mult1|                       ; 0 (0)             ; 0 (0)        ; 0           ; 2            ; 0       ; 1         ; 0    ; 0            ; |DE2_115|Top:top0|DSP:dsp|Chorus:Chorus|lpm_mult:Mult1                                                                           ; work         ;
;                |mult_86t:auto_generated|           ; 0 (0)             ; 0 (0)        ; 0           ; 2            ; 0       ; 1         ; 0    ; 0            ; |DE2_115|Top:top0|DSP:dsp|Chorus:Chorus|lpm_mult:Mult1|mult_86t:auto_generated                                                   ; work         ;
;             |lpm_mult:Mult2|                       ; 0 (0)             ; 0 (0)        ; 0           ; 2            ; 0       ; 1         ; 0    ; 0            ; |DE2_115|Top:top0|DSP:dsp|Chorus:Chorus|lpm_mult:Mult2                                                                           ; work         ;
;                |mult_b6t:auto_generated|           ; 0 (0)             ; 0 (0)        ; 0           ; 2            ; 0       ; 1         ; 0    ; 0            ; |DE2_115|Top:top0|DSP:dsp|Chorus:Chorus|lpm_mult:Mult2|mult_b6t:auto_generated                                                   ; work         ;
;             |lpm_mult:Mult3|                       ; 0 (0)             ; 0 (0)        ; 0           ; 2            ; 0       ; 1         ; 0    ; 0            ; |DE2_115|Top:top0|DSP:dsp|Chorus:Chorus|lpm_mult:Mult3                                                                           ; work         ;
;                |mult_m4t:auto_generated|           ; 0 (0)             ; 0 (0)        ; 0           ; 2            ; 0       ; 1         ; 0    ; 0            ; |DE2_115|Top:top0|DSP:dsp|Chorus:Chorus|lpm_mult:Mult3|mult_m4t:auto_generated                                                   ; work         ;
;             |lpm_mult:Mult4|                       ; 0 (0)             ; 0 (0)        ; 0           ; 2            ; 0       ; 1         ; 0    ; 0            ; |DE2_115|Top:top0|DSP:dsp|Chorus:Chorus|lpm_mult:Mult4                                                                           ; work         ;
;                |mult_m4t:auto_generated|           ; 0 (0)             ; 0 (0)        ; 0           ; 2            ; 0       ; 1         ; 0    ; 0            ; |DE2_115|Top:top0|DSP:dsp|Chorus:Chorus|lpm_mult:Mult4|mult_m4t:auto_generated                                                   ; work         ;
;          |Data_Catcher:raw_data_catcher|           ; 1 (1)             ; 18 (18)      ; 0           ; 0            ; 0       ; 0         ; 0    ; 0            ; |DE2_115|Top:top0|DSP:dsp|Data_Catcher:raw_data_catcher                                                                          ; work         ;
;          |Delay_Effect:Delay_Effect|               ; 193 (186)         ; 86 (83)      ; 917504      ; 0            ; 0       ; 0         ; 0    ; 0            ; |DE2_115|Top:top0|DSP:dsp|Delay_Effect:Delay_Effect                                                                              ; work         ;
;             |altsyncram:delay_ram_rtl_0|           ; 7 (0)             ; 3 (0)        ; 917504      ; 0            ; 0       ; 0         ; 0    ; 0            ; |DE2_115|Top:top0|DSP:dsp|Delay_Effect:Delay_Effect|altsyncram:delay_ram_rtl_0                                                   ; work         ;
;                |altsyncram_n5j1:auto_generated|    ; 7 (0)             ; 3 (3)        ; 917504      ; 0            ; 0       ; 0         ; 0    ; 0            ; |DE2_115|Top:top0|DSP:dsp|Delay_Effect:Delay_Effect|altsyncram:delay_ram_rtl_0|altsyncram_n5j1:auto_generated                    ; work         ;
;                   |decode_rsa:decode2|             ; 7 (7)             ; 0 (0)        ; 0           ; 0            ; 0       ; 0         ; 0    ; 0            ; |DE2_115|Top:top0|DSP:dsp|Delay_Effect:Delay_Effect|altsyncram:delay_ram_rtl_0|altsyncram_n5j1:auto_generated|decode_rsa:decode2 ; work         ;
;          |Flanger:Flanger|                         ; 583 (285)         ; 96 (96)      ; 32768       ; 11           ; 1       ; 5         ; 0    ; 0            ; |DE2_115|Top:top0|DSP:dsp|Flanger:Flanger                                                                                        ; work         ;
;             |altsyncram:data_buffer_rtl_0|         ; 0 (0)             ; 0 (0)        ; 16384       ; 0            ; 0       ; 0         ; 0    ; 0            ; |DE2_115|Top:top0|DSP:dsp|Flanger:Flanger|altsyncram:data_buffer_rtl_0                                                           ; work         ;
;                |altsyncram_42e1:auto_generated|    ; 0 (0)             ; 0 (0)        ; 16384       ; 0            ; 0       ; 0         ; 0    ; 0            ; |DE2_115|Top:top0|DSP:dsp|Flanger:Flanger|altsyncram:data_buffer_rtl_0|altsyncram_42e1:auto_generated                            ; work         ;
;             |altsyncram:data_buffer_rtl_1|         ; 0 (0)             ; 0 (0)        ; 16384       ; 0            ; 0       ; 0         ; 0    ; 0            ; |DE2_115|Top:top0|DSP:dsp|Flanger:Flanger|altsyncram:data_buffer_rtl_1                                                           ; work         ;
;                |altsyncram_42e1:auto_generated|    ; 0 (0)             ; 0 (0)        ; 16384       ; 0            ; 0       ; 0         ; 0    ; 0            ; |DE2_115|Top:top0|DSP:dsp|Flanger:Flanger|altsyncram:data_buffer_rtl_1|altsyncram_42e1:auto_generated                            ; work         ;
;             |cosine:cosine_0|                      ; 298 (289)         ; 0 (0)        ; 0           ; 3            ; 1       ; 1         ; 0    ; 0            ; |DE2_115|Top:top0|DSP:dsp|Flanger:Flanger|cosine:cosine_0                                                                        ; work         ;
;                |lpm_mult:Mult0|                    ; 9 (0)             ; 0 (0)        ; 0           ; 3            ; 1       ; 1         ; 0    ; 0            ; |DE2_115|Top:top0|DSP:dsp|Flanger:Flanger|cosine:cosine_0|lpm_mult:Mult0                                                         ; work         ;
;                   |mult_ubt:auto_generated|        ; 9 (9)             ; 0 (0)        ; 0           ; 3            ; 1       ; 1         ; 0    ; 0            ; |DE2_115|Top:top0|DSP:dsp|Flanger:Flanger|cosine:cosine_0|lpm_mult:Mult0|mult_ubt:auto_generated                                 ; work         ;
;             |lpm_mult:Mult1|                       ; 0 (0)             ; 0 (0)        ; 0           ; 2            ; 0       ; 1         ; 0    ; 0            ; |DE2_115|Top:top0|DSP:dsp|Flanger:Flanger|lpm_mult:Mult1                                                                         ; work         ;
;                |mult_86t:auto_generated|           ; 0 (0)             ; 0 (0)        ; 0           ; 2            ; 0       ; 1         ; 0    ; 0            ; |DE2_115|Top:top0|DSP:dsp|Flanger:Flanger|lpm_mult:Mult1|mult_86t:auto_generated                                                 ; work         ;
;             |lpm_mult:Mult2|                       ; 0 (0)             ; 0 (0)        ; 0           ; 2            ; 0       ; 1         ; 0    ; 0            ; |DE2_115|Top:top0|DSP:dsp|Flanger:Flanger|lpm_mult:Mult2                                                                         ; work         ;
;                |mult_b6t:auto_generated|           ; 0 (0)             ; 0 (0)        ; 0           ; 2            ; 0       ; 1         ; 0    ; 0            ; |DE2_115|Top:top0|DSP:dsp|Flanger:Flanger|lpm_mult:Mult2|mult_b6t:auto_generated                                                 ; work         ;
;             |lpm_mult:Mult4|                       ; 0 (0)             ; 0 (0)        ; 0           ; 2            ; 0       ; 1         ; 0    ; 0            ; |DE2_115|Top:top0|DSP:dsp|Flanger:Flanger|lpm_mult:Mult4                                                                         ; work         ;
;                |mult_m4t:auto_generated|           ; 0 (0)             ; 0 (0)        ; 0           ; 2            ; 0       ; 1         ; 0    ; 0            ; |DE2_115|Top:top0|DSP:dsp|Flanger:Flanger|lpm_mult:Mult4|mult_m4t:auto_generated                                                 ; work         ;
;             |lpm_mult:Mult5|                       ; 0 (0)             ; 0 (0)        ; 0           ; 2            ; 0       ; 1         ; 0    ; 0            ; |DE2_115|Top:top0|DSP:dsp|Flanger:Flanger|lpm_mult:Mult5                                                                         ; work         ;
;                |mult_m4t:auto_generated|           ; 0 (0)             ; 0 (0)        ; 0           ; 2            ; 0       ; 1         ; 0    ; 0            ; |DE2_115|Top:top0|DSP:dsp|Flanger:Flanger|lpm_mult:Mult5|mult_m4t:auto_generated                                                 ; work         ;
;          |Noise_Gate:Noise_Gate|                   ; 126 (126)         ; 77 (77)      ; 0           ; 4            ; 0       ; 2         ; 0    ; 0            ; |DE2_115|Top:top0|DSP:dsp|Noise_Gate:Noise_Gate                                                                                  ; work         ;
;             |lpm_mult:Mult0|                       ; 0 (0)             ; 0 (0)        ; 0           ; 2            ; 0       ; 1         ; 0    ; 0            ; |DE2_115|Top:top0|DSP:dsp|Noise_Gate:Noise_Gate|lpm_mult:Mult0                                                                   ; work         ;
;                |mult_86t:auto_generated|           ; 0 (0)             ; 0 (0)        ; 0           ; 2            ; 0       ; 1         ; 0    ; 0            ; |DE2_115|Top:top0|DSP:dsp|Noise_Gate:Noise_Gate|lpm_mult:Mult0|mult_86t:auto_generated                                           ; work         ;
;             |lpm_mult:Mult1|                       ; 0 (0)             ; 0 (0)        ; 0           ; 2            ; 0       ; 1         ; 0    ; 0            ; |DE2_115|Top:top0|DSP:dsp|Noise_Gate:Noise_Gate|lpm_mult:Mult1                                                                   ; work         ;
;                |mult_p4t:auto_generated|           ; 0 (0)             ; 0 (0)        ; 0           ; 2            ; 0       ; 1         ; 0    ; 0            ; |DE2_115|Top:top0|DSP:dsp|Noise_Gate:Noise_Gate|lpm_mult:Mult1|mult_p4t:auto_generated                                           ; work         ;
;          |Overdrive:Overdrive|                     ; 334 (16)          ; 67 (67)      ; 0           ; 6            ; 0       ; 3         ; 0    ; 0            ; |DE2_115|Top:top0|DSP:dsp|Overdrive:Overdrive                                                                                    ; work         ;
;             |lpm_mult:Mult0|                       ; 0 (0)             ; 0 (0)        ; 0           ; 2            ; 0       ; 1         ; 0    ; 0            ; |DE2_115|Top:top0|DSP:dsp|Overdrive:Overdrive|lpm_mult:Mult0                                                                     ; work         ;
;                |mult_e6t:auto_generated|           ; 0 (0)             ; 0 (0)        ; 0           ; 2            ; 0       ; 1         ; 0    ; 0            ; |DE2_115|Top:top0|DSP:dsp|Overdrive:Overdrive|lpm_mult:Mult0|mult_e6t:auto_generated                                             ; work         ;
;             |tanh:u_tanh|                          ; 318 (318)         ; 0 (0)        ; 0           ; 4            ; 0       ; 2         ; 0    ; 0            ; |DE2_115|Top:top0|DSP:dsp|Overdrive:Overdrive|tanh:u_tanh                                                                        ; work         ;
;                |lpm_mult:Mult0|                    ; 0 (0)             ; 0 (0)        ; 0           ; 2            ; 0       ; 1         ; 0    ; 0            ; |DE2_115|Top:top0|DSP:dsp|Overdrive:Overdrive|tanh:u_tanh|lpm_mult:Mult0                                                         ; work         ;
;                   |mult_o4t:auto_generated|        ; 0 (0)             ; 0 (0)        ; 0           ; 2            ; 0       ; 1         ; 0    ; 0            ; |DE2_115|Top:top0|DSP:dsp|Overdrive:Overdrive|tanh:u_tanh|lpm_mult:Mult0|mult_o4t:auto_generated                                 ; work         ;
;                |lpm_mult:Mult1|                    ; 0 (0)             ; 0 (0)        ; 0           ; 2            ; 0       ; 1         ; 0    ; 0            ; |DE2_115|Top:top0|DSP:dsp|Overdrive:Overdrive|tanh:u_tanh|lpm_mult:Mult1                                                         ; work         ;
;                   |mult_66t:auto_generated|        ; 0 (0)             ; 0 (0)        ; 0           ; 2            ; 0       ; 1         ; 0    ; 0            ; |DE2_115|Top:top0|DSP:dsp|Overdrive:Overdrive|tanh:u_tanh|lpm_mult:Mult1|mult_66t:auto_generated                                 ; work         ;
;          |Param_Manager:Param_Manager|             ; 0 (0)             ; 4 (4)        ; 0           ; 0            ; 0       ; 0         ; 0    ; 0            ; |DE2_115|Top:top0|DSP:dsp|Param_Manager:Param_Manager                                                                            ; work         ;
;          |Reverb:Reverb|                           ; 1621 (35)         ; 996 (33)     ; 294512      ; 24           ; 0       ; 12        ; 0    ; 0            ; |DE2_115|Top:top0|DSP:dsp|Reverb:Reverb                                                                                          ; work         ;
;             |FDN_4ch:fdn|                          ; 740 (740)         ; 359 (359)    ; 125952      ; 0            ; 0       ; 0         ; 0    ; 0            ; |DE2_115|Top:top0|DSP:dsp|Reverb:Reverb|FDN_4ch:fdn                                                                              ; work         ;
;                |altsyncram:ch0_buffer_rtl_0|       ; 0 (0)             ; 0 (0)        ; 22768       ; 0            ; 0       ; 0         ; 0    ; 0            ; |DE2_115|Top:top0|DSP:dsp|Reverb:Reverb|FDN_4ch:fdn|altsyncram:ch0_buffer_rtl_0                                                  ; work         ;
;                   |altsyncram_tki1:auto_generated| ; 0 (0)             ; 0 (0)        ; 22768       ; 0            ; 0       ; 0         ; 0    ; 0            ; |DE2_115|Top:top0|DSP:dsp|Reverb:Reverb|FDN_4ch:fdn|altsyncram:ch0_buffer_rtl_0|altsyncram_tki1:auto_generated                   ; work         ;
;                |altsyncram:ch1_buffer_rtl_0|       ; 0 (0)             ; 0 (0)        ; 28592       ; 0            ; 0       ; 0         ; 0    ; 0            ; |DE2_115|Top:top0|DSP:dsp|Reverb:Reverb|FDN_4ch:fdn|altsyncram:ch1_buffer_rtl_0                                                  ; work         ;
;                   |altsyncram_nli1:auto_generated| ; 0 (0)             ; 0 (0)        ; 28592       ; 0            ; 0       ; 0         ; 0    ; 0            ; |DE2_115|Top:top0|DSP:dsp|Reverb:Reverb|FDN_4ch:fdn|altsyncram:ch1_buffer_rtl_0|altsyncram_nli1:auto_generated                   ; work         ;
;                |altsyncram:ch2_buffer_rtl_0|       ; 0 (0)             ; 0 (0)        ; 34096       ; 0            ; 0       ; 0         ; 0    ; 0            ; |DE2_115|Top:top0|DSP:dsp|Reverb:Reverb|FDN_4ch:fdn|altsyncram:ch2_buffer_rtl_0                                                  ; work         ;
;                   |altsyncram_pki1:auto_generated| ; 0 (0)             ; 0 (0)        ; 34096       ; 0            ; 0       ; 0         ; 0    ; 0            ; |DE2_115|Top:top0|DSP:dsp|Reverb:Reverb|FDN_4ch:fdn|altsyncram:ch2_buffer_rtl_0|altsyncram_pki1:auto_generated                   ; work         ;
;                |altsyncram:ch3_buffer_rtl_0|       ; 0 (0)             ; 0 (0)        ; 40496       ; 0            ; 0       ; 0         ; 0    ; 0            ; |DE2_115|Top:top0|DSP:dsp|Reverb:Reverb|FDN_4ch:fdn|altsyncram:ch3_buffer_rtl_0                                                  ; work         ;
;                   |altsyncram_1li1:auto_generated| ; 0 (0)             ; 0 (0)        ; 40496       ; 0            ; 0       ; 0         ; 0    ; 0            ; |DE2_115|Top:top0|DSP:dsp|Reverb:Reverb|FDN_4ch:fdn|altsyncram:ch3_buffer_rtl_0|altsyncram_1li1:auto_generated                   ; work         ;
;             |Schroeder_Allpass:allpass_0|          ; 171 (171)         ; 119 (119)    ; 22768       ; 4            ; 0       ; 2         ; 0    ; 0            ; |DE2_115|Top:top0|DSP:dsp|Reverb:Reverb|Schroeder_Allpass:allpass_0                                                              ; work         ;
;                |altsyncram:v_buffer_rtl_0|         ; 0 (0)             ; 0 (0)        ; 22768       ; 0            ; 0       ; 0         ; 0    ; 0            ; |DE2_115|Top:top0|DSP:dsp|Reverb:Reverb|Schroeder_Allpass:allpass_0|altsyncram:v_buffer_rtl_0                                    ; work         ;
;                   |altsyncram_tki1:auto_generated| ; 0 (0)             ; 0 (0)        ; 22768       ; 0            ; 0       ; 0         ; 0    ; 0            ; |DE2_115|Top:top0|DSP:dsp|Reverb:Reverb|Schroeder_Allpass:allpass_0|altsyncram:v_buffer_rtl_0|altsyncram_tki1:auto_generated     ; work         ;
;                |lpm_mult:Mult0|                    ; 0 (0)             ; 0 (0)        ; 0           ; 2            ; 0       ; 1         ; 0    ; 0            ; |DE2_115|Top:top0|DSP:dsp|Reverb:Reverb|Schroeder_Allpass:allpass_0|lpm_mult:Mult0                                               ; work         ;
;                   |mult_h4t:auto_generated|        ; 0 (0)             ; 0 (0)        ; 0           ; 2            ; 0       ; 1         ; 0    ; 0            ; |DE2_115|Top:top0|DSP:dsp|Reverb:Reverb|Schroeder_Allpass:allpass_0|lpm_mult:Mult0|mult_h4t:auto_generated                       ; work         ;
;                |lpm_mult:Mult1|                    ; 0 (0)             ; 0 (0)        ; 0           ; 2            ; 0       ; 1         ; 0    ; 0            ; |DE2_115|Top:top0|DSP:dsp|Reverb:Reverb|Schroeder_Allpass:allpass_0|lpm_mult:Mult1                                               ; work         ;
;                   |mult_h4t:auto_generated|        ; 0 (0)             ; 0 (0)        ; 0           ; 2            ; 0       ; 1         ; 0    ; 0            ; |DE2_115|Top:top0|DSP:dsp|Reverb:Reverb|Schroeder_Allpass:allpass_0|lpm_mult:Mult1|mult_h4t:auto_generated                       ; work         ;
;             |Schroeder_Allpass:allpass_1|          ; 171 (171)         ; 119 (119)    ; 28592       ; 4            ; 0       ; 2         ; 0    ; 0            ; |DE2_115|Top:top0|DSP:dsp|Reverb:Reverb|Schroeder_Allpass:allpass_1                                                              ; work         ;
;                |altsyncram:v_buffer_rtl_0|         ; 0 (0)             ; 0 (0)        ; 28592       ; 0            ; 0       ; 0         ; 0    ; 0            ; |DE2_115|Top:top0|DSP:dsp|Reverb:Reverb|Schroeder_Allpass:allpass_1|altsyncram:v_buffer_rtl_0                                    ; work         ;
;                   |altsyncram_nli1:auto_generated| ; 0 (0)             ; 0 (0)        ; 28592       ; 0            ; 0       ; 0         ; 0    ; 0            ; |DE2_115|Top:top0|DSP:dsp|Reverb:Reverb|Schroeder_Allpass:allpass_1|altsyncram:v_buffer_rtl_0|altsyncram_nli1:auto_generated     ; work         ;
;                |lpm_mult:Mult0|                    ; 0 (0)             ; 0 (0)        ; 0           ; 2            ; 0       ; 1         ; 0    ; 0            ; |DE2_115|Top:top0|DSP:dsp|Reverb:Reverb|Schroeder_Allpass:allpass_1|lpm_mult:Mult0                                               ; work         ;
;                   |mult_h4t:auto_generated|        ; 0 (0)             ; 0 (0)        ; 0           ; 2            ; 0       ; 1         ; 0    ; 0            ; |DE2_115|Top:top0|DSP:dsp|Reverb:Reverb|Schroeder_Allpass:allpass_1|lpm_mult:Mult0|mult_h4t:auto_generated                       ; work         ;
;                |lpm_mult:Mult1|                    ; 0 (0)             ; 0 (0)        ; 0           ; 2            ; 0       ; 1         ; 0    ; 0            ; |DE2_115|Top:top0|DSP:dsp|Reverb:Reverb|Schroeder_Allpass:allpass_1|lpm_mult:Mult1                                               ; work         ;
;                   |mult_h4t:auto_generated|        ; 0 (0)             ; 0 (0)        ; 0           ; 2            ; 0       ; 1         ; 0    ; 0            ; |DE2_115|Top:top0|DSP:dsp|Reverb:Reverb|Schroeder_Allpass:allpass_1|lpm_mult:Mult1|mult_h4t:auto_generated                       ; work         ;
;             |Schroeder_Allpass:allpass_2|          ; 166 (166)         ; 122 (122)    ; 34096       ; 4            ; 0       ; 2         ; 0    ; 0            ; |DE2_115|Top:top0|DSP:dsp|Reverb:Reverb|Schroeder_Allpass:allpass_2                                                              ; work         ;
;                |altsyncram:v_buffer_rtl_0|         ; 0 (0)             ; 0 (0)        ; 34096       ; 0            ; 0       ; 0         ; 0    ; 0            ; |DE2_115|Top:top0|DSP:dsp|Reverb:Reverb|Schroeder_Allpass:allpass_2|altsyncram:v_buffer_rtl_0                                    ; work         ;
;                   |altsyncram_pki1:auto_generated| ; 0 (0)             ; 0 (0)        ; 34096       ; 0            ; 0       ; 0         ; 0    ; 0            ; |DE2_115|Top:top0|DSP:dsp|Reverb:Reverb|Schroeder_Allpass:allpass_2|altsyncram:v_buffer_rtl_0|altsyncram_pki1:auto_generated     ; work         ;
;                |lpm_mult:Mult0|                    ; 0 (0)             ; 0 (0)        ; 0           ; 2            ; 0       ; 1         ; 0    ; 0            ; |DE2_115|Top:top0|DSP:dsp|Reverb:Reverb|Schroeder_Allpass:allpass_2|lpm_mult:Mult0                                               ; work         ;
;                   |mult_h4t:auto_generated|        ; 0 (0)             ; 0 (0)        ; 0           ; 2            ; 0       ; 1         ; 0    ; 0            ; |DE2_115|Top:top0|DSP:dsp|Reverb:Reverb|Schroeder_Allpass:allpass_2|lpm_mult:Mult0|mult_h4t:auto_generated                       ; work         ;
;                |lpm_mult:Mult1|                    ; 0 (0)             ; 0 (0)        ; 0           ; 2            ; 0       ; 1         ; 0    ; 0            ; |DE2_115|Top:top0|DSP:dsp|Reverb:Reverb|Schroeder_Allpass:allpass_2|lpm_mult:Mult1                                               ; work         ;
;                   |mult_h4t:auto_generated|        ; 0 (0)             ; 0 (0)        ; 0           ; 2            ; 0       ; 1         ; 0    ; 0            ; |DE2_115|Top:top0|DSP:dsp|Reverb:Reverb|Schroeder_Allpass:allpass_2|lpm_mult:Mult1|mult_h4t:auto_generated                       ; work         ;
;             |Schroeder_Allpass:allpass_3|          ; 169 (169)         ; 122 (122)    ; 40496       ; 4            ; 0       ; 2         ; 0    ; 0            ; |DE2_115|Top:top0|DSP:dsp|Reverb:Reverb|Schroeder_Allpass:allpass_3                                                              ; work         ;
;                |altsyncram:v_buffer_rtl_0|         ; 0 (0)             ; 0 (0)        ; 40496       ; 0            ; 0       ; 0         ; 0    ; 0            ; |DE2_115|Top:top0|DSP:dsp|Reverb:Reverb|Schroeder_Allpass:allpass_3|altsyncram:v_buffer_rtl_0                                    ; work         ;
;                   |altsyncram_1li1:auto_generated| ; 0 (0)             ; 0 (0)        ; 40496       ; 0            ; 0       ; 0         ; 0    ; 0            ; |DE2_115|Top:top0|DSP:dsp|Reverb:Reverb|Schroeder_Allpass:allpass_3|altsyncram:v_buffer_rtl_0|altsyncram_1li1:auto_generated     ; work         ;
;                |lpm_mult:Mult0|                    ; 0 (0)             ; 0 (0)        ; 0           ; 2            ; 0       ; 1         ; 0    ; 0            ; |DE2_115|Top:top0|DSP:dsp|Reverb:Reverb|Schroeder_Allpass:allpass_3|lpm_mult:Mult0                                               ; work         ;
;                   |mult_h4t:auto_generated|        ; 0 (0)             ; 0 (0)        ; 0           ; 2            ; 0       ; 1         ; 0    ; 0            ; |DE2_115|Top:top0|DSP:dsp|Reverb:Reverb|Schroeder_Allpass:allpass_3|lpm_mult:Mult0|mult_h4t:auto_generated                       ; work         ;
;                |lpm_mult:Mult1|                    ; 0 (0)             ; 0 (0)        ; 0           ; 2            ; 0       ; 1         ; 0    ; 0            ; |DE2_115|Top:top0|DSP:dsp|Reverb:Reverb|Schroeder_Allpass:allpass_3|lpm_mult:Mult1                                               ; work         ;
;                   |mult_h4t:auto_generated|        ; 0 (0)             ; 0 (0)        ; 0           ; 2            ; 0       ; 1         ; 0    ; 0            ; |DE2_115|Top:top0|DSP:dsp|Reverb:Reverb|Schroeder_Allpass:allpass_3|lpm_mult:Mult1|mult_h4t:auto_generated                       ; work         ;
;             |Schroeder_Allpass:allpass_4|          ; 169 (169)         ; 122 (122)    ; 42608       ; 4            ; 0       ; 2         ; 0    ; 0            ; |DE2_115|Top:top0|DSP:dsp|Reverb:Reverb|Schroeder_Allpass:allpass_4                                                              ; work         ;
;                |altsyncram:v_buffer_rtl_0|         ; 0 (0)             ; 0 (0)        ; 42608       ; 0            ; 0       ; 0         ; 0    ; 0            ; |DE2_115|Top:top0|DSP:dsp|Reverb:Reverb|Schroeder_Allpass:allpass_4|altsyncram:v_buffer_rtl_0                                    ; work         ;
;                   |altsyncram_dli1:auto_generated| ; 0 (0)             ; 0 (0)        ; 42608       ; 0            ; 0       ; 0         ; 0    ; 0            ; |DE2_115|Top:top0|DSP:dsp|Reverb:Reverb|Schroeder_Allpass:allpass_4|altsyncram:v_buffer_rtl_0|altsyncram_dli1:auto_generated     ; work         ;
;                |lpm_mult:Mult0|                    ; 0 (0)             ; 0 (0)        ; 0           ; 2            ; 0       ; 1         ; 0    ; 0            ; |DE2_115|Top:top0|DSP:dsp|Reverb:Reverb|Schroeder_Allpass:allpass_4|lpm_mult:Mult0                                               ; work         ;
;                   |mult_h4t:auto_generated|        ; 0 (0)             ; 0 (0)        ; 0           ; 2            ; 0       ; 1         ; 0    ; 0            ; |DE2_115|Top:top0|DSP:dsp|Reverb:Reverb|Schroeder_Allpass:allpass_4|lpm_mult:Mult0|mult_h4t:auto_generated                       ; work         ;
;                |lpm_mult:Mult1|                    ; 0 (0)             ; 0 (0)        ; 0           ; 2            ; 0       ; 1         ; 0    ; 0            ; |DE2_115|Top:top0|DSP:dsp|Reverb:Reverb|Schroeder_Allpass:allpass_4|lpm_mult:Mult1                                               ; work         ;
;                   |mult_h4t:auto_generated|        ; 0 (0)             ; 0 (0)        ; 0           ; 2            ; 0       ; 1         ; 0    ; 0            ; |DE2_115|Top:top0|DSP:dsp|Reverb:Reverb|Schroeder_Allpass:allpass_4|lpm_mult:Mult1|mult_h4t:auto_generated                       ; work         ;
;             |lpm_mult:Mult0|                       ; 0 (0)             ; 0 (0)        ; 0           ; 2            ; 0       ; 1         ; 0    ; 0            ; |DE2_115|Top:top0|DSP:dsp|Reverb:Reverb|lpm_mult:Mult0                                                                           ; work         ;
;                |mult_j4t:auto_generated|           ; 0 (0)             ; 0 (0)        ; 0           ; 2            ; 0       ; 1         ; 0    ; 0            ; |DE2_115|Top:top0|DSP:dsp|Reverb:Reverb|lpm_mult:Mult0|mult_j4t:auto_generated                                                   ; work         ;
;             |lpm_mult:Mult1|                       ; 0 (0)             ; 0 (0)        ; 0           ; 2            ; 0       ; 1         ; 0    ; 0            ; |DE2_115|Top:top0|DSP:dsp|Reverb:Reverb|lpm_mult:Mult1                                                                           ; work         ;
;                |mult_m4t:auto_generated|           ; 0 (0)             ; 0 (0)        ; 0           ; 2            ; 0       ; 1         ; 0    ; 0            ; |DE2_115|Top:top0|DSP:dsp|Reverb:Reverb|lpm_mult:Mult1|mult_m4t:auto_generated                                                   ; work         ;
;          |Stager:Stager|                           ; 230 (230)         ; 0 (0)        ; 0           ; 0            ; 0       ; 0         ; 0    ; 0            ; |DE2_115|Top:top0|DSP:dsp|Stager:Stager                                                                                          ; work         ;
;          |distortion:Distortion|                   ; 363 (45)          ; 68 (68)      ; 0           ; 6            ; 0       ; 3         ; 0    ; 0            ; |DE2_115|Top:top0|DSP:dsp|distortion:Distortion                                                                                  ; work         ;
;             |lpm_mult:Mult0|                       ; 0 (0)             ; 0 (0)        ; 0           ; 2            ; 0       ; 1         ; 0    ; 0            ; |DE2_115|Top:top0|DSP:dsp|distortion:Distortion|lpm_mult:Mult0                                                                   ; work         ;
;                |mult_96t:auto_generated|           ; 0 (0)             ; 0 (0)        ; 0           ; 2            ; 0       ; 1         ; 0    ; 0            ; |DE2_115|Top:top0|DSP:dsp|distortion:Distortion|lpm_mult:Mult0|mult_96t:auto_generated                                           ; work         ;
;             |tanh:u_tanh|                          ; 318 (318)         ; 0 (0)        ; 0           ; 4            ; 0       ; 2         ; 0    ; 0            ; |DE2_115|Top:top0|DSP:dsp|distortion:Distortion|tanh:u_tanh                                                                      ; work         ;
;                |lpm_mult:Mult0|                    ; 0 (0)             ; 0 (0)        ; 0           ; 2            ; 0       ; 1         ; 0    ; 0            ; |DE2_115|Top:top0|DSP:dsp|distortion:Distortion|tanh:u_tanh|lpm_mult:Mult0                                                       ; work         ;
;                   |mult_o4t:auto_generated|        ; 0 (0)             ; 0 (0)        ; 0           ; 2            ; 0       ; 1         ; 0    ; 0            ; |DE2_115|Top:top0|DSP:dsp|distortion:Distortion|tanh:u_tanh|lpm_mult:Mult0|mult_o4t:auto_generated                               ; work         ;
;                |lpm_mult:Mult1|                    ; 0 (0)             ; 0 (0)        ; 0           ; 2            ; 0       ; 1         ; 0    ; 0            ; |DE2_115|Top:top0|DSP:dsp|distortion:Distortion|tanh:u_tanh|lpm_mult:Mult1                                                       ; work         ;
;                   |mult_66t:auto_generated|        ; 0 (0)             ; 0 (0)        ; 0           ; 2            ; 0       ; 1         ; 0    ; 0            ; |DE2_115|Top:top0|DSP:dsp|distortion:Distortion|tanh:u_tanh|lpm_mult:Mult1|mult_66t:auto_generated                               ; work         ;
;          |fuzz:Fuzz|                               ; 156 (156)         ; 67 (67)      ; 0           ; 6            ; 0       ; 3         ; 0    ; 0            ; |DE2_115|Top:top0|DSP:dsp|fuzz:Fuzz                                                                                              ; work         ;
;             |lpm_mult:Mult0|                       ; 0 (0)             ; 0 (0)        ; 0           ; 2            ; 0       ; 1         ; 0    ; 0            ; |DE2_115|Top:top0|DSP:dsp|fuzz:Fuzz|lpm_mult:Mult0                                                                               ; work         ;
;                |mult_o4t:auto_generated|           ; 0 (0)             ; 0 (0)        ; 0           ; 2            ; 0       ; 1         ; 0    ; 0            ; |DE2_115|Top:top0|DSP:dsp|fuzz:Fuzz|lpm_mult:Mult0|mult_o4t:auto_generated                                                       ; work         ;
;             |lpm_mult:Mult1|                       ; 0 (0)             ; 0 (0)        ; 0           ; 2            ; 0       ; 1         ; 0    ; 0            ; |DE2_115|Top:top0|DSP:dsp|fuzz:Fuzz|lpm_mult:Mult1                                                                               ; work         ;
;                |mult_adt:auto_generated|           ; 0 (0)             ; 0 (0)        ; 0           ; 2            ; 0       ; 1         ; 0    ; 0            ; |DE2_115|Top:top0|DSP:dsp|fuzz:Fuzz|lpm_mult:Mult1|mult_adt:auto_generated                                                       ; work         ;
;             |lpm_mult:Mult2|                       ; 0 (0)             ; 0 (0)        ; 0           ; 2            ; 0       ; 1         ; 0    ; 0            ; |DE2_115|Top:top0|DSP:dsp|fuzz:Fuzz|lpm_mult:Mult2                                                                               ; work         ;
;                |mult_e6t:auto_generated|           ; 0 (0)             ; 0 (0)        ; 0           ; 2            ; 0       ; 1         ; 0    ; 0            ; |DE2_115|Top:top0|DSP:dsp|fuzz:Fuzz|lpm_mult:Mult2|mult_e6t:auto_generated                                                       ; work         ;
;       |Player:player|                              ; 29 (29)           ; 39 (39)      ; 0           ; 0            ; 0       ; 0         ; 0    ; 0            ; |DE2_115|Top:top0|Player:player                                                                                                  ; work         ;
;       |Recorder:recorder|                          ; 51 (51)           ; 23 (23)      ; 0           ; 0            ; 0       ; 0         ; 0    ; 0            ; |DE2_115|Top:top0|Recorder:recorder                                                                                              ; work         ;
;       |WM8731_init:wm8731_init|                    ; 50 (50)           ; 13 (13)      ; 0           ; 0            ; 0       ; 0         ; 0    ; 0            ; |DE2_115|Top:top0|WM8731_init:wm8731_init                                                                                        ; work         ;
;    |final_qsys:pll0|                               ; 0 (0)             ; 0 (0)        ; 0           ; 0            ; 0       ; 0         ; 0    ; 0            ; |DE2_115|final_qsys:pll0                                                                                                         ; final_qsys   ;
;       |final_qsys_altpll_0:altpll_0|               ; 0 (0)             ; 0 (0)        ; 0           ; 0            ; 0       ; 0         ; 0    ; 0            ; |DE2_115|final_qsys:pll0|final_qsys_altpll_0:altpll_0                                                                            ; final_qsys   ;
;          |final_qsys_altpll_0_altpll_kpa2:sd1|     ; 0 (0)             ; 0 (0)        ; 0           ; 0            ; 0       ; 0         ; 0    ; 0            ; |DE2_115|final_qsys:pll0|final_qsys_altpll_0:altpll_0|final_qsys_altpll_0_altpll_kpa2:sd1                                        ; final_qsys   ;
;    |lpm_divide:Mod0|                               ; 7 (0)             ; 0 (0)        ; 0           ; 0            ; 0       ; 0         ; 0    ; 0            ; |DE2_115|lpm_divide:Mod0                                                                                                         ; work         ;
;       |lpm_divide_i9m:auto_generated|              ; 7 (0)             ; 0 (0)        ; 0           ; 0            ; 0       ; 0         ; 0    ; 0            ; |DE2_115|lpm_divide:Mod0|lpm_divide_i9m:auto_generated                                                                           ; work         ;
;          |sign_div_unsign_7kh:divider|             ; 7 (0)             ; 0 (0)        ; 0           ; 0            ; 0       ; 0         ; 0    ; 0            ; |DE2_115|lpm_divide:Mod0|lpm_divide_i9m:auto_generated|sign_div_unsign_7kh:divider                                               ; work         ;
;             |alt_u_div_24f:divider|                ; 7 (7)             ; 0 (0)        ; 0           ; 0            ; 0       ; 0         ; 0    ; 0            ; |DE2_115|lpm_divide:Mod0|lpm_divide_i9m:auto_generated|sign_div_unsign_7kh:divider|alt_u_div_24f:divider                         ; work         ;
;    |lpm_divide:Mod1|                               ; 7 (0)             ; 0 (0)        ; 0           ; 0            ; 0       ; 0         ; 0    ; 0            ; |DE2_115|lpm_divide:Mod1                                                                                                         ; work         ;
;       |lpm_divide_i9m:auto_generated|              ; 7 (0)             ; 0 (0)        ; 0           ; 0            ; 0       ; 0         ; 0    ; 0            ; |DE2_115|lpm_divide:Mod1|lpm_divide_i9m:auto_generated                                                                           ; work         ;
;          |sign_div_unsign_7kh:divider|             ; 7 (0)             ; 0 (0)        ; 0           ; 0            ; 0       ; 0         ; 0    ; 0            ; |DE2_115|lpm_divide:Mod1|lpm_divide_i9m:auto_generated|sign_div_unsign_7kh:divider                                               ; work         ;
;             |alt_u_div_24f:divider|                ; 7 (7)             ; 0 (0)        ; 0           ; 0            ; 0       ; 0         ; 0    ; 0            ; |DE2_115|lpm_divide:Mod1|lpm_divide_i9m:auto_generated|sign_div_unsign_7kh:divider|alt_u_div_24f:divider                         ; work         ;
;    |lpm_divide:Mod2|                               ; 7 (0)             ; 0 (0)        ; 0           ; 0            ; 0       ; 0         ; 0    ; 0            ; |DE2_115|lpm_divide:Mod2                                                                                                         ; work         ;
;       |lpm_divide_i9m:auto_generated|              ; 7 (0)             ; 0 (0)        ; 0           ; 0            ; 0       ; 0         ; 0    ; 0            ; |DE2_115|lpm_divide:Mod2|lpm_divide_i9m:auto_generated                                                                           ; work         ;
;          |sign_div_unsign_7kh:divider|             ; 7 (0)             ; 0 (0)        ; 0           ; 0            ; 0       ; 0         ; 0    ; 0            ; |DE2_115|lpm_divide:Mod2|lpm_divide_i9m:auto_generated|sign_div_unsign_7kh:divider                                               ; work         ;
;             |alt_u_div_24f:divider|                ; 7 (7)             ; 0 (0)        ; 0           ; 0            ; 0       ; 0         ; 0    ; 0            ; |DE2_115|lpm_divide:Mod2|lpm_divide_i9m:auto_generated|sign_div_unsign_7kh:divider|alt_u_div_24f:divider                         ; work         ;
+----------------------------------------------------+-------------------+--------------+-------------+--------------+---------+-----------+------+--------------+----------------------------------------------------------------------------------------------------------------------------------+--------------+
Note: For table entries with two numbers listed, the numbers in parentheses indicate the number of resources of the given type used by the specific entity alone. The numbers listed outside of parentheses indicate the total resources of the given type used by the specific entity and all of its sub-entities in the hierarchy.


+--------------------------------------------------------------------------------------------------------------------------------------------------------------------------------------------------------------------------------------+
; Analysis & Synthesis RAM Summary                                                                                                                                                                                                     ;
+--------------------------------------------------------------------------------------------------------------------------------+------+------------------+--------------+--------------+--------------+--------------+--------+------+
; Name                                                                                                                           ; Type ; Mode             ; Port A Depth ; Port A Width ; Port B Depth ; Port B Width ; Size   ; MIF  ;
+--------------------------------------------------------------------------------------------------------------------------------+------+------------------+--------------+--------------+--------------+--------------+--------+------+
; Top:top0|Buffer:buffer|altsyncram:buf_data_l_rtl_0|altsyncram_rbi1:auto_generated|ALTSYNCRAM                                   ; AUTO ; Simple Dual Port ; 16           ; 16           ; 16           ; 16           ; 256    ; None ;
; Top:top0|Buffer:buffer|altsyncram:buf_data_r_rtl_0|altsyncram_rbi1:auto_generated|ALTSYNCRAM                                   ; AUTO ; Simple Dual Port ; 16           ; 16           ; 16           ; 16           ; 256    ; None ;
; Top:top0|DSP:dsp|Auto_Wah:Auto_Wah|altsyncram:data_buffer_rtl_0|altsyncram_42e1:auto_generated|ALTSYNCRAM                      ; AUTO ; Simple Dual Port ; 1024         ; 16           ; 1024         ; 16           ; 16384  ; None ;
; Top:top0|DSP:dsp|Auto_Wah:Auto_Wah|altsyncram:data_buffer_rtl_1|altsyncram_42e1:auto_generated|ALTSYNCRAM                      ; AUTO ; Simple Dual Port ; 1024         ; 16           ; 1024         ; 16           ; 16384  ; None ;
; Top:top0|DSP:dsp|Chorus:Chorus|altsyncram:data_buffer_rtl_0|altsyncram_03e1:auto_generated|ALTSYNCRAM                          ; AUTO ; Simple Dual Port ; 4096         ; 16           ; 4096         ; 16           ; 65536  ; None ;
; Top:top0|DSP:dsp|Chorus:Chorus|altsyncram:data_buffer_rtl_1|altsyncram_03e1:auto_generated|ALTSYNCRAM                          ; AUTO ; Simple Dual Port ; 4096         ; 16           ; 4096         ; 16           ; 65536  ; None ;
; Top:top0|DSP:dsp|Delay_Effect:Delay_Effect|altsyncram:delay_ram_rtl_0|altsyncram_n5j1:auto_generated|ALTSYNCRAM                ; M9K  ; Simple Dual Port ; 65536        ; 14           ; 65536        ; 14           ; 917504 ; None ;
; Top:top0|DSP:dsp|Flanger:Flanger|altsyncram:data_buffer_rtl_0|altsyncram_42e1:auto_generated|ALTSYNCRAM                        ; AUTO ; Simple Dual Port ; 1024         ; 16           ; 1024         ; 16           ; 16384  ; None ;
; Top:top0|DSP:dsp|Flanger:Flanger|altsyncram:data_buffer_rtl_1|altsyncram_42e1:auto_generated|ALTSYNCRAM                        ; AUTO ; Simple Dual Port ; 1024         ; 16           ; 1024         ; 16           ; 16384  ; None ;
; Top:top0|DSP:dsp|Reverb:Reverb|FDN_4ch:fdn|altsyncram:ch0_buffer_rtl_0|altsyncram_tki1:auto_generated|ALTSYNCRAM               ; AUTO ; Simple Dual Port ; 1423         ; 16           ; 1423         ; 16           ; 22768  ; None ;
; Top:top0|DSP:dsp|Reverb:Reverb|FDN_4ch:fdn|altsyncram:ch1_buffer_rtl_0|altsyncram_nli1:auto_generated|ALTSYNCRAM               ; AUTO ; Simple Dual Port ; 1787         ; 16           ; 1787         ; 16           ; 28592  ; None ;
; Top:top0|DSP:dsp|Reverb:Reverb|FDN_4ch:fdn|altsyncram:ch2_buffer_rtl_0|altsyncram_pki1:auto_generated|ALTSYNCRAM               ; AUTO ; Simple Dual Port ; 2131         ; 16           ; 2131         ; 16           ; 34096  ; None ;
; Top:top0|DSP:dsp|Reverb:Reverb|FDN_4ch:fdn|altsyncram:ch3_buffer_rtl_0|altsyncram_1li1:auto_generated|ALTSYNCRAM               ; AUTO ; Simple Dual Port ; 2531         ; 16           ; 2531         ; 16           ; 40496  ; None ;
; Top:top0|DSP:dsp|Reverb:Reverb|Schroeder_Allpass:allpass_0|altsyncram:v_buffer_rtl_0|altsyncram_tki1:auto_generated|ALTSYNCRAM ; AUTO ; Simple Dual Port ; 1423         ; 16           ; 1423         ; 16           ; 22768  ; None ;
; Top:top0|DSP:dsp|Reverb:Reverb|Schroeder_Allpass:allpass_1|altsyncram:v_buffer_rtl_0|altsyncram_nli1:auto_generated|ALTSYNCRAM ; AUTO ; Simple Dual Port ; 1787         ; 16           ; 1787         ; 16           ; 28592  ; None ;
; Top:top0|DSP:dsp|Reverb:Reverb|Schroeder_Allpass:allpass_2|altsyncram:v_buffer_rtl_0|altsyncram_pki1:auto_generated|ALTSYNCRAM ; AUTO ; Simple Dual Port ; 2131         ; 16           ; 2131         ; 16           ; 34096  ; None ;
; Top:top0|DSP:dsp|Reverb:Reverb|Schroeder_Allpass:allpass_3|altsyncram:v_buffer_rtl_0|altsyncram_1li1:auto_generated|ALTSYNCRAM ; AUTO ; Simple Dual Port ; 2531         ; 16           ; 2531         ; 16           ; 40496  ; None ;
; Top:top0|DSP:dsp|Reverb:Reverb|Schroeder_Allpass:allpass_4|altsyncram:v_buffer_rtl_0|altsyncram_dli1:auto_generated|ALTSYNCRAM ; AUTO ; Simple Dual Port ; 2663         ; 16           ; 2663         ; 16           ; 42608  ; None ;
+--------------------------------------------------------------------------------------------------------------------------------+------+------------------+--------------+--------------+--------------+--------------+--------+------+


+-----------------------------------------------------+
; Analysis & Synthesis DSP Block Usage Summary        ;
+---------------------------------------+-------------+
; Statistic                             ; Number Used ;
+---------------------------------------+-------------+
; Simple Multipliers (9-bit)            ; 2           ;
; Simple Multipliers (18-bit)           ; 37          ;
; Embedded Multiplier Blocks            ; --          ;
; Embedded Multiplier 9-bit elements    ; 76          ;
; Signed Embedded Multipliers           ; 34          ;
; Unsigned Embedded Multipliers         ; 5           ;
; Mixed Sign Embedded Multipliers       ; 0           ;
; Variable Sign Embedded Multipliers    ; 0           ;
; Dedicated Input Shift Register Chains ; 0           ;
+---------------------------------------+-------------+
Note: number of Embedded Multiplier Blocks used is only available after a successful fit.


+--------------------------------------------------------------------------------------------------------------------------------------------------------------------+
; Analysis & Synthesis IP Cores Summary                                                                                                                              ;
+--------+-------------------------+---------+--------------+--------------+-----------------------------------------------------------------+-----------------------+
; Vendor ; IP Core Name            ; Version ; Release Date ; License Type ; Entity Instance                                                 ; IP Include File       ;
+--------+-------------------------+---------+--------------+--------------+-----------------------------------------------------------------+-----------------------+
; N/A    ; Qsys                    ; 15.0    ; N/A          ; N/A          ; |DE2_115|final_qsys:pll0                                        ; final/final_qsys.qsys ;
; Altera ; altpll                  ; 15.0    ; N/A          ; N/A          ; |DE2_115|final_qsys:pll0|final_qsys_altpll_0:altpll_0           ; final/final_qsys.qsys ;
; Altera ; altera_reset_controller ; 15.0    ; N/A          ; N/A          ; |DE2_115|final_qsys:pll0|altera_reset_controller:rst_controller ; final/final_qsys.qsys ;
+--------+-------------------------+---------+--------------+--------------+-----------------------------------------------------------------+-----------------------+


Encoding Type:  One-Hot
+-------------------------------------------+
; State Machine - |DE2_115|Top:top0|state_r ;
+-----------------+-------------------------+
; Name            ; state_r.S_MENU          ;
+-----------------+-------------------------+
; state_r.S_SETUP ; 0                       ;
; state_r.S_MENU  ; 1                       ;
+-----------------+-------------------------+


Encoding Type:  One-Hot
+--------------------------------------------------------------------------------------------------------------------+
; State Machine - |DE2_115|Top:top0|DSP:dsp|Delay_Effect:Delay_Effect|state_r                                        ;
+---------------------+----------------+---------------------+--------------------+----------------+-----------------+
; Name                ; state_r.S_CALC ; state_r.S_WAIT_READ ; state_r.S_READ_REQ ; state_r.S_IDLE ; state_r.S_WRITE ;
+---------------------+----------------+---------------------+--------------------+----------------+-----------------+
; state_r.S_IDLE      ; 0              ; 0                   ; 0                  ; 0              ; 0               ;
; state_r.S_READ_REQ  ; 0              ; 0                   ; 1                  ; 1              ; 0               ;
; state_r.S_WAIT_READ ; 0              ; 1                   ; 0                  ; 1              ; 0               ;
; state_r.S_CALC      ; 1              ; 0                   ; 0                  ; 1              ; 0               ;
; state_r.S_WRITE     ; 0              ; 0                   ; 0                  ; 1              ; 1               ;
+---------------------+----------------+---------------------+--------------------+----------------+-----------------+


Encoding Type:  One-Hot
+---------------------------------------------------------------------------------------------+
; State Machine - |DE2_115|Top:top0|DSP:dsp|Noise_Gate:Noise_Gate|state_r                     ;
+-------------------+-------------------+-----------------+----------------+------------------+
; Name              ; state_r.S_RECOVER ; state_r.S_DECAY ; state_r.S_HOLD ; state_r.S_NORMAL ;
+-------------------+-------------------+-----------------+----------------+------------------+
; state_r.S_NORMAL  ; 0                 ; 0               ; 0              ; 0                ;
; state_r.S_HOLD    ; 0                 ; 0               ; 1              ; 1                ;
; state_r.S_DECAY   ; 0                 ; 1               ; 0              ; 1                ;
; state_r.S_RECOVER ; 1                 ; 0               ; 0              ; 1                ;
+-------------------+-------------------+-----------------+----------------+------------------+


Encoding Type:  One-Hot
+-------------------------------------------------------------+
; State Machine - |DE2_115|Top:top0|Recorder:recorder|state_r ;
+---------------+--------------+---------------+--------------+
; Name          ; state_r.IDLE ; state_r.RIGHT ; state_r.LEFT ;
+---------------+--------------+---------------+--------------+
; state_r.IDLE  ; 0            ; 0             ; 0            ;
; state_r.LEFT  ; 1            ; 0             ; 1            ;
; state_r.RIGHT ; 1            ; 1             ; 0            ;
+---------------+--------------+---------------+--------------+


+-------------------------------------------------------------------------------------------------------------------------------------------------------------------------------------------------------------------------------+
; Registers Removed During Synthesis                                                                                                                                                                                            ;
+--------------------------------------------------------------------------------------------------------------------------------------------+----------------------------------------------------------------------------------+
; Register name                                                                                                                              ; Reason for Removal                                                               ;
+--------------------------------------------------------------------------------------------------------------------------------------------+----------------------------------------------------------------------------------+
; Top:top0|DSP:dsp|Auto_Wah:Auto_Wah|gain_r[0..7]                                                                                            ; Stuck at GND due to stuck port data_in                                           ;
; Top:top0|DSP:dsp|Param_Manager:Param_Manager|o_staging_control[4..31]                                                                      ; Stuck at GND due to stuck port data_in                                           ;
; final_qsys:pll0|final_qsys_altpll_0:altpll_0|prev_reset                                                                                    ; Stuck at GND due to stuck port data_in                                           ;
; final_qsys:pll0|altera_reset_controller:rst_controller|altera_reset_synchronizer:alt_rst_sync_uq1|altera_reset_synchronizer_int_chain_out  ; Lost fanout                                                                      ;
; final_qsys:pll0|altera_reset_controller:rst_controller|altera_reset_synchronizer:alt_rst_sync_uq1|altera_reset_synchronizer_int_chain[0,1] ; Lost fanout                                                                      ;
; Top:top0|DSP:dsp|Param_Manager:Param_Manager|o_fg_amp[1]                                                                                   ; Merged with Top:top0|DSP:dsp|Flanger:Flanger|delay_amp_r[1]                      ;
; Top:top0|DSP:dsp|Param_Manager:Param_Manager|o_rv_w_rate[0]                                                                                ; Merged with Top:top0|DSP:dsp|Flanger:Flanger|delay_amp_r[1]                      ;
; Top:top0|DSP:dsp|Param_Manager:Param_Manager|o_fg_gain[1,5]                                                                                ; Merged with Top:top0|DSP:dsp|Flanger:Flanger|delay_amp_r[1]                      ;
; Top:top0|DSP:dsp|Param_Manager:Param_Manager|o_fg_rate[7]                                                                                  ; Merged with Top:top0|DSP:dsp|Flanger:Flanger|delay_amp_r[1]                      ;
; Top:top0|DSP:dsp|Param_Manager:Param_Manager|o_od_level[8]                                                                                 ; Merged with Top:top0|DSP:dsp|Flanger:Flanger|delay_amp_r[1]                      ;
; Top:top0|DSP:dsp|Param_Manager:Param_Manager|o_fg_rate[1,5]                                                                                ; Merged with Top:top0|DSP:dsp|Flanger:Flanger|delay_amp_r[1]                      ;
; Top:top0|DSP:dsp|Param_Manager:Param_Manager|o_rv_ap_gain[0]                                                                               ; Merged with Top:top0|DSP:dsp|Flanger:Flanger|delay_amp_r[1]                      ;
; Top:top0|DSP:dsp|Param_Manager:Param_Manager|o_ch_inc[0,4]                                                                                 ; Merged with Top:top0|DSP:dsp|Flanger:Flanger|delay_amp_r[1]                      ;
; Top:top0|DSP:dsp|Param_Manager:Param_Manager|o_ch_rate[3]                                                                                  ; Merged with Top:top0|DSP:dsp|Flanger:Flanger|delay_amp_r[1]                      ;
; Top:top0|DSP:dsp|Param_Manager:Param_Manager|o_od_level[4]                                                                                 ; Merged with Top:top0|DSP:dsp|Flanger:Flanger|delay_amp_r[1]                      ;
; Top:top0|DSP:dsp|Param_Manager:Param_Manager|o_ng_rise_rate[4]                                                                             ; Merged with Top:top0|DSP:dsp|Flanger:Flanger|delay_amp_r[1]                      ;
; Top:top0|DSP:dsp|Param_Manager:Param_Manager|o_ch_base[4,8]                                                                                ; Merged with Top:top0|DSP:dsp|Flanger:Flanger|delay_amp_r[1]                      ;
; Top:top0|DSP:dsp|Param_Manager:Param_Manager|o_ng_rise_rate[0]                                                                             ; Merged with Top:top0|DSP:dsp|Flanger:Flanger|delay_amp_r[1]                      ;
; Top:top0|DSP:dsp|Param_Manager:Param_Manager|o_ch_base[0]                                                                                  ; Merged with Top:top0|DSP:dsp|Flanger:Flanger|delay_amp_r[1]                      ;
; Top:top0|DSP:dsp|Param_Manager:Param_Manager|o_ch_amp[8]                                                                                   ; Merged with Top:top0|DSP:dsp|Flanger:Flanger|delay_amp_r[1]                      ;
; Top:top0|DSP:dsp|Param_Manager:Param_Manager|o_od_level[0]                                                                                 ; Merged with Top:top0|DSP:dsp|Flanger:Flanger|delay_amp_r[1]                      ;
; Top:top0|DSP:dsp|Param_Manager:Param_Manager|o_ng_decay_rate[4]                                                                            ; Merged with Top:top0|DSP:dsp|Flanger:Flanger|delay_amp_r[1]                      ;
; Top:top0|DSP:dsp|Param_Manager:Param_Manager|o_ch_amp[0,4]                                                                                 ; Merged with Top:top0|DSP:dsp|Flanger:Flanger|delay_amp_r[1]                      ;
; Top:top0|DSP:dsp|Param_Manager:Param_Manager|o_ng_decay_rate[0]                                                                            ; Merged with Top:top0|DSP:dsp|Flanger:Flanger|delay_amp_r[1]                      ;
; Top:top0|DSP:dsp|Param_Manager:Param_Manager|o_ch_rate[0,4]                                                                                ; Merged with Top:top0|DSP:dsp|Flanger:Flanger|delay_amp_r[1]                      ;
; Top:top0|DSP:dsp|Param_Manager:Param_Manager|o_ng_hold[13,15]                                                                              ; Merged with Top:top0|DSP:dsp|Flanger:Flanger|delay_amp_r[1]                      ;
; Top:top0|DSP:dsp|Param_Manager:Param_Manager|o_aw_base[2,6..8]                                                                             ; Merged with Top:top0|DSP:dsp|Flanger:Flanger|delay_amp_r[1]                      ;
; Top:top0|DSP:dsp|Param_Manager:Param_Manager|o_aw_amp[4,8,9]                                                                               ; Merged with Top:top0|DSP:dsp|Flanger:Flanger|delay_amp_r[1]                      ;
; Top:top0|DSP:dsp|Param_Manager:Param_Manager|o_aw_base[1]                                                                                  ; Merged with Top:top0|DSP:dsp|Flanger:Flanger|delay_amp_r[1]                      ;
; Top:top0|DSP:dsp|Param_Manager:Param_Manager|o_ng_hold[4]                                                                                  ; Merged with Top:top0|DSP:dsp|Flanger:Flanger|delay_amp_r[1]                      ;
; Top:top0|DSP:dsp|Param_Manager:Param_Manager|o_aw_amp[0]                                                                                   ; Merged with Top:top0|DSP:dsp|Flanger:Flanger|delay_amp_r[1]                      ;
; Top:top0|DSP:dsp|Param_Manager:Param_Manager|o_aw_rate[4]                                                                                  ; Merged with Top:top0|DSP:dsp|Flanger:Flanger|delay_amp_r[1]                      ;
; Top:top0|DSP:dsp|Param_Manager:Param_Manager|o_ng_hold[0]                                                                                  ; Merged with Top:top0|DSP:dsp|Flanger:Flanger|delay_amp_r[1]                      ;
; Top:top0|DSP:dsp|Param_Manager:Param_Manager|o_aw_rate[0]                                                                                  ; Merged with Top:top0|DSP:dsp|Flanger:Flanger|delay_amp_r[1]                      ;
; Top:top0|DSP:dsp|Param_Manager:Param_Manager|o_ng_thres_lo[13]                                                                             ; Merged with Top:top0|DSP:dsp|Flanger:Flanger|delay_amp_r[1]                      ;
; Top:top0|DSP:dsp|Param_Manager:Param_Manager|o_ng_hold[9]                                                                                  ; Merged with Top:top0|DSP:dsp|Flanger:Flanger|delay_amp_r[1]                      ;
; Top:top0|DSP:dsp|Param_Manager:Param_Manager|o_ng_thres_lo[12]                                                                             ; Merged with Top:top0|DSP:dsp|Flanger:Flanger|delay_amp_r[1]                      ;
; Top:top0|DSP:dsp|Param_Manager:Param_Manager|o_fz_level[11]                                                                                ; Merged with Top:top0|DSP:dsp|Flanger:Flanger|delay_amp_r[1]                      ;
; Top:top0|DSP:dsp|Param_Manager:Param_Manager|o_ng_thres_lo[11]                                                                             ; Merged with Top:top0|DSP:dsp|Flanger:Flanger|delay_amp_r[1]                      ;
; Top:top0|DSP:dsp|Param_Manager:Param_Manager|o_aw_amp[3]                                                                                   ; Merged with Top:top0|DSP:dsp|Flanger:Flanger|delay_amp_r[1]                      ;
; Top:top0|DSP:dsp|Param_Manager:Param_Manager|o_fz_level[10]                                                                                ; Merged with Top:top0|DSP:dsp|Flanger:Flanger|delay_amp_r[1]                      ;
; Top:top0|DSP:dsp|Param_Manager:Param_Manager|o_ng_thres_lo[5,7]                                                                            ; Merged with Top:top0|DSP:dsp|Flanger:Flanger|delay_amp_r[1]                      ;
; Top:top0|DSP:dsp|Param_Manager:Param_Manager|o_ng_hold[5]                                                                                  ; Merged with Top:top0|DSP:dsp|Flanger:Flanger|delay_amp_r[1]                      ;
; Top:top0|DSP:dsp|Param_Manager:Param_Manager|o_fz_level[8]                                                                                 ; Merged with Top:top0|DSP:dsp|Flanger:Flanger|delay_amp_r[1]                      ;
; Top:top0|DSP:dsp|Param_Manager:Param_Manager|o_ng_thres_lo[1,3]                                                                            ; Merged with Top:top0|DSP:dsp|Flanger:Flanger|delay_amp_r[1]                      ;
; Top:top0|DSP:dsp|Param_Manager:Param_Manager|o_fz_level[6]                                                                                 ; Merged with Top:top0|DSP:dsp|Flanger:Flanger|delay_amp_r[1]                      ;
; Top:top0|DSP:dsp|Param_Manager:Param_Manager|o_ng_thres_hi[12,14]                                                                          ; Merged with Top:top0|DSP:dsp|Flanger:Flanger|delay_amp_r[1]                      ;
; Top:top0|DSP:dsp|Param_Manager:Param_Manager|o_ch_amp[3]                                                                                   ; Merged with Top:top0|DSP:dsp|Flanger:Flanger|delay_amp_r[1]                      ;
; Top:top0|DSP:dsp|Param_Manager:Param_Manager|o_aw_base[5]                                                                                  ; Merged with Top:top0|DSP:dsp|Flanger:Flanger|delay_amp_r[1]                      ;
; Top:top0|DSP:dsp|Param_Manager:Param_Manager|o_aw_amp[1]                                                                                   ; Merged with Top:top0|DSP:dsp|Flanger:Flanger|delay_amp_r[1]                      ;
; Top:top0|DSP:dsp|Param_Manager:Param_Manager|o_ng_thres_lo[10]                                                                             ; Merged with Top:top0|DSP:dsp|Flanger:Flanger|delay_amp_r[1]                      ;
; Top:top0|DSP:dsp|Param_Manager:Param_Manager|o_fz_level[4]                                                                                 ; Merged with Top:top0|DSP:dsp|Flanger:Flanger|delay_amp_r[1]                      ;
; Top:top0|DSP:dsp|Param_Manager:Param_Manager|o_ng_thres_hi[11]                                                                             ; Merged with Top:top0|DSP:dsp|Flanger:Flanger|delay_amp_r[1]                      ;
; Top:top0|DSP:dsp|Param_Manager:Param_Manager|o_fg_amp[3]                                                                                   ; Merged with Top:top0|DSP:dsp|Flanger:Flanger|delay_amp_r[1]                      ;
; Top:top0|DSP:dsp|Param_Manager:Param_Manager|o_rv_w_rate[2]                                                                                ; Merged with Top:top0|DSP:dsp|Flanger:Flanger|delay_amp_r[1]                      ;
; Top:top0|DSP:dsp|Param_Manager:Param_Manager|o_fg_gain[7]                                                                                  ; Merged with Top:top0|DSP:dsp|Flanger:Flanger|delay_amp_r[1]                      ;
; Top:top0|DSP:dsp|Param_Manager:Param_Manager|o_od_level[10]                                                                                ; Merged with Top:top0|DSP:dsp|Flanger:Flanger|delay_amp_r[1]                      ;
; Top:top0|DSP:dsp|Param_Manager:Param_Manager|o_fg_gain[3]                                                                                  ; Merged with Top:top0|DSP:dsp|Flanger:Flanger|delay_amp_r[1]                      ;
; Top:top0|DSP:dsp|Param_Manager:Param_Manager|o_rv_ap_gain[5,6]                                                                             ; Merged with Top:top0|DSP:dsp|Flanger:Flanger|delay_amp_r[1]                      ;
; Top:top0|DSP:dsp|Param_Manager:Param_Manager|o_fg_rate[3]                                                                                  ; Merged with Top:top0|DSP:dsp|Flanger:Flanger|delay_amp_r[1]                      ;
; Top:top0|DSP:dsp|Param_Manager:Param_Manager|o_rv_ap_gain[2]                                                                               ; Merged with Top:top0|DSP:dsp|Flanger:Flanger|delay_amp_r[1]                      ;
; Top:top0|DSP:dsp|Param_Manager:Param_Manager|o_ch_inc[6]                                                                                   ; Merged with Top:top0|DSP:dsp|Flanger:Flanger|delay_amp_r[1]                      ;
; Top:top0|DSP:dsp|Param_Manager:Param_Manager|o_od_level[6]                                                                                 ; Merged with Top:top0|DSP:dsp|Flanger:Flanger|delay_amp_r[1]                      ;
; Top:top0|DSP:dsp|Param_Manager:Param_Manager|o_ch_inc[2]                                                                                   ; Merged with Top:top0|DSP:dsp|Flanger:Flanger|delay_amp_r[1]                      ;
; Top:top0|DSP:dsp|Param_Manager:Param_Manager|o_ng_rise_rate[6]                                                                             ; Merged with Top:top0|DSP:dsp|Flanger:Flanger|delay_amp_r[1]                      ;
; Top:top0|DSP:dsp|Param_Manager:Param_Manager|o_ch_base[10]                                                                                 ; Merged with Top:top0|DSP:dsp|Flanger:Flanger|delay_amp_r[1]                      ;
; Top:top0|DSP:dsp|Param_Manager:Param_Manager|o_ch_amp[1]                                                                                   ; Merged with Top:top0|DSP:dsp|Flanger:Flanger|delay_amp_r[1]                      ;
; Top:top0|DSP:dsp|Param_Manager:Param_Manager|o_ch_base[6]                                                                                  ; Merged with Top:top0|DSP:dsp|Flanger:Flanger|delay_amp_r[1]                      ;
; Top:top0|DSP:dsp|Param_Manager:Param_Manager|o_ng_rise_rate[2]                                                                             ; Merged with Top:top0|DSP:dsp|Flanger:Flanger|delay_amp_r[1]                      ;
; Top:top0|DSP:dsp|Param_Manager:Param_Manager|o_ch_base[2]                                                                                  ; Merged with Top:top0|DSP:dsp|Flanger:Flanger|delay_amp_r[1]                      ;
; Top:top0|DSP:dsp|Param_Manager:Param_Manager|o_od_level[2]                                                                                 ; Merged with Top:top0|DSP:dsp|Flanger:Flanger|delay_amp_r[1]                      ;
; Top:top0|DSP:dsp|Param_Manager:Param_Manager|o_ch_amp[10]                                                                                  ; Merged with Top:top0|DSP:dsp|Flanger:Flanger|delay_amp_r[1]                      ;
; Top:top0|DSP:dsp|Param_Manager:Param_Manager|o_ng_decay_rate[6]                                                                            ; Merged with Top:top0|DSP:dsp|Flanger:Flanger|delay_amp_r[1]                      ;
; Top:top0|DSP:dsp|Param_Manager:Param_Manager|o_ch_amp[2,5,6]                                                                               ; Merged with Top:top0|DSP:dsp|Flanger:Flanger|delay_amp_r[1]                      ;
; Top:top0|DSP:dsp|Param_Manager:Param_Manager|o_ng_decay_rate[2]                                                                            ; Merged with Top:top0|DSP:dsp|Flanger:Flanger|delay_amp_r[1]                      ;
; Top:top0|DSP:dsp|Param_Manager:Param_Manager|o_ch_rate[1,2,5,7]                                                                            ; Merged with Top:top0|DSP:dsp|Flanger:Flanger|delay_amp_r[1]                      ;
; Top:top0|DSP:dsp|Param_Manager:Param_Manager|o_ng_decay_rate[3]                                                                            ; Merged with Top:top0|DSP:dsp|Flanger:Flanger|delay_amp_r[1]                      ;
; Top:top0|DSP:dsp|Param_Manager:Param_Manager|o_aw_base[0,3,4]                                                                              ; Merged with Top:top0|DSP:dsp|Flanger:Flanger|delay_amp_r[1]                      ;
; Top:top0|DSP:dsp|Param_Manager:Param_Manager|o_aw_amp[2,5,6]                                                                               ; Merged with Top:top0|DSP:dsp|Flanger:Flanger|delay_amp_r[1]                      ;
; Top:top0|DSP:dsp|Param_Manager:Param_Manager|o_fz_gain[3]                                                                                  ; Merged with Top:top0|DSP:dsp|Flanger:Flanger|delay_amp_r[1]                      ;
; Top:top0|DSP:dsp|Param_Manager:Param_Manager|o_aw_rate[7]                                                                                  ; Merged with Top:top0|DSP:dsp|Flanger:Flanger|delay_amp_r[1]                      ;
; Top:top0|DSP:dsp|Reverb:Reverb|w_rate_r[0]                                                                                                 ; Merged with Top:top0|DSP:dsp|Flanger:Flanger|delay_amp_r[1]                      ;
; Top:top0|DSP:dsp|Flanger:Flanger|gain_r[1,5]                                                                                               ; Merged with Top:top0|DSP:dsp|Flanger:Flanger|delay_amp_r[1]                      ;
; Top:top0|DSP:dsp|Flanger:Flanger|w_rate_r[7]                                                                                               ; Merged with Top:top0|DSP:dsp|Flanger:Flanger|delay_amp_r[1]                      ;
; Top:top0|DSP:dsp|Overdrive:Overdrive|i_L_r[8]                                                                                              ; Merged with Top:top0|DSP:dsp|Flanger:Flanger|delay_amp_r[1]                      ;
; Top:top0|DSP:dsp|Flanger:Flanger|w_rate_r[1,5]                                                                                             ; Merged with Top:top0|DSP:dsp|Flanger:Flanger|delay_amp_r[1]                      ;
; Top:top0|DSP:dsp|Chorus:Chorus|inc_r[0,4]                                                                                                  ; Merged with Top:top0|DSP:dsp|Flanger:Flanger|delay_amp_r[1]                      ;
; Top:top0|DSP:dsp|Chorus:Chorus|w_rate_r[3]                                                                                                 ; Merged with Top:top0|DSP:dsp|Flanger:Flanger|delay_amp_r[1]                      ;
; Top:top0|DSP:dsp|Overdrive:Overdrive|i_L_r[4]                                                                                              ; Merged with Top:top0|DSP:dsp|Flanger:Flanger|delay_amp_r[1]                      ;
; Top:top0|DSP:dsp|Chorus:Chorus|delay_base_r[0,4,8]                                                                                         ; Merged with Top:top0|DSP:dsp|Flanger:Flanger|delay_amp_r[1]                      ;
; Top:top0|DSP:dsp|Chorus:Chorus|delay_amp_r[8]                                                                                              ; Merged with Top:top0|DSP:dsp|Flanger:Flanger|delay_amp_r[1]                      ;
; Top:top0|DSP:dsp|Overdrive:Overdrive|i_L_r[0]                                                                                              ; Merged with Top:top0|DSP:dsp|Flanger:Flanger|delay_amp_r[1]                      ;
; Top:top0|DSP:dsp|Chorus:Chorus|delay_amp_r[0,4]                                                                                            ; Merged with Top:top0|DSP:dsp|Flanger:Flanger|delay_amp_r[1]                      ;
; Top:top0|DSP:dsp|Chorus:Chorus|w_rate_r[0,4]                                                                                               ; Merged with Top:top0|DSP:dsp|Flanger:Flanger|delay_amp_r[1]                      ;
; Top:top0|DSP:dsp|Auto_Wah:Auto_Wah|delay_base_r[2,6..8]                                                                                    ; Merged with Top:top0|DSP:dsp|Flanger:Flanger|delay_amp_r[1]                      ;
; Top:top0|DSP:dsp|Auto_Wah:Auto_Wah|delay_amp_r[4,8,9]                                                                                      ; Merged with Top:top0|DSP:dsp|Flanger:Flanger|delay_amp_r[1]                      ;
; Top:top0|DSP:dsp|Auto_Wah:Auto_Wah|delay_base_r[1]                                                                                         ; Merged with Top:top0|DSP:dsp|Flanger:Flanger|delay_amp_r[1]                      ;
; Top:top0|DSP:dsp|Auto_Wah:Auto_Wah|delay_amp_r[0]                                                                                          ; Merged with Top:top0|DSP:dsp|Flanger:Flanger|delay_amp_r[1]                      ;
; Top:top0|DSP:dsp|Auto_Wah:Auto_Wah|w_rate_r[0,4]                                                                                           ; Merged with Top:top0|DSP:dsp|Flanger:Flanger|delay_amp_r[1]                      ;
; Top:top0|DSP:dsp|fuzz:Fuzz|i_L_r[11]                                                                                                       ; Merged with Top:top0|DSP:dsp|Flanger:Flanger|delay_amp_r[1]                      ;
; Top:top0|DSP:dsp|Auto_Wah:Auto_Wah|delay_amp_r[3]                                                                                          ; Merged with Top:top0|DSP:dsp|Flanger:Flanger|delay_amp_r[1]                      ;
; Top:top0|DSP:dsp|fuzz:Fuzz|i_L_r[6,8,10]                                                                                                   ; Merged with Top:top0|DSP:dsp|Flanger:Flanger|delay_amp_r[1]                      ;
; Top:top0|DSP:dsp|Chorus:Chorus|delay_amp_r[3]                                                                                              ; Merged with Top:top0|DSP:dsp|Flanger:Flanger|delay_amp_r[1]                      ;
; Top:top0|DSP:dsp|Auto_Wah:Auto_Wah|delay_base_r[5]                                                                                         ; Merged with Top:top0|DSP:dsp|Flanger:Flanger|delay_amp_r[1]                      ;
; Top:top0|DSP:dsp|Auto_Wah:Auto_Wah|delay_amp_r[1]                                                                                          ; Merged with Top:top0|DSP:dsp|Flanger:Flanger|delay_amp_r[1]                      ;
; Top:top0|DSP:dsp|fuzz:Fuzz|i_L_r[4]                                                                                                        ; Merged with Top:top0|DSP:dsp|Flanger:Flanger|delay_amp_r[1]                      ;
; Top:top0|DSP:dsp|Flanger:Flanger|delay_amp_r[3]                                                                                            ; Merged with Top:top0|DSP:dsp|Flanger:Flanger|delay_amp_r[1]                      ;
; Top:top0|DSP:dsp|Reverb:Reverb|w_rate_r[2]                                                                                                 ; Merged with Top:top0|DSP:dsp|Flanger:Flanger|delay_amp_r[1]                      ;
; Top:top0|DSP:dsp|Flanger:Flanger|gain_r[7]                                                                                                 ; Merged with Top:top0|DSP:dsp|Flanger:Flanger|delay_amp_r[1]                      ;
; Top:top0|DSP:dsp|Overdrive:Overdrive|i_L_r[10]                                                                                             ; Merged with Top:top0|DSP:dsp|Flanger:Flanger|delay_amp_r[1]                      ;
; Top:top0|DSP:dsp|Flanger:Flanger|gain_r[3]                                                                                                 ; Merged with Top:top0|DSP:dsp|Flanger:Flanger|delay_amp_r[1]                      ;
; Top:top0|DSP:dsp|Flanger:Flanger|w_rate_r[3]                                                                                               ; Merged with Top:top0|DSP:dsp|Flanger:Flanger|delay_amp_r[1]                      ;
; Top:top0|DSP:dsp|Chorus:Chorus|inc_r[6]                                                                                                    ; Merged with Top:top0|DSP:dsp|Flanger:Flanger|delay_amp_r[1]                      ;
; Top:top0|DSP:dsp|Overdrive:Overdrive|i_L_r[6]                                                                                              ; Merged with Top:top0|DSP:dsp|Flanger:Flanger|delay_amp_r[1]                      ;
; Top:top0|DSP:dsp|Chorus:Chorus|inc_r[2]                                                                                                    ; Merged with Top:top0|DSP:dsp|Flanger:Flanger|delay_amp_r[1]                      ;
; Top:top0|DSP:dsp|Chorus:Chorus|delay_base_r[10]                                                                                            ; Merged with Top:top0|DSP:dsp|Flanger:Flanger|delay_amp_r[1]                      ;
; Top:top0|DSP:dsp|Chorus:Chorus|delay_amp_r[1]                                                                                              ; Merged with Top:top0|DSP:dsp|Flanger:Flanger|delay_amp_r[1]                      ;
; Top:top0|DSP:dsp|Chorus:Chorus|delay_base_r[2,6]                                                                                           ; Merged with Top:top0|DSP:dsp|Flanger:Flanger|delay_amp_r[1]                      ;
; Top:top0|DSP:dsp|Overdrive:Overdrive|i_L_r[2]                                                                                              ; Merged with Top:top0|DSP:dsp|Flanger:Flanger|delay_amp_r[1]                      ;
; Top:top0|DSP:dsp|Chorus:Chorus|delay_amp_r[2,5,6,10]                                                                                       ; Merged with Top:top0|DSP:dsp|Flanger:Flanger|delay_amp_r[1]                      ;
; Top:top0|DSP:dsp|Chorus:Chorus|w_rate_r[1,2,5,7]                                                                                           ; Merged with Top:top0|DSP:dsp|Flanger:Flanger|delay_amp_r[1]                      ;
; Top:top0|DSP:dsp|Auto_Wah:Auto_Wah|delay_base_r[0,3,4]                                                                                     ; Merged with Top:top0|DSP:dsp|Flanger:Flanger|delay_amp_r[1]                      ;
; Top:top0|DSP:dsp|Auto_Wah:Auto_Wah|delay_amp_r[2,5,6]                                                                                      ; Merged with Top:top0|DSP:dsp|Flanger:Flanger|delay_amp_r[1]                      ;
; Top:top0|DSP:dsp|fuzz:Fuzz|i_gain_r[3]                                                                                                     ; Merged with Top:top0|DSP:dsp|Flanger:Flanger|delay_amp_r[1]                      ;
; Top:top0|DSP:dsp|Auto_Wah:Auto_Wah|w_rate_r[7]                                                                                             ; Merged with Top:top0|DSP:dsp|Flanger:Flanger|delay_amp_r[1]                      ;
; Top:top0|DSP:dsp|Overdrive:Overdrive|i_L_r2[0,4,8]                                                                                         ; Merged with Top:top0|DSP:dsp|Flanger:Flanger|delay_amp_r[1]                      ;
; Top:top0|DSP:dsp|fuzz:Fuzz|i_L_r2[4,6,8,10,11]                                                                                             ; Merged with Top:top0|DSP:dsp|Flanger:Flanger|delay_amp_r[1]                      ;
; Top:top0|DSP:dsp|Overdrive:Overdrive|i_L_r2[2,6,10]                                                                                        ; Merged with Top:top0|DSP:dsp|Flanger:Flanger|delay_amp_r[1]                      ;
; Top:top0|DSP:dsp|fuzz:Fuzz|i_gain_r2[3]                                                                                                    ; Merged with Top:top0|DSP:dsp|Flanger:Flanger|delay_amp_r[1]                      ;
; Top:top0|DSP:dsp|Param_Manager:Param_Manager|o_fz_level[12]                                                                                ; Merged with Top:top0|DSP:dsp|fuzz:Fuzz|i_L_r[12]                                 ;
; Top:top0|DSP:dsp|Param_Manager:Param_Manager|o_od_level[14]                                                                                ; Merged with Top:top0|DSP:dsp|fuzz:Fuzz|i_L_r[12]                                 ;
; Top:top0|DSP:dsp|Param_Manager:Param_Manager|o_dt_level[0]                                                                                 ; Merged with Top:top0|DSP:dsp|fuzz:Fuzz|i_L_r[12]                                 ;
; Top:top0|DSP:dsp|Param_Manager:Param_Manager|o_fg_base[3]                                                                                  ; Merged with Top:top0|DSP:dsp|fuzz:Fuzz|i_L_r[12]                                 ;
; Top:top0|DSP:dsp|Param_Manager:Param_Manager|o_fg_rate[2]                                                                                  ; Merged with Top:top0|DSP:dsp|fuzz:Fuzz|i_L_r[12]                                 ;
; Top:top0|DSP:dsp|Param_Manager:Param_Manager|o_od_level[7]                                                                                 ; Merged with Top:top0|DSP:dsp|fuzz:Fuzz|i_L_r[12]                                 ;
; Top:top0|DSP:dsp|Param_Manager:Param_Manager|o_fg_rate[0]                                                                                  ; Merged with Top:top0|DSP:dsp|fuzz:Fuzz|i_L_r[12]                                 ;
; Top:top0|DSP:dsp|Param_Manager:Param_Manager|o_rv_ap_gain[1]                                                                               ; Merged with Top:top0|DSP:dsp|fuzz:Fuzz|i_L_r[12]                                 ;
; Top:top0|DSP:dsp|Param_Manager:Param_Manager|o_ch_inc[3,5]                                                                                 ; Merged with Top:top0|DSP:dsp|fuzz:Fuzz|i_L_r[12]                                 ;
; Top:top0|DSP:dsp|Param_Manager:Param_Manager|o_ng_rise_rate[7]                                                                             ; Merged with Top:top0|DSP:dsp|fuzz:Fuzz|i_L_r[12]                                 ;
; Top:top0|DSP:dsp|Param_Manager:Param_Manager|o_od_level[5]                                                                                 ; Merged with Top:top0|DSP:dsp|fuzz:Fuzz|i_L_r[12]                                 ;
; Top:top0|DSP:dsp|Param_Manager:Param_Manager|o_ch_base[11]                                                                                 ; Merged with Top:top0|DSP:dsp|fuzz:Fuzz|i_L_r[12]                                 ;
; Top:top0|DSP:dsp|Param_Manager:Param_Manager|o_ng_rise_rate[5]                                                                             ; Merged with Top:top0|DSP:dsp|fuzz:Fuzz|i_L_r[12]                                 ;
; Top:top0|DSP:dsp|Param_Manager:Param_Manager|o_fg_base[2]                                                                                  ; Merged with Top:top0|DSP:dsp|fuzz:Fuzz|i_L_r[12]                                 ;
; Top:top0|DSP:dsp|Param_Manager:Param_Manager|o_ch_base[7]                                                                                  ; Merged with Top:top0|DSP:dsp|fuzz:Fuzz|i_L_r[12]                                 ;
; Top:top0|DSP:dsp|Param_Manager:Param_Manager|o_rv_w_rate[7]                                                                                ; Merged with Top:top0|DSP:dsp|fuzz:Fuzz|i_L_r[12]                                 ;
; Top:top0|DSP:dsp|Param_Manager:Param_Manager|o_fg_base[1]                                                                                  ; Merged with Top:top0|DSP:dsp|fuzz:Fuzz|i_L_r[12]                                 ;
; Top:top0|DSP:dsp|Param_Manager:Param_Manager|o_ch_base[5]                                                                                  ; Merged with Top:top0|DSP:dsp|fuzz:Fuzz|i_L_r[12]                                 ;
; Top:top0|DSP:dsp|Param_Manager:Param_Manager|o_od_level[3]                                                                                 ; Merged with Top:top0|DSP:dsp|fuzz:Fuzz|i_L_r[12]                                 ;
; Top:top0|DSP:dsp|Param_Manager:Param_Manager|o_ch_base[1,3]                                                                                ; Merged with Top:top0|DSP:dsp|fuzz:Fuzz|i_L_r[12]                                 ;
; Top:top0|DSP:dsp|Param_Manager:Param_Manager|o_fg_base[0]                                                                                  ; Merged with Top:top0|DSP:dsp|fuzz:Fuzz|i_L_r[12]                                 ;
; Top:top0|DSP:dsp|Param_Manager:Param_Manager|o_ch_amp[11]                                                                                  ; Merged with Top:top0|DSP:dsp|fuzz:Fuzz|i_L_r[12]                                 ;
; Top:top0|DSP:dsp|Param_Manager:Param_Manager|o_ng_decay_rate[7]                                                                            ; Merged with Top:top0|DSP:dsp|fuzz:Fuzz|i_L_r[12]                                 ;
; Top:top0|DSP:dsp|Param_Manager:Param_Manager|o_ch_amp[9]                                                                                   ; Merged with Top:top0|DSP:dsp|fuzz:Fuzz|i_L_r[12]                                 ;
; Top:top0|DSP:dsp|Param_Manager:Param_Manager|o_od_level[1,13]                                                                              ; Merged with Top:top0|DSP:dsp|fuzz:Fuzz|i_L_r[12]                                 ;
; Top:top0|DSP:dsp|Param_Manager:Param_Manager|o_rv_w_rate[6]                                                                                ; Merged with Top:top0|DSP:dsp|fuzz:Fuzz|i_L_r[12]                                 ;
; Top:top0|DSP:dsp|Param_Manager:Param_Manager|o_fg_amp[9]                                                                                   ; Merged with Top:top0|DSP:dsp|fuzz:Fuzz|i_L_r[12]                                 ;
; Top:top0|DSP:dsp|Param_Manager:Param_Manager|o_ng_decay_rate[5]                                                                            ; Merged with Top:top0|DSP:dsp|fuzz:Fuzz|i_L_r[12]                                 ;
; Top:top0|DSP:dsp|Param_Manager:Param_Manager|o_ng_hold[3]                                                                                  ; Merged with Top:top0|DSP:dsp|fuzz:Fuzz|i_L_r[12]                                 ;
; Top:top0|DSP:dsp|Param_Manager:Param_Manager|o_fg_amp[6,8]                                                                                 ; Merged with Top:top0|DSP:dsp|fuzz:Fuzz|i_L_r[12]                                 ;
; Top:top0|DSP:dsp|Param_Manager:Param_Manager|o_od_level[12]                                                                                ; Merged with Top:top0|DSP:dsp|fuzz:Fuzz|i_L_r[12]                                 ;
; Top:top0|DSP:dsp|Param_Manager:Param_Manager|o_rv_w_rate[4]                                                                                ; Merged with Top:top0|DSP:dsp|fuzz:Fuzz|i_L_r[12]                                 ;
; Top:top0|DSP:dsp|Param_Manager:Param_Manager|o_fg_amp[5]                                                                                   ; Merged with Top:top0|DSP:dsp|fuzz:Fuzz|i_L_r[12]                                 ;
; Top:top0|DSP:dsp|Overdrive:Overdrive|i_L_r[14]                                                                                             ; Merged with Top:top0|DSP:dsp|fuzz:Fuzz|i_L_r[12]                                 ;
; Top:top0|DSP:dsp|distortion:Distortion|i_L_r[0]                                                                                            ; Merged with Top:top0|DSP:dsp|fuzz:Fuzz|i_L_r[12]                                 ;
; Top:top0|DSP:dsp|Flanger:Flanger|delay_base_r[3]                                                                                           ; Merged with Top:top0|DSP:dsp|fuzz:Fuzz|i_L_r[12]                                 ;
; Top:top0|DSP:dsp|Flanger:Flanger|w_rate_r[2]                                                                                               ; Merged with Top:top0|DSP:dsp|fuzz:Fuzz|i_L_r[12]                                 ;
; Top:top0|DSP:dsp|Overdrive:Overdrive|i_L_r[7]                                                                                              ; Merged with Top:top0|DSP:dsp|fuzz:Fuzz|i_L_r[12]                                 ;
; Top:top0|DSP:dsp|Flanger:Flanger|w_rate_r[0]                                                                                               ; Merged with Top:top0|DSP:dsp|fuzz:Fuzz|i_L_r[12]                                 ;
; Top:top0|DSP:dsp|Chorus:Chorus|inc_r[3,5]                                                                                                  ; Merged with Top:top0|DSP:dsp|fuzz:Fuzz|i_L_r[12]                                 ;
; Top:top0|DSP:dsp|Overdrive:Overdrive|i_L_r[5]                                                                                              ; Merged with Top:top0|DSP:dsp|fuzz:Fuzz|i_L_r[12]                                 ;
; Top:top0|DSP:dsp|Chorus:Chorus|delay_base_r[11]                                                                                            ; Merged with Top:top0|DSP:dsp|fuzz:Fuzz|i_L_r[12]                                 ;
; Top:top0|DSP:dsp|Flanger:Flanger|delay_base_r[2]                                                                                           ; Merged with Top:top0|DSP:dsp|fuzz:Fuzz|i_L_r[12]                                 ;
; Top:top0|DSP:dsp|Chorus:Chorus|delay_base_r[7]                                                                                             ; Merged with Top:top0|DSP:dsp|fuzz:Fuzz|i_L_r[12]                                 ;
; Top:top0|DSP:dsp|Reverb:Reverb|w_rate_r[7]                                                                                                 ; Merged with Top:top0|DSP:dsp|fuzz:Fuzz|i_L_r[12]                                 ;
; Top:top0|DSP:dsp|Flanger:Flanger|delay_base_r[1]                                                                                           ; Merged with Top:top0|DSP:dsp|fuzz:Fuzz|i_L_r[12]                                 ;
; Top:top0|DSP:dsp|Chorus:Chorus|delay_base_r[5]                                                                                             ; Merged with Top:top0|DSP:dsp|fuzz:Fuzz|i_L_r[12]                                 ;
; Top:top0|DSP:dsp|Overdrive:Overdrive|i_L_r[3]                                                                                              ; Merged with Top:top0|DSP:dsp|fuzz:Fuzz|i_L_r[12]                                 ;
; Top:top0|DSP:dsp|Chorus:Chorus|delay_base_r[1,3]                                                                                           ; Merged with Top:top0|DSP:dsp|fuzz:Fuzz|i_L_r[12]                                 ;
; Top:top0|DSP:dsp|Flanger:Flanger|delay_base_r[0]                                                                                           ; Merged with Top:top0|DSP:dsp|fuzz:Fuzz|i_L_r[12]                                 ;
; Top:top0|DSP:dsp|Chorus:Chorus|delay_amp_r[9,11]                                                                                           ; Merged with Top:top0|DSP:dsp|fuzz:Fuzz|i_L_r[12]                                 ;
; Top:top0|DSP:dsp|Overdrive:Overdrive|i_L_r[1,13]                                                                                           ; Merged with Top:top0|DSP:dsp|fuzz:Fuzz|i_L_r[12]                                 ;
; Top:top0|DSP:dsp|Reverb:Reverb|w_rate_r[6]                                                                                                 ; Merged with Top:top0|DSP:dsp|fuzz:Fuzz|i_L_r[12]                                 ;
; Top:top0|DSP:dsp|Flanger:Flanger|delay_amp_r[6,8,9]                                                                                        ; Merged with Top:top0|DSP:dsp|fuzz:Fuzz|i_L_r[12]                                 ;
; Top:top0|DSP:dsp|Overdrive:Overdrive|i_L_r[12]                                                                                             ; Merged with Top:top0|DSP:dsp|fuzz:Fuzz|i_L_r[12]                                 ;
; Top:top0|DSP:dsp|Reverb:Reverb|w_rate_r[4]                                                                                                 ; Merged with Top:top0|DSP:dsp|fuzz:Fuzz|i_L_r[12]                                 ;
; Top:top0|DSP:dsp|Flanger:Flanger|delay_amp_r[5]                                                                                            ; Merged with Top:top0|DSP:dsp|fuzz:Fuzz|i_L_r[12]                                 ;
; Top:top0|DSP:dsp|Overdrive:Overdrive|i_L_r2[14]                                                                                            ; Merged with Top:top0|DSP:dsp|fuzz:Fuzz|i_L_r[12]                                 ;
; Top:top0|DSP:dsp|distortion:Distortion|i_L_r2[0]                                                                                           ; Merged with Top:top0|DSP:dsp|fuzz:Fuzz|i_L_r[12]                                 ;
; Top:top0|DSP:dsp|Overdrive:Overdrive|i_L_r2[1,3,5,7,12,13]                                                                                 ; Merged with Top:top0|DSP:dsp|fuzz:Fuzz|i_L_r[12]                                 ;
; Top:top0|DSP:dsp|fuzz:Fuzz|i_L_r[12]                                                                                                       ; Merged with Top:top0|DSP:dsp|fuzz:Fuzz|i_L_r2[12]                                ;
; Top:top0|DSP:dsp|Param_Manager:Param_Manager|o_ng_hold[11]                                                                                 ; Merged with Top:top0|DSP:dsp|Param_Manager:Param_Manager|o_volume_control[0]     ;
; Top:top0|DSP:dsp|Param_Manager:Param_Manager|o_de_feedback[6]                                                                              ; Merged with Top:top0|DSP:dsp|Param_Manager:Param_Manager|o_volume_control[0]     ;
; Top:top0|DSP:dsp|Param_Manager:Param_Manager|o_ng_hold[12]                                                                                 ; Merged with Top:top0|DSP:dsp|Param_Manager:Param_Manager|o_volume_control[0]     ;
; Top:top0|DSP:dsp|Param_Manager:Param_Manager|o_fz_level[15]                                                                                ; Merged with Top:top0|DSP:dsp|Param_Manager:Param_Manager|o_volume_control[0]     ;
; Top:top0|DSP:dsp|Param_Manager:Param_Manager|o_od_gain[4]                                                                                  ; Merged with Top:top0|DSP:dsp|Param_Manager:Param_Manager|o_volume_control[0]     ;
; Top:top0|DSP:dsp|Param_Manager:Param_Manager|o_rv_w_rate[5]                                                                                ; Merged with Top:top0|DSP:dsp|Param_Manager:Param_Manager|o_volume_control[0]     ;
; Top:top0|DSP:dsp|Param_Manager:Param_Manager|o_rv_ap_gain[4]                                                                               ; Merged with Top:top0|DSP:dsp|Param_Manager:Param_Manager|o_volume_control[0]     ;
; Top:top0|DSP:dsp|Param_Manager:Param_Manager|o_fg_base[9]                                                                                  ; Merged with Top:top0|DSP:dsp|Param_Manager:Param_Manager|o_volume_control[0]     ;
; Top:top0|DSP:dsp|Param_Manager:Param_Manager|o_de_time[10]                                                                                 ; Merged with Top:top0|DSP:dsp|Param_Manager:Param_Manager|o_volume_control[0]     ;
; Top:top0|DSP:dsp|Param_Manager:Param_Manager|o_dt_level[15]                                                                                ; Merged with Top:top0|DSP:dsp|Param_Manager:Param_Manager|o_volume_control[0]     ;
; Top:top0|DSP:dsp|Param_Manager:Param_Manager|o_ng_hold[7]                                                                                  ; Merged with Top:top0|DSP:dsp|Param_Manager:Param_Manager|o_volume_control[0]     ;
; Top:top0|DSP:dsp|Param_Manager:Param_Manager|o_fg_inc[1]                                                                                   ; Merged with Top:top0|DSP:dsp|Param_Manager:Param_Manager|o_volume_control[0]     ;
; Top:top0|DSP:dsp|Param_Manager:Param_Manager|o_ng_rise_rate[3]                                                                             ; Merged with Top:top0|DSP:dsp|Param_Manager:Param_Manager|o_volume_control[0]     ;
; Top:top0|DSP:dsp|Param_Manager:Param_Manager|o_aw_rate[6]                                                                                  ; Merged with Top:top0|DSP:dsp|Param_Manager:Param_Manager|o_volume_control[0]     ;
; Top:top0|DSP:dsp|Param_Manager:Param_Manager|o_fg_gain[6]                                                                                  ; Merged with Top:top0|DSP:dsp|Param_Manager:Param_Manager|o_volume_control[0]     ;
; Top:top0|DSP:dsp|Param_Manager:Param_Manager|o_de_time[11]                                                                                 ; Merged with Top:top0|DSP:dsp|Param_Manager:Param_Manager|o_volume_control[0]     ;
; Top:top0|DSP:dsp|Param_Manager:Param_Manager|o_dt_gain[2]                                                                                  ; Merged with Top:top0|DSP:dsp|Param_Manager:Param_Manager|o_volume_control[0]     ;
; Top:top0|DSP:dsp|Param_Manager:Param_Manager|o_volume_control[2,6]                                                                         ; Merged with Top:top0|DSP:dsp|Param_Manager:Param_Manager|o_volume_control[0]     ;
; Top:top0|DSP:dsp|Param_Manager:Param_Manager|o_aw_amp[7]                                                                                   ; Merged with Top:top0|DSP:dsp|Param_Manager:Param_Manager|o_volume_control[0]     ;
; Top:top0|DSP:dsp|Param_Manager:Param_Manager|o_dt_gain[7]                                                                                  ; Merged with Top:top0|DSP:dsp|Param_Manager:Param_Manager|o_volume_control[0]     ;
; Top:top0|DSP:dsp|Param_Manager:Param_Manager|o_od_gain[7]                                                                                  ; Merged with Top:top0|DSP:dsp|Param_Manager:Param_Manager|o_volume_control[0]     ;
; Top:top0|DSP:dsp|Param_Manager:Param_Manager|o_de_time[7]                                                                                  ; Merged with Top:top0|DSP:dsp|Param_Manager:Param_Manager|o_volume_control[0]     ;
; Top:top0|DSP:dsp|Param_Manager:Param_Manager|o_od_gain[2]                                                                                  ; Merged with Top:top0|DSP:dsp|Param_Manager:Param_Manager|o_volume_control[0]     ;
; Top:top0|DSP:dsp|Param_Manager:Param_Manager|o_volume_control[4]                                                                           ; Merged with Top:top0|DSP:dsp|Param_Manager:Param_Manager|o_volume_control[0]     ;
; Top:top0|DSP:dsp|Param_Manager:Param_Manager|o_ng_hold[10]                                                                                 ; Merged with Top:top0|DSP:dsp|Param_Manager:Param_Manager|o_volume_control[0]     ;
; Top:top0|DSP:dsp|Param_Manager:Param_Manager|o_ch_rate[6]                                                                                  ; Merged with Top:top0|DSP:dsp|Param_Manager:Param_Manager|o_volume_control[0]     ;
; Top:top0|DSP:dsp|Param_Manager:Param_Manager|o_de_time[13]                                                                                 ; Merged with Top:top0|DSP:dsp|Param_Manager:Param_Manager|o_volume_control[0]     ;
; Top:top0|DSP:dsp|Param_Manager:Param_Manager|o_fg_rate[6]                                                                                  ; Merged with Top:top0|DSP:dsp|Param_Manager:Param_Manager|o_volume_control[0]     ;
; Top:top0|DSP:dsp|Param_Manager:Param_Manager|o_fz_gain[2]                                                                                  ; Merged with Top:top0|DSP:dsp|Param_Manager:Param_Manager|o_volume_control[0]     ;
; Top:top0|DSP:dsp|Param_Manager:Param_Manager|o_de_time[9]                                                                                  ; Merged with Top:top0|DSP:dsp|Param_Manager:Param_Manager|o_volume_control[0]     ;
; Top:top0|DSP:dsp|Param_Manager:Param_Manager|o_od_gain[5]                                                                                  ; Merged with Top:top0|DSP:dsp|Param_Manager:Param_Manager|o_volume_control[0]     ;
; Top:top0|DSP:dsp|Param_Manager:Param_Manager|o_ng_decay_rate[1]                                                                            ; Merged with Top:top0|DSP:dsp|Param_Manager:Param_Manager|o_volume_control[0]     ;
; Top:top0|DSP:dsp|Param_Manager:Param_Manager|o_de_mix[5]                                                                                   ; Merged with Top:top0|DSP:dsp|Param_Manager:Param_Manager|o_volume_control[0]     ;
; Top:top0|DSP:dsp|Param_Manager:Param_Manager|o_ng_thres_hi[10]                                                                             ; Merged with Top:top0|DSP:dsp|Param_Manager:Param_Manager|o_volume_control[0]     ;
; Top:top0|DSP:dsp|Param_Manager:Param_Manager|o_dt_gain[5]                                                                                  ; Merged with Top:top0|DSP:dsp|Param_Manager:Param_Manager|o_volume_control[0]     ;
; Top:top0|DSP:dsp|Param_Manager:Param_Manager|o_de_time[5]                                                                                  ; Merged with Top:top0|DSP:dsp|Param_Manager:Param_Manager|o_volume_control[0]     ;
; Top:top0|DSP:dsp|Param_Manager:Param_Manager|o_od_gain[8]                                                                                  ; Merged with Top:top0|DSP:dsp|Param_Manager:Param_Manager|o_volume_control[0]     ;
; Top:top0|DSP:dsp|Param_Manager:Param_Manager|o_ch_inc[1]                                                                                   ; Merged with Top:top0|DSP:dsp|Param_Manager:Param_Manager|o_volume_control[0]     ;
; Top:top0|DSP:dsp|Param_Manager:Param_Manager|o_fz_gain[6]                                                                                  ; Merged with Top:top0|DSP:dsp|Param_Manager:Param_Manager|o_volume_control[0]     ;
; Top:top0|DSP:dsp|Param_Manager:Param_Manager|o_volume_control[1]                                                                           ; Merged with Top:top0|DSP:dsp|Param_Manager:Param_Manager|o_volume_control[0]     ;
; Top:top0|DSP:dsp|Param_Manager:Param_Manager|o_fz_gain[4]                                                                                  ; Merged with Top:top0|DSP:dsp|Param_Manager:Param_Manager|o_volume_control[0]     ;
; Top:top0|DSP:dsp|Param_Manager:Param_Manager|o_ng_hold[6,8]                                                                                ; Merged with Top:top0|DSP:dsp|Param_Manager:Param_Manager|o_volume_control[0]     ;
; Top:top0|DSP:dsp|Param_Manager:Param_Manager|o_aw_base[9]                                                                                  ; Merged with Top:top0|DSP:dsp|Param_Manager:Param_Manager|o_volume_control[0]     ;
; Top:top0|DSP:dsp|Param_Manager:Param_Manager|o_de_time[6]                                                                                  ; Merged with Top:top0|DSP:dsp|Param_Manager:Param_Manager|o_volume_control[0]     ;
; Top:top0|DSP:dsp|Param_Manager:Param_Manager|o_dt_gain[4]                                                                                  ; Merged with Top:top0|DSP:dsp|Param_Manager:Param_Manager|o_volume_control[0]     ;
; Top:top0|DSP:dsp|Param_Manager:Param_Manager|o_od_gain[6]                                                                                  ; Merged with Top:top0|DSP:dsp|Param_Manager:Param_Manager|o_volume_control[0]     ;
; Top:top0|DSP:dsp|Param_Manager:Param_Manager|o_dt_gain[6]                                                                                  ; Merged with Top:top0|DSP:dsp|Param_Manager:Param_Manager|o_volume_control[0]     ;
; Top:top0|DSP:dsp|Param_Manager:Param_Manager|o_ng_rise_rate[1]                                                                             ; Merged with Top:top0|DSP:dsp|Param_Manager:Param_Manager|o_volume_control[0]     ;
; Top:top0|DSP:dsp|Param_Manager:Param_Manager|o_volume_control[3]                                                                           ; Merged with Top:top0|DSP:dsp|Param_Manager:Param_Manager|o_volume_control[0]     ;
; Top:top0|DSP:dsp|Param_Manager:Param_Manager|o_fz_gain[5]                                                                                  ; Merged with Top:top0|DSP:dsp|Param_Manager:Param_Manager|o_volume_control[0]     ;
; Top:top0|DSP:dsp|Param_Manager:Param_Manager|o_rv_ap_gain[3]                                                                               ; Merged with Top:top0|DSP:dsp|Param_Manager:Param_Manager|o_volume_control[0]     ;
; Top:top0|DSP:dsp|Param_Manager:Param_Manager|o_od_level[15]                                                                                ; Merged with Top:top0|DSP:dsp|Param_Manager:Param_Manager|o_volume_control[0]     ;
; Top:top0|DSP:dsp|Param_Manager:Param_Manager|o_fz_gain[7]                                                                                  ; Merged with Top:top0|DSP:dsp|Param_Manager:Param_Manager|o_volume_control[0]     ;
; Top:top0|DSP:dsp|Param_Manager:Param_Manager|o_fg_amp[7]                                                                                   ; Merged with Top:top0|DSP:dsp|Param_Manager:Param_Manager|o_volume_control[0]     ;
; Top:top0|DSP:dsp|Param_Manager:Param_Manager|o_ng_hold[14]                                                                                 ; Merged with Top:top0|DSP:dsp|Param_Manager:Param_Manager|o_volume_control[0]     ;
; Top:top0|DSP:dsp|Param_Manager:Param_Manager|o_ch_base[9]                                                                                  ; Merged with Top:top0|DSP:dsp|Param_Manager:Param_Manager|o_volume_control[0]     ;
; Top:top0|DSP:dsp|Param_Manager:Param_Manager|o_ch_amp[7]                                                                                   ; Merged with Top:top0|DSP:dsp|Param_Manager:Param_Manager|o_volume_control[0]     ;
; Top:top0|DSP:dsp|Param_Manager:Param_Manager|o_volume_control[5]                                                                           ; Merged with Top:top0|DSP:dsp|Param_Manager:Param_Manager|o_volume_control[0]     ;
; Top:top0|DSP:dsp|Param_Manager:Param_Manager|o_ng_thres_lo[9]                                                                              ; Merged with Top:top0|DSP:dsp|Param_Manager:Param_Manager|o_volume_control[0]     ;
; Top:top0|DSP:dsp|Param_Manager:Param_Manager|o_ng_hold[2]                                                                                  ; Merged with Top:top0|DSP:dsp|Param_Manager:Param_Manager|o_od_gain[9]            ;
; Top:top0|DSP:dsp|Param_Manager:Param_Manager|o_aw_rate[2]                                                                                  ; Merged with Top:top0|DSP:dsp|Param_Manager:Param_Manager|o_od_gain[9]            ;
; Top:top0|DSP:dsp|Param_Manager:Param_Manager|o_ng_thres_lo[14]                                                                             ; Merged with Top:top0|DSP:dsp|Param_Manager:Param_Manager|o_od_gain[9]            ;
; Top:top0|DSP:dsp|Param_Manager:Param_Manager|o_fz_level[13]                                                                                ; Merged with Top:top0|DSP:dsp|Param_Manager:Param_Manager|o_od_gain[9]            ;
; Top:top0|DSP:dsp|Param_Manager:Param_Manager|o_ng_thres_hi[8]                                                                              ; Merged with Top:top0|DSP:dsp|Param_Manager:Param_Manager|o_od_gain[9]            ;
; Top:top0|DSP:dsp|Param_Manager:Param_Manager|o_fz_gain[1]                                                                                  ; Merged with Top:top0|DSP:dsp|Param_Manager:Param_Manager|o_od_gain[9]            ;
; Top:top0|DSP:dsp|Param_Manager:Param_Manager|o_fz_level[2]                                                                                 ; Merged with Top:top0|DSP:dsp|Param_Manager:Param_Manager|o_od_gain[9]            ;
; Top:top0|DSP:dsp|Param_Manager:Param_Manager|o_ng_thres_hi[6]                                                                              ; Merged with Top:top0|DSP:dsp|Param_Manager:Param_Manager|o_od_gain[9]            ;
; Top:top0|DSP:dsp|Param_Manager:Param_Manager|o_ng_thres_lo[6,8]                                                                            ; Merged with Top:top0|DSP:dsp|Param_Manager:Param_Manager|o_od_gain[9]            ;
; Top:top0|DSP:dsp|Param_Manager:Param_Manager|o_fz_level[9]                                                                                 ; Merged with Top:top0|DSP:dsp|Param_Manager:Param_Manager|o_od_gain[9]            ;
; Top:top0|DSP:dsp|Param_Manager:Param_Manager|o_ng_thres_lo[4]                                                                              ; Merged with Top:top0|DSP:dsp|Param_Manager:Param_Manager|o_od_gain[9]            ;
; Top:top0|DSP:dsp|Param_Manager:Param_Manager|o_ng_thres_hi[4]                                                                              ; Merged with Top:top0|DSP:dsp|Param_Manager:Param_Manager|o_od_gain[9]            ;
; Top:top0|DSP:dsp|Param_Manager:Param_Manager|o_ng_thres_lo[2]                                                                              ; Merged with Top:top0|DSP:dsp|Param_Manager:Param_Manager|o_od_gain[9]            ;
; Top:top0|DSP:dsp|Param_Manager:Param_Manager|o_fz_level[7]                                                                                 ; Merged with Top:top0|DSP:dsp|Param_Manager:Param_Manager|o_od_gain[9]            ;
; Top:top0|DSP:dsp|Param_Manager:Param_Manager|o_ng_thres_lo[0]                                                                              ; Merged with Top:top0|DSP:dsp|Param_Manager:Param_Manager|o_od_gain[9]            ;
; Top:top0|DSP:dsp|Param_Manager:Param_Manager|o_fz_gain[0]                                                                                  ; Merged with Top:top0|DSP:dsp|Param_Manager:Param_Manager|o_od_gain[9]            ;
; Top:top0|DSP:dsp|Param_Manager:Param_Manager|o_ng_thres_hi[13]                                                                             ; Merged with Top:top0|DSP:dsp|Param_Manager:Param_Manager|o_od_gain[9]            ;
; Top:top0|DSP:dsp|Param_Manager:Param_Manager|o_fz_level[5]                                                                                 ; Merged with Top:top0|DSP:dsp|Param_Manager:Param_Manager|o_od_gain[9]            ;
; Top:top0|DSP:dsp|Param_Manager:Param_Manager|o_ng_thres_hi[3]                                                                              ; Merged with Top:top0|DSP:dsp|Param_Manager:Param_Manager|o_od_gain[9]            ;
; Top:top0|DSP:dsp|Param_Manager:Param_Manager|o_fz_level[0]                                                                                 ; Merged with Top:top0|DSP:dsp|Param_Manager:Param_Manager|o_od_gain[9]            ;
; Top:top0|DSP:dsp|Param_Manager:Param_Manager|o_ng_thres_hi[2,9]                                                                            ; Merged with Top:top0|DSP:dsp|Param_Manager:Param_Manager|o_od_gain[9]            ;
; Top:top0|DSP:dsp|Param_Manager:Param_Manager|o_fz_level[3]                                                                                 ; Merged with Top:top0|DSP:dsp|Param_Manager:Param_Manager|o_od_gain[9]            ;
; Top:top0|DSP:dsp|Param_Manager:Param_Manager|o_ng_thres_hi[7]                                                                              ; Merged with Top:top0|DSP:dsp|Param_Manager:Param_Manager|o_od_gain[9]            ;
; Top:top0|DSP:dsp|Param_Manager:Param_Manager|o_aw_rate[3]                                                                                  ; Merged with Top:top0|DSP:dsp|Param_Manager:Param_Manager|o_od_gain[9]            ;
; Top:top0|DSP:dsp|Param_Manager:Param_Manager|o_ng_thres_hi[5]                                                                              ; Merged with Top:top0|DSP:dsp|Param_Manager:Param_Manager|o_od_gain[9]            ;
; Top:top0|DSP:dsp|Param_Manager:Param_Manager|o_fz_level[1]                                                                                 ; Merged with Top:top0|DSP:dsp|Param_Manager:Param_Manager|o_od_gain[9]            ;
; Top:top0|DSP:dsp|Param_Manager:Param_Manager|o_ng_thres_hi[0,1]                                                                            ; Merged with Top:top0|DSP:dsp|Param_Manager:Param_Manager|o_od_gain[9]            ;
; Top:top0|DSP:dsp|Param_Manager:Param_Manager|o_de_time[14,15]                                                                              ; Merged with Top:top0|DSP:dsp|Param_Manager:Param_Manager|o_od_gain[9]            ;
; Top:top0|DSP:dsp|Param_Manager:Param_Manager|o_aw_rate[5]                                                                                  ; Merged with Top:top0|DSP:dsp|Param_Manager:Param_Manager|o_od_gain[9]            ;
; Top:top0|DSP:dsp|Param_Manager:Param_Manager|o_ng_hold[1]                                                                                  ; Merged with Top:top0|DSP:dsp|Param_Manager:Param_Manager|o_od_gain[9]            ;
; Top:top0|DSP:dsp|Param_Manager:Param_Manager|o_de_time[12]                                                                                 ; Merged with Top:top0|DSP:dsp|Param_Manager:Param_Manager|o_od_gain[9]            ;
; Top:top0|DSP:dsp|Param_Manager:Param_Manager|o_dt_gain[3]                                                                                  ; Merged with Top:top0|DSP:dsp|Param_Manager:Param_Manager|o_od_gain[9]            ;
; Top:top0|DSP:dsp|Param_Manager:Param_Manager|o_de_time[3,4,8]                                                                              ; Merged with Top:top0|DSP:dsp|Param_Manager:Param_Manager|o_od_gain[9]            ;
; Top:top0|DSP:dsp|Param_Manager:Param_Manager|o_dt_gain[0]                                                                                  ; Merged with Top:top0|DSP:dsp|Param_Manager:Param_Manager|o_od_gain[9]            ;
; Top:top0|DSP:dsp|Param_Manager:Param_Manager|o_de_time[2]                                                                                  ; Merged with Top:top0|DSP:dsp|Param_Manager:Param_Manager|o_od_gain[9]            ;
; Top:top0|DSP:dsp|Param_Manager:Param_Manager|o_dt_gain[1]                                                                                  ; Merged with Top:top0|DSP:dsp|Param_Manager:Param_Manager|o_od_gain[9]            ;
; Top:top0|DSP:dsp|Param_Manager:Param_Manager|o_fz_level[14]                                                                                ; Merged with Top:top0|DSP:dsp|Param_Manager:Param_Manager|o_od_gain[9]            ;
; Top:top0|DSP:dsp|Param_Manager:Param_Manager|o_de_time[0,1]                                                                                ; Merged with Top:top0|DSP:dsp|Param_Manager:Param_Manager|o_od_gain[9]            ;
; Top:top0|DSP:dsp|Param_Manager:Param_Manager|o_dt_level[14]                                                                                ; Merged with Top:top0|DSP:dsp|Param_Manager:Param_Manager|o_od_gain[9]            ;
; Top:top0|DSP:dsp|Param_Manager:Param_Manager|o_de_feedback[4,7]                                                                            ; Merged with Top:top0|DSP:dsp|Param_Manager:Param_Manager|o_od_gain[9]            ;
; Top:top0|DSP:dsp|Param_Manager:Param_Manager|o_aw_rate[1]                                                                                  ; Merged with Top:top0|DSP:dsp|Param_Manager:Param_Manager|o_od_gain[9]            ;
; Top:top0|DSP:dsp|Param_Manager:Param_Manager|o_de_feedback[3]                                                                              ; Merged with Top:top0|DSP:dsp|Param_Manager:Param_Manager|o_od_gain[9]            ;
; Top:top0|DSP:dsp|Param_Manager:Param_Manager|o_dt_level[12]                                                                                ; Merged with Top:top0|DSP:dsp|Param_Manager:Param_Manager|o_od_gain[9]            ;
; Top:top0|DSP:dsp|Param_Manager:Param_Manager|o_de_feedback[2,5]                                                                            ; Merged with Top:top0|DSP:dsp|Param_Manager:Param_Manager|o_od_gain[9]            ;
; Top:top0|DSP:dsp|Param_Manager:Param_Manager|o_dt_level[13]                                                                                ; Merged with Top:top0|DSP:dsp|Param_Manager:Param_Manager|o_od_gain[9]            ;
; Top:top0|DSP:dsp|Param_Manager:Param_Manager|o_de_feedback[1]                                                                              ; Merged with Top:top0|DSP:dsp|Param_Manager:Param_Manager|o_od_gain[9]            ;
; Top:top0|DSP:dsp|Param_Manager:Param_Manager|o_dt_level[11]                                                                                ; Merged with Top:top0|DSP:dsp|Param_Manager:Param_Manager|o_od_gain[9]            ;
; Top:top0|DSP:dsp|Param_Manager:Param_Manager|o_de_feedback[0]                                                                              ; Merged with Top:top0|DSP:dsp|Param_Manager:Param_Manager|o_od_gain[9]            ;
; Top:top0|DSP:dsp|Param_Manager:Param_Manager|o_de_mix[7]                                                                                   ; Merged with Top:top0|DSP:dsp|Param_Manager:Param_Manager|o_od_gain[9]            ;
; Top:top0|DSP:dsp|Param_Manager:Param_Manager|o_od_gain[3]                                                                                  ; Merged with Top:top0|DSP:dsp|Param_Manager:Param_Manager|o_od_gain[9]            ;
; Top:top0|DSP:dsp|Param_Manager:Param_Manager|o_dt_level[10]                                                                                ; Merged with Top:top0|DSP:dsp|Param_Manager:Param_Manager|o_od_gain[9]            ;
; Top:top0|DSP:dsp|Param_Manager:Param_Manager|o_de_mix[6]                                                                                   ; Merged with Top:top0|DSP:dsp|Param_Manager:Param_Manager|o_od_gain[9]            ;
; Top:top0|DSP:dsp|Param_Manager:Param_Manager|o_dt_level[9]                                                                                 ; Merged with Top:top0|DSP:dsp|Param_Manager:Param_Manager|o_od_gain[9]            ;
; Top:top0|DSP:dsp|Param_Manager:Param_Manager|o_de_mix[3,4]                                                                                 ; Merged with Top:top0|DSP:dsp|Param_Manager:Param_Manager|o_od_gain[9]            ;
; Top:top0|DSP:dsp|Param_Manager:Param_Manager|o_dt_level[8]                                                                                 ; Merged with Top:top0|DSP:dsp|Param_Manager:Param_Manager|o_od_gain[9]            ;
; Top:top0|DSP:dsp|Param_Manager:Param_Manager|o_de_mix[1,2]                                                                                 ; Merged with Top:top0|DSP:dsp|Param_Manager:Param_Manager|o_od_gain[9]            ;
; Top:top0|DSP:dsp|Param_Manager:Param_Manager|o_dt_level[7]                                                                                 ; Merged with Top:top0|DSP:dsp|Param_Manager:Param_Manager|o_od_gain[9]            ;
; Top:top0|DSP:dsp|Param_Manager:Param_Manager|o_de_mix[0]                                                                                   ; Merged with Top:top0|DSP:dsp|Param_Manager:Param_Manager|o_od_gain[9]            ;
; Top:top0|DSP:dsp|Param_Manager:Param_Manager|o_fg_inc[6]                                                                                   ; Merged with Top:top0|DSP:dsp|Param_Manager:Param_Manager|o_od_gain[9]            ;
; Top:top0|DSP:dsp|Param_Manager:Param_Manager|o_od_gain[1]                                                                                  ; Merged with Top:top0|DSP:dsp|Param_Manager:Param_Manager|o_od_gain[9]            ;
; Top:top0|DSP:dsp|Param_Manager:Param_Manager|o_dt_level[6]                                                                                 ; Merged with Top:top0|DSP:dsp|Param_Manager:Param_Manager|o_od_gain[9]            ;
; Top:top0|DSP:dsp|Param_Manager:Param_Manager|o_fg_inc[4,5]                                                                                 ; Merged with Top:top0|DSP:dsp|Param_Manager:Param_Manager|o_od_gain[9]            ;
; Top:top0|DSP:dsp|Param_Manager:Param_Manager|o_dt_level[5]                                                                                 ; Merged with Top:top0|DSP:dsp|Param_Manager:Param_Manager|o_od_gain[9]            ;
; Top:top0|DSP:dsp|Param_Manager:Param_Manager|o_fg_inc[3]                                                                                   ; Merged with Top:top0|DSP:dsp|Param_Manager:Param_Manager|o_od_gain[9]            ;
; Top:top0|DSP:dsp|Param_Manager:Param_Manager|o_od_gain[0]                                                                                  ; Merged with Top:top0|DSP:dsp|Param_Manager:Param_Manager|o_od_gain[9]            ;
; Top:top0|DSP:dsp|Param_Manager:Param_Manager|o_dt_level[4]                                                                                 ; Merged with Top:top0|DSP:dsp|Param_Manager:Param_Manager|o_od_gain[9]            ;
; Top:top0|DSP:dsp|Param_Manager:Param_Manager|o_fg_inc[2]                                                                                   ; Merged with Top:top0|DSP:dsp|Param_Manager:Param_Manager|o_od_gain[9]            ;
; Top:top0|DSP:dsp|Param_Manager:Param_Manager|o_dt_level[3]                                                                                 ; Merged with Top:top0|DSP:dsp|Param_Manager:Param_Manager|o_od_gain[9]            ;
; Top:top0|DSP:dsp|Param_Manager:Param_Manager|o_fg_inc[0]                                                                                   ; Merged with Top:top0|DSP:dsp|Param_Manager:Param_Manager|o_od_gain[9]            ;
; Top:top0|DSP:dsp|Param_Manager:Param_Manager|o_fg_base[8]                                                                                  ; Merged with Top:top0|DSP:dsp|Param_Manager:Param_Manager|o_od_gain[9]            ;
; Top:top0|DSP:dsp|Param_Manager:Param_Manager|o_dt_level[2]                                                                                 ; Merged with Top:top0|DSP:dsp|Param_Manager:Param_Manager|o_od_gain[9]            ;
; Top:top0|DSP:dsp|Param_Manager:Param_Manager|o_fg_base[7]                                                                                  ; Merged with Top:top0|DSP:dsp|Param_Manager:Param_Manager|o_od_gain[9]            ;
; Top:top0|DSP:dsp|Param_Manager:Param_Manager|o_fg_amp[4]                                                                                   ; Merged with Top:top0|DSP:dsp|Param_Manager:Param_Manager|o_od_gain[9]            ;
; Top:top0|DSP:dsp|Param_Manager:Param_Manager|o_rv_w_rate[3]                                                                                ; Merged with Top:top0|DSP:dsp|Param_Manager:Param_Manager|o_od_gain[9]            ;
; Top:top0|DSP:dsp|Param_Manager:Param_Manager|o_fg_amp[2]                                                                                   ; Merged with Top:top0|DSP:dsp|Param_Manager:Param_Manager|o_od_gain[9]            ;
; Top:top0|DSP:dsp|Param_Manager:Param_Manager|o_od_level[11]                                                                                ; Merged with Top:top0|DSP:dsp|Param_Manager:Param_Manager|o_od_gain[9]            ;
; Top:top0|DSP:dsp|Param_Manager:Param_Manager|o_fg_amp[0]                                                                                   ; Merged with Top:top0|DSP:dsp|Param_Manager:Param_Manager|o_od_gain[9]            ;
; Top:top0|DSP:dsp|Param_Manager:Param_Manager|o_rv_w_rate[1]                                                                                ; Merged with Top:top0|DSP:dsp|Param_Manager:Param_Manager|o_od_gain[9]            ;
; Top:top0|DSP:dsp|Param_Manager:Param_Manager|o_fg_base[6]                                                                                  ; Merged with Top:top0|DSP:dsp|Param_Manager:Param_Manager|o_od_gain[9]            ;
; Top:top0|DSP:dsp|Param_Manager:Param_Manager|o_fg_gain[4]                                                                                  ; Merged with Top:top0|DSP:dsp|Param_Manager:Param_Manager|o_od_gain[9]            ;
; Top:top0|DSP:dsp|Param_Manager:Param_Manager|o_rv_ap_gain[7]                                                                               ; Merged with Top:top0|DSP:dsp|Param_Manager:Param_Manager|o_od_gain[9]            ;
; Top:top0|DSP:dsp|Param_Manager:Param_Manager|o_fg_gain[2]                                                                                  ; Merged with Top:top0|DSP:dsp|Param_Manager:Param_Manager|o_od_gain[9]            ;
; Top:top0|DSP:dsp|Param_Manager:Param_Manager|o_od_level[9]                                                                                 ; Merged with Top:top0|DSP:dsp|Param_Manager:Param_Manager|o_od_gain[9]            ;
; Top:top0|DSP:dsp|Param_Manager:Param_Manager|o_fg_gain[0]                                                                                  ; Merged with Top:top0|DSP:dsp|Param_Manager:Param_Manager|o_od_gain[9]            ;
; Top:top0|DSP:dsp|Param_Manager:Param_Manager|o_dt_level[1]                                                                                 ; Merged with Top:top0|DSP:dsp|Param_Manager:Param_Manager|o_od_gain[9]            ;
; Top:top0|DSP:dsp|Param_Manager:Param_Manager|o_fg_base[4,5]                                                                                ; Merged with Top:top0|DSP:dsp|Param_Manager:Param_Manager|o_od_gain[9]            ;
; Top:top0|DSP:dsp|Param_Manager:Param_Manager|o_fg_rate[4]                                                                                  ; Merged with Top:top0|DSP:dsp|Param_Manager:Param_Manager|o_od_gain[9]            ;
; Top:top0|DSP:dsp|Auto_Wah:Auto_Wah|w_rate_r[2]                                                                                             ; Merged with Top:top0|DSP:dsp|Param_Manager:Param_Manager|o_od_gain[9]            ;
; Top:top0|DSP:dsp|fuzz:Fuzz|i_L_r[13]                                                                                                       ; Merged with Top:top0|DSP:dsp|Param_Manager:Param_Manager|o_od_gain[9]            ;
; Top:top0|DSP:dsp|fuzz:Fuzz|i_gain_r[1]                                                                                                     ; Merged with Top:top0|DSP:dsp|Param_Manager:Param_Manager|o_od_gain[9]            ;
; Top:top0|DSP:dsp|fuzz:Fuzz|i_L_r[2,7,9]                                                                                                    ; Merged with Top:top0|DSP:dsp|Param_Manager:Param_Manager|o_od_gain[9]            ;
; Top:top0|DSP:dsp|fuzz:Fuzz|i_gain_r[0]                                                                                                     ; Merged with Top:top0|DSP:dsp|Param_Manager:Param_Manager|o_od_gain[9]            ;
; Top:top0|DSP:dsp|fuzz:Fuzz|i_L_r[0,3,5]                                                                                                    ; Merged with Top:top0|DSP:dsp|Param_Manager:Param_Manager|o_od_gain[9]            ;
; Top:top0|DSP:dsp|Auto_Wah:Auto_Wah|w_rate_r[3]                                                                                             ; Merged with Top:top0|DSP:dsp|Param_Manager:Param_Manager|o_od_gain[9]            ;
; Top:top0|DSP:dsp|fuzz:Fuzz|i_L_r[1]                                                                                                        ; Merged with Top:top0|DSP:dsp|Param_Manager:Param_Manager|o_od_gain[9]            ;
; Top:top0|DSP:dsp|Auto_Wah:Auto_Wah|w_rate_r[5]                                                                                             ; Merged with Top:top0|DSP:dsp|Param_Manager:Param_Manager|o_od_gain[9]            ;
; Top:top0|DSP:dsp|distortion:Distortion|i_gain_r[0,1,3]                                                                                     ; Merged with Top:top0|DSP:dsp|Param_Manager:Param_Manager|o_od_gain[9]            ;
; Top:top0|DSP:dsp|fuzz:Fuzz|i_L_r[14]                                                                                                       ; Merged with Top:top0|DSP:dsp|Param_Manager:Param_Manager|o_od_gain[9]            ;
; Top:top0|DSP:dsp|distortion:Distortion|i_L_r[14]                                                                                           ; Merged with Top:top0|DSP:dsp|Param_Manager:Param_Manager|o_od_gain[9]            ;
; Top:top0|DSP:dsp|Auto_Wah:Auto_Wah|w_rate_r[1]                                                                                             ; Merged with Top:top0|DSP:dsp|Param_Manager:Param_Manager|o_od_gain[9]            ;
; Top:top0|DSP:dsp|distortion:Distortion|i_L_r[11..13]                                                                                       ; Merged with Top:top0|DSP:dsp|Param_Manager:Param_Manager|o_od_gain[9]            ;
; Top:top0|DSP:dsp|Overdrive:Overdrive|i_gain_r[3]                                                                                           ; Merged with Top:top0|DSP:dsp|Param_Manager:Param_Manager|o_od_gain[9]            ;
; Top:top0|DSP:dsp|distortion:Distortion|i_L_r[7..10]                                                                                        ; Merged with Top:top0|DSP:dsp|Param_Manager:Param_Manager|o_od_gain[9]            ;
; Top:top0|DSP:dsp|Flanger:Flanger|inc_r[6]                                                                                                  ; Merged with Top:top0|DSP:dsp|Param_Manager:Param_Manager|o_od_gain[9]            ;
; Top:top0|DSP:dsp|Overdrive:Overdrive|i_gain_r[1]                                                                                           ; Merged with Top:top0|DSP:dsp|Param_Manager:Param_Manager|o_od_gain[9]            ;
; Top:top0|DSP:dsp|distortion:Distortion|i_L_r[6]                                                                                            ; Merged with Top:top0|DSP:dsp|Param_Manager:Param_Manager|o_od_gain[9]            ;
; Top:top0|DSP:dsp|Flanger:Flanger|inc_r[4,5]                                                                                                ; Merged with Top:top0|DSP:dsp|Param_Manager:Param_Manager|o_od_gain[9]            ;
; Top:top0|DSP:dsp|distortion:Distortion|i_L_r[5]                                                                                            ; Merged with Top:top0|DSP:dsp|Param_Manager:Param_Manager|o_od_gain[9]            ;
; Top:top0|DSP:dsp|Flanger:Flanger|inc_r[3]                                                                                                  ; Merged with Top:top0|DSP:dsp|Param_Manager:Param_Manager|o_od_gain[9]            ;
; Top:top0|DSP:dsp|Overdrive:Overdrive|i_gain_r[0]                                                                                           ; Merged with Top:top0|DSP:dsp|Param_Manager:Param_Manager|o_od_gain[9]            ;
; Top:top0|DSP:dsp|distortion:Distortion|i_L_r[4]                                                                                            ; Merged with Top:top0|DSP:dsp|Param_Manager:Param_Manager|o_od_gain[9]            ;
; Top:top0|DSP:dsp|Flanger:Flanger|inc_r[2]                                                                                                  ; Merged with Top:top0|DSP:dsp|Param_Manager:Param_Manager|o_od_gain[9]            ;
; Top:top0|DSP:dsp|distortion:Distortion|i_L_r[3]                                                                                            ; Merged with Top:top0|DSP:dsp|Param_Manager:Param_Manager|o_od_gain[9]            ;
; Top:top0|DSP:dsp|Flanger:Flanger|inc_r[0]                                                                                                  ; Merged with Top:top0|DSP:dsp|Param_Manager:Param_Manager|o_od_gain[9]            ;
; Top:top0|DSP:dsp|Flanger:Flanger|delay_base_r[8]                                                                                           ; Merged with Top:top0|DSP:dsp|Param_Manager:Param_Manager|o_od_gain[9]            ;
; Top:top0|DSP:dsp|distortion:Distortion|i_L_r[2]                                                                                            ; Merged with Top:top0|DSP:dsp|Param_Manager:Param_Manager|o_od_gain[9]            ;
; Top:top0|DSP:dsp|Flanger:Flanger|delay_base_r[7]                                                                                           ; Merged with Top:top0|DSP:dsp|Param_Manager:Param_Manager|o_od_gain[9]            ;
; Top:top0|DSP:dsp|Flanger:Flanger|delay_amp_r[4]                                                                                            ; Merged with Top:top0|DSP:dsp|Param_Manager:Param_Manager|o_od_gain[9]            ;
; Top:top0|DSP:dsp|Reverb:Reverb|w_rate_r[3]                                                                                                 ; Merged with Top:top0|DSP:dsp|Param_Manager:Param_Manager|o_od_gain[9]            ;
; Top:top0|DSP:dsp|Flanger:Flanger|delay_amp_r[2]                                                                                            ; Merged with Top:top0|DSP:dsp|Param_Manager:Param_Manager|o_od_gain[9]            ;
; Top:top0|DSP:dsp|Overdrive:Overdrive|i_L_r[11]                                                                                             ; Merged with Top:top0|DSP:dsp|Param_Manager:Param_Manager|o_od_gain[9]            ;
; Top:top0|DSP:dsp|Flanger:Flanger|delay_amp_r[0]                                                                                            ; Merged with Top:top0|DSP:dsp|Param_Manager:Param_Manager|o_od_gain[9]            ;
; Top:top0|DSP:dsp|Reverb:Reverb|w_rate_r[1]                                                                                                 ; Merged with Top:top0|DSP:dsp|Param_Manager:Param_Manager|o_od_gain[9]            ;
; Top:top0|DSP:dsp|Flanger:Flanger|delay_base_r[6]                                                                                           ; Merged with Top:top0|DSP:dsp|Param_Manager:Param_Manager|o_od_gain[9]            ;
; Top:top0|DSP:dsp|Flanger:Flanger|gain_r[2,4]                                                                                               ; Merged with Top:top0|DSP:dsp|Param_Manager:Param_Manager|o_od_gain[9]            ;
; Top:top0|DSP:dsp|Overdrive:Overdrive|i_L_r[9]                                                                                              ; Merged with Top:top0|DSP:dsp|Param_Manager:Param_Manager|o_od_gain[9]            ;
; Top:top0|DSP:dsp|Flanger:Flanger|gain_r[0]                                                                                                 ; Merged with Top:top0|DSP:dsp|Param_Manager:Param_Manager|o_od_gain[9]            ;
; Top:top0|DSP:dsp|distortion:Distortion|i_L_r[1]                                                                                            ; Merged with Top:top0|DSP:dsp|Param_Manager:Param_Manager|o_od_gain[9]            ;
; Top:top0|DSP:dsp|Flanger:Flanger|delay_base_r[4,5]                                                                                         ; Merged with Top:top0|DSP:dsp|Param_Manager:Param_Manager|o_od_gain[9]            ;
; Top:top0|DSP:dsp|Flanger:Flanger|w_rate_r[4]                                                                                               ; Merged with Top:top0|DSP:dsp|Param_Manager:Param_Manager|o_od_gain[9]            ;
; Top:top0|DSP:dsp|fuzz:Fuzz|i_L_r2[13]                                                                                                      ; Merged with Top:top0|DSP:dsp|Param_Manager:Param_Manager|o_od_gain[9]            ;
; Top:top0|DSP:dsp|fuzz:Fuzz|i_gain_r2[1]                                                                                                    ; Merged with Top:top0|DSP:dsp|Param_Manager:Param_Manager|o_od_gain[9]            ;
; Top:top0|DSP:dsp|fuzz:Fuzz|i_L_r2[2,7,9]                                                                                                   ; Merged with Top:top0|DSP:dsp|Param_Manager:Param_Manager|o_od_gain[9]            ;
; Top:top0|DSP:dsp|fuzz:Fuzz|i_gain_r2[0]                                                                                                    ; Merged with Top:top0|DSP:dsp|Param_Manager:Param_Manager|o_od_gain[9]            ;
; Top:top0|DSP:dsp|fuzz:Fuzz|i_L_r2[0,1,3,5]                                                                                                 ; Merged with Top:top0|DSP:dsp|Param_Manager:Param_Manager|o_od_gain[9]            ;
; Top:top0|DSP:dsp|distortion:Distortion|i_gain_r2[0,1,3]                                                                                    ; Merged with Top:top0|DSP:dsp|Param_Manager:Param_Manager|o_od_gain[9]            ;
; Top:top0|DSP:dsp|fuzz:Fuzz|i_L_r2[14]                                                                                                      ; Merged with Top:top0|DSP:dsp|Param_Manager:Param_Manager|o_od_gain[9]            ;
; Top:top0|DSP:dsp|distortion:Distortion|i_L_r2[11..14]                                                                                      ; Merged with Top:top0|DSP:dsp|Param_Manager:Param_Manager|o_od_gain[9]            ;
; Top:top0|DSP:dsp|Overdrive:Overdrive|i_gain_r2[3]                                                                                          ; Merged with Top:top0|DSP:dsp|Param_Manager:Param_Manager|o_od_gain[9]            ;
; Top:top0|DSP:dsp|distortion:Distortion|i_L_r2[7..10]                                                                                       ; Merged with Top:top0|DSP:dsp|Param_Manager:Param_Manager|o_od_gain[9]            ;
; Top:top0|DSP:dsp|Overdrive:Overdrive|i_gain_r2[1]                                                                                          ; Merged with Top:top0|DSP:dsp|Param_Manager:Param_Manager|o_od_gain[9]            ;
; Top:top0|DSP:dsp|distortion:Distortion|i_L_r2[5,6]                                                                                         ; Merged with Top:top0|DSP:dsp|Param_Manager:Param_Manager|o_od_gain[9]            ;
; Top:top0|DSP:dsp|Overdrive:Overdrive|i_gain_r2[0]                                                                                          ; Merged with Top:top0|DSP:dsp|Param_Manager:Param_Manager|o_od_gain[9]            ;
; Top:top0|DSP:dsp|distortion:Distortion|i_L_r2[2..4]                                                                                        ; Merged with Top:top0|DSP:dsp|Param_Manager:Param_Manager|o_od_gain[9]            ;
; Top:top0|DSP:dsp|Overdrive:Overdrive|i_L_r2[9,11]                                                                                          ; Merged with Top:top0|DSP:dsp|Param_Manager:Param_Manager|o_od_gain[9]            ;
; Top:top0|DSP:dsp|distortion:Distortion|i_L_r2[1]                                                                                           ; Merged with Top:top0|DSP:dsp|Param_Manager:Param_Manager|o_od_gain[9]            ;
; Top:top0|DSP:dsp|fuzz:Fuzz|i_L_r[15]                                                                                                       ; Merged with Top:top0|DSP:dsp|Auto_Wah:Auto_Wah|delay_base_r[9]                   ;
; Top:top0|DSP:dsp|Overdrive:Overdrive|i_gain_r[4]                                                                                           ; Merged with Top:top0|DSP:dsp|Auto_Wah:Auto_Wah|delay_base_r[9]                   ;
; Top:top0|DSP:dsp|Reverb:Reverb|w_rate_r[5]                                                                                                 ; Merged with Top:top0|DSP:dsp|Auto_Wah:Auto_Wah|delay_base_r[9]                   ;
; Top:top0|DSP:dsp|Flanger:Flanger|delay_base_r[9]                                                                                           ; Merged with Top:top0|DSP:dsp|Auto_Wah:Auto_Wah|delay_base_r[9]                   ;
; Top:top0|DSP:dsp|distortion:Distortion|i_L_r[15]                                                                                           ; Merged with Top:top0|DSP:dsp|Auto_Wah:Auto_Wah|delay_base_r[9]                   ;
; Top:top0|DSP:dsp|Flanger:Flanger|inc_r[1]                                                                                                  ; Merged with Top:top0|DSP:dsp|Auto_Wah:Auto_Wah|delay_base_r[9]                   ;
; Top:top0|DSP:dsp|Auto_Wah:Auto_Wah|w_rate_r[6]                                                                                             ; Merged with Top:top0|DSP:dsp|Auto_Wah:Auto_Wah|delay_base_r[9]                   ;
; Top:top0|DSP:dsp|Flanger:Flanger|gain_r[6]                                                                                                 ; Merged with Top:top0|DSP:dsp|Auto_Wah:Auto_Wah|delay_base_r[9]                   ;
; Top:top0|DSP:dsp|distortion:Distortion|i_gain_r[2]                                                                                         ; Merged with Top:top0|DSP:dsp|Auto_Wah:Auto_Wah|delay_base_r[9]                   ;
; Top:top0|DSP:dsp|Auto_Wah:Auto_Wah|delay_amp_r[7]                                                                                          ; Merged with Top:top0|DSP:dsp|Auto_Wah:Auto_Wah|delay_base_r[9]                   ;
; Top:top0|DSP:dsp|distortion:Distortion|i_gain_r[7]                                                                                         ; Merged with Top:top0|DSP:dsp|Auto_Wah:Auto_Wah|delay_base_r[9]                   ;
; Top:top0|DSP:dsp|Overdrive:Overdrive|i_gain_r[2,7]                                                                                         ; Merged with Top:top0|DSP:dsp|Auto_Wah:Auto_Wah|delay_base_r[9]                   ;
; Top:top0|DSP:dsp|Chorus:Chorus|w_rate_r[6]                                                                                                 ; Merged with Top:top0|DSP:dsp|Auto_Wah:Auto_Wah|delay_base_r[9]                   ;
; Top:top0|DSP:dsp|Flanger:Flanger|w_rate_r[6]                                                                                               ; Merged with Top:top0|DSP:dsp|Auto_Wah:Auto_Wah|delay_base_r[9]                   ;
; Top:top0|DSP:dsp|fuzz:Fuzz|i_gain_r[2]                                                                                                     ; Merged with Top:top0|DSP:dsp|Auto_Wah:Auto_Wah|delay_base_r[9]                   ;
; Top:top0|DSP:dsp|Overdrive:Overdrive|i_gain_r[5]                                                                                           ; Merged with Top:top0|DSP:dsp|Auto_Wah:Auto_Wah|delay_base_r[9]                   ;
; Top:top0|DSP:dsp|distortion:Distortion|i_gain_r[5]                                                                                         ; Merged with Top:top0|DSP:dsp|Auto_Wah:Auto_Wah|delay_base_r[9]                   ;
; Top:top0|DSP:dsp|Overdrive:Overdrive|i_gain_r[8]                                                                                           ; Merged with Top:top0|DSP:dsp|Auto_Wah:Auto_Wah|delay_base_r[9]                   ;
; Top:top0|DSP:dsp|Chorus:Chorus|inc_r[1]                                                                                                    ; Merged with Top:top0|DSP:dsp|Auto_Wah:Auto_Wah|delay_base_r[9]                   ;
; Top:top0|DSP:dsp|fuzz:Fuzz|i_gain_r[4,6]                                                                                                   ; Merged with Top:top0|DSP:dsp|Auto_Wah:Auto_Wah|delay_base_r[9]                   ;
; Top:top0|DSP:dsp|distortion:Distortion|i_gain_r[4]                                                                                         ; Merged with Top:top0|DSP:dsp|Auto_Wah:Auto_Wah|delay_base_r[9]                   ;
; Top:top0|DSP:dsp|Overdrive:Overdrive|i_gain_r[6]                                                                                           ; Merged with Top:top0|DSP:dsp|Auto_Wah:Auto_Wah|delay_base_r[9]                   ;
; Top:top0|DSP:dsp|distortion:Distortion|i_gain_r[6]                                                                                         ; Merged with Top:top0|DSP:dsp|Auto_Wah:Auto_Wah|delay_base_r[9]                   ;
; Top:top0|DSP:dsp|fuzz:Fuzz|i_gain_r[5]                                                                                                     ; Merged with Top:top0|DSP:dsp|Auto_Wah:Auto_Wah|delay_base_r[9]                   ;
; Top:top0|DSP:dsp|Overdrive:Overdrive|i_L_r[15]                                                                                             ; Merged with Top:top0|DSP:dsp|Auto_Wah:Auto_Wah|delay_base_r[9]                   ;
; Top:top0|DSP:dsp|fuzz:Fuzz|i_gain_r[7]                                                                                                     ; Merged with Top:top0|DSP:dsp|Auto_Wah:Auto_Wah|delay_base_r[9]                   ;
; Top:top0|DSP:dsp|Flanger:Flanger|delay_amp_r[7]                                                                                            ; Merged with Top:top0|DSP:dsp|Auto_Wah:Auto_Wah|delay_base_r[9]                   ;
; Top:top0|DSP:dsp|Chorus:Chorus|delay_base_r[9]                                                                                             ; Merged with Top:top0|DSP:dsp|Auto_Wah:Auto_Wah|delay_base_r[9]                   ;
; Top:top0|DSP:dsp|Chorus:Chorus|delay_amp_r[7]                                                                                              ; Merged with Top:top0|DSP:dsp|Auto_Wah:Auto_Wah|delay_base_r[9]                   ;
; Top:top0|DSP:dsp|Overdrive:Overdrive|i_gain_r[9]                                                                                           ; Merged with Top:top0|DSP:dsp|Flanger:Flanger|delay_amp_r[1]                      ;
; Top:top0|DSP:dsp|Param_Manager:Param_Manager|o_od_gain[9]                                                                                  ; Merged with Top:top0|DSP:dsp|Flanger:Flanger|delay_amp_r[1]                      ;
; Top:top0|DSP:dsp|fuzz:Fuzz|i_L_r2[12]                                                                                                      ; Merged with Top:top0|DSP:dsp|Flanger:Flanger|delay_amp_r[1]                      ;
; Top:top0|DSP:dsp|Reverb:Reverb|Schroeder_Allpass:allpass_4|gain_r[0,2,5]                                                                   ; Merged with Top:top0|DSP:dsp|Reverb:Reverb|Schroeder_Allpass:allpass_4|gain_r[6] ;
; Top:top0|DSP:dsp|Reverb:Reverb|Schroeder_Allpass:allpass_4|gain_r[3]                                                                       ; Merged with Top:top0|DSP:dsp|Reverb:Reverb|Schroeder_Allpass:allpass_4|gain_r[4] ;
; Top:top0|DSP:dsp|Reverb:Reverb|Schroeder_Allpass:allpass_3|gain_r[0,2,5]                                                                   ; Merged with Top:top0|DSP:dsp|Reverb:Reverb|Schroeder_Allpass:allpass_3|gain_r[6] ;
; Top:top0|DSP:dsp|Reverb:Reverb|Schroeder_Allpass:allpass_3|gain_r[3]                                                                       ; Merged with Top:top0|DSP:dsp|Reverb:Reverb|Schroeder_Allpass:allpass_3|gain_r[4] ;
; Top:top0|DSP:dsp|Reverb:Reverb|Schroeder_Allpass:allpass_2|gain_r[0,2,5]                                                                   ; Merged with Top:top0|DSP:dsp|Reverb:Reverb|Schroeder_Allpass:allpass_2|gain_r[6] ;
; Top:top0|DSP:dsp|Reverb:Reverb|Schroeder_Allpass:allpass_2|gain_r[3]                                                                       ; Merged with Top:top0|DSP:dsp|Reverb:Reverb|Schroeder_Allpass:allpass_2|gain_r[4] ;
; Top:top0|DSP:dsp|Reverb:Reverb|Schroeder_Allpass:allpass_1|gain_r[0,2,5]                                                                   ; Merged with Top:top0|DSP:dsp|Reverb:Reverb|Schroeder_Allpass:allpass_1|gain_r[6] ;
; Top:top0|DSP:dsp|Reverb:Reverb|Schroeder_Allpass:allpass_1|gain_r[3]                                                                       ; Merged with Top:top0|DSP:dsp|Reverb:Reverb|Schroeder_Allpass:allpass_1|gain_r[4] ;
; Top:top0|DSP:dsp|fuzz:Fuzz|i_L_r2[15]                                                                                                      ; Merged with Top:top0|DSP:dsp|distortion:Distortion|i_gain_r2[7]                  ;
; Top:top0|DSP:dsp|Overdrive:Overdrive|i_gain_r2[4]                                                                                          ; Merged with Top:top0|DSP:dsp|distortion:Distortion|i_gain_r2[7]                  ;
; Top:top0|DSP:dsp|distortion:Distortion|i_L_r2[15]                                                                                          ; Merged with Top:top0|DSP:dsp|distortion:Distortion|i_gain_r2[7]                  ;
; Top:top0|DSP:dsp|distortion:Distortion|i_gain_r2[2]                                                                                        ; Merged with Top:top0|DSP:dsp|distortion:Distortion|i_gain_r2[7]                  ;
; Top:top0|DSP:dsp|Overdrive:Overdrive|i_gain_r2[2,7]                                                                                        ; Merged with Top:top0|DSP:dsp|distortion:Distortion|i_gain_r2[7]                  ;
; Top:top0|DSP:dsp|fuzz:Fuzz|i_gain_r2[2]                                                                                                    ; Merged with Top:top0|DSP:dsp|distortion:Distortion|i_gain_r2[7]                  ;
; Top:top0|DSP:dsp|Overdrive:Overdrive|i_gain_r2[5]                                                                                          ; Merged with Top:top0|DSP:dsp|distortion:Distortion|i_gain_r2[7]                  ;
; Top:top0|DSP:dsp|distortion:Distortion|i_gain_r2[5]                                                                                        ; Merged with Top:top0|DSP:dsp|distortion:Distortion|i_gain_r2[7]                  ;
; Top:top0|DSP:dsp|Overdrive:Overdrive|i_gain_r2[8]                                                                                          ; Merged with Top:top0|DSP:dsp|distortion:Distortion|i_gain_r2[7]                  ;
; Top:top0|DSP:dsp|fuzz:Fuzz|i_gain_r2[4,6]                                                                                                  ; Merged with Top:top0|DSP:dsp|distortion:Distortion|i_gain_r2[7]                  ;
; Top:top0|DSP:dsp|distortion:Distortion|i_gain_r2[4]                                                                                        ; Merged with Top:top0|DSP:dsp|distortion:Distortion|i_gain_r2[7]                  ;
; Top:top0|DSP:dsp|Overdrive:Overdrive|i_gain_r2[6]                                                                                          ; Merged with Top:top0|DSP:dsp|distortion:Distortion|i_gain_r2[7]                  ;
; Top:top0|DSP:dsp|distortion:Distortion|i_gain_r2[6]                                                                                        ; Merged with Top:top0|DSP:dsp|distortion:Distortion|i_gain_r2[7]                  ;
; Top:top0|DSP:dsp|fuzz:Fuzz|i_gain_r2[5]                                                                                                    ; Merged with Top:top0|DSP:dsp|distortion:Distortion|i_gain_r2[7]                  ;
; Top:top0|DSP:dsp|Overdrive:Overdrive|i_L_r2[15]                                                                                            ; Merged with Top:top0|DSP:dsp|distortion:Distortion|i_gain_r2[7]                  ;
; Top:top0|DSP:dsp|fuzz:Fuzz|i_gain_r2[7]                                                                                                    ; Merged with Top:top0|DSP:dsp|distortion:Distortion|i_gain_r2[7]                  ;
; Top:top0|DSP:dsp|Flanger:Flanger|delay_amp_r[1]                                                                                            ; Merged with Top:top0|DSP:dsp|Overdrive:Overdrive|i_gain_r2[9]                    ;
; Top:top0|DSP:dsp|Reverb:Reverb|Schroeder_Allpass:allpass_4|gain_r[1,6]                                                                     ; Merged with Top:top0|DSP:dsp|Reverb:Reverb|Schroeder_Allpass:allpass_4|gain_r[7] ;
; Top:top0|DSP:dsp|Reverb:Reverb|Schroeder_Allpass:allpass_3|gain_r[1,6]                                                                     ; Merged with Top:top0|DSP:dsp|Reverb:Reverb|Schroeder_Allpass:allpass_3|gain_r[7] ;
; Top:top0|DSP:dsp|Reverb:Reverb|Schroeder_Allpass:allpass_2|gain_r[1,6]                                                                     ; Merged with Top:top0|DSP:dsp|Reverb:Reverb|Schroeder_Allpass:allpass_2|gain_r[7] ;
; Top:top0|DSP:dsp|Reverb:Reverb|Schroeder_Allpass:allpass_1|gain_r[1,6]                                                                     ; Merged with Top:top0|DSP:dsp|Reverb:Reverb|Schroeder_Allpass:allpass_1|gain_r[7] ;
; Top:top0|DSP:dsp|Reverb:Reverb|Schroeder_Allpass:allpass_0|gain_r[1,2,5..7]                                                                ; Merged with Top:top0|DSP:dsp|Reverb:Reverb|Schroeder_Allpass:allpass_0|gain_r[0] ;
; Top:top0|DSP:dsp|Reverb:Reverb|Schroeder_Allpass:allpass_0|gain_r[4]                                                                       ; Merged with Top:top0|DSP:dsp|Reverb:Reverb|Schroeder_Allpass:allpass_0|gain_r[3] ;
; Top:top0|DSP:dsp|Overdrive:Overdrive|i_gain_r2[9]                                                                                          ; Stuck at GND due to stuck port data_in                                           ;
; Top:top0|DSP:dsp|Param_Manager:Param_Manager|o_volume_control[0]                                                                           ; Stuck at VCC due to stuck port data_in                                           ;
; Top:top0|DSP:dsp|Reverb:Reverb|Schroeder_Allpass:allpass_4|gain_r[7]                                                                       ; Stuck at GND due to stuck port data_in                                           ;
; Top:top0|DSP:dsp|Reverb:Reverb|Schroeder_Allpass:allpass_3|gain_r[7]                                                                       ; Stuck at GND due to stuck port data_in                                           ;
; Top:top0|DSP:dsp|Reverb:Reverb|Schroeder_Allpass:allpass_2|gain_r[7]                                                                       ; Stuck at GND due to stuck port data_in                                           ;
; Top:top0|DSP:dsp|Reverb:Reverb|Schroeder_Allpass:allpass_1|gain_r[7]                                                                       ; Stuck at GND due to stuck port data_in                                           ;
; Top:top0|DSP:dsp|Reverb:Reverb|Schroeder_Allpass:allpass_0|gain_r[0]                                                                       ; Stuck at GND due to stuck port data_in                                           ;
; Top:top0|DSP:dsp|Auto_Wah:Auto_Wah|delay_skew_F_pipe[0]                                                                                    ; Stuck at GND due to stuck port data_in                                           ;
; Top:top0|DSP:dsp|Chorus:Chorus|delay_skew_F_pipe[0]                                                                                        ; Stuck at GND due to stuck port data_in                                           ;
; Top:top0|DSP:dsp|Flanger:Flanger|delay_skew_F_pipe[0]                                                                                      ; Stuck at GND due to stuck port data_in                                           ;
; Top:top0|DSP:dsp|Auto_Wah:Auto_Wah|delay_skew_F_neg_pipe[0]                                                                                ; Stuck at GND due to stuck port data_in                                           ;
; Top:top0|DSP:dsp|Chorus:Chorus|delay_skew_F_neg_pipe[0]                                                                                    ; Stuck at GND due to stuck port data_in                                           ;
; Top:top0|DSP:dsp|Flanger:Flanger|delay_skew_F_neg_pipe[0]                                                                                  ; Stuck at GND due to stuck port data_in                                           ;
; Top:top0|DSP:dsp|Auto_Wah:Auto_Wah|delay_skew_F_pipe[1]                                                                                    ; Stuck at GND due to stuck port data_in                                           ;
; Top:top0|DSP:dsp|Auto_Wah:Auto_Wah|delay_skew_F_neg_pipe[1]                                                                                ; Stuck at GND due to stuck port data_in                                           ;
; Top:top0|DSP:dsp|Chorus:Chorus|delay_skew_F_pipe[1]                                                                                        ; Stuck at GND due to stuck port data_in                                           ;
; Top:top0|DSP:dsp|Chorus:Chorus|delay_skew_F_neg_pipe[1]                                                                                    ; Stuck at GND due to stuck port data_in                                           ;
; Top:top0|DSP:dsp|Flanger:Flanger|delay_skew_F_pipe[1]                                                                                      ; Stuck at GND due to stuck port data_in                                           ;
; Top:top0|DSP:dsp|Flanger:Flanger|delay_skew_F_neg_pipe[1]                                                                                  ; Stuck at GND due to stuck port data_in                                           ;
; Top:top0|DSP:dsp|Auto_Wah:Auto_Wah|delay_skew_F_pipe[2,3]                                                                                  ; Stuck at GND due to stuck port data_in                                           ;
; Top:top0|DSP:dsp|Auto_Wah:Auto_Wah|delay_skew_F_neg_pipe[2,3]                                                                              ; Stuck at GND due to stuck port data_in                                           ;
; Top:top0|DSP:dsp|Chorus:Chorus|delay_skew_F_pipe[2,3]                                                                                      ; Stuck at GND due to stuck port data_in                                           ;
; Top:top0|DSP:dsp|Chorus:Chorus|delay_skew_F_neg_pipe[2,3]                                                                                  ; Stuck at GND due to stuck port data_in                                           ;
; Top:top0|DSP:dsp|Flanger:Flanger|delay_skew_F_pipe[2,3]                                                                                    ; Stuck at GND due to stuck port data_in                                           ;
; Top:top0|DSP:dsp|Flanger:Flanger|delay_skew_F_neg_pipe[2,3]                                                                                ; Stuck at GND due to stuck port data_in                                           ;
; Top:top0|DSP:dsp|Auto_Wah:Auto_Wah|delay_skew_F_pipe[4]                                                                                    ; Stuck at GND due to stuck port data_in                                           ;
; Top:top0|DSP:dsp|Auto_Wah:Auto_Wah|delay_skew_F_neg_pipe[4]                                                                                ; Stuck at GND due to stuck port data_in                                           ;
; Top:top0|DSP:dsp|Chorus:Chorus|delay_skew_F_pipe[4]                                                                                        ; Stuck at GND due to stuck port data_in                                           ;
; Top:top0|DSP:dsp|Chorus:Chorus|delay_skew_F_neg_pipe[4]                                                                                    ; Stuck at GND due to stuck port data_in                                           ;
; Top:top0|DSP:dsp|Flanger:Flanger|delay_skew_F_pipe[4]                                                                                      ; Stuck at GND due to stuck port data_in                                           ;
; Top:top0|DSP:dsp|Flanger:Flanger|delay_skew_F_neg_pipe[4]                                                                                  ; Stuck at GND due to stuck port data_in                                           ;
; Top:top0|DSP:dsp|Auto_Wah:Auto_Wah|delay_skew_F_pipe[5,6]                                                                                  ; Stuck at GND due to stuck port data_in                                           ;
; Top:top0|DSP:dsp|Auto_Wah:Auto_Wah|delay_skew_F_neg_pipe[5,6]                                                                              ; Stuck at GND due to stuck port data_in                                           ;
; Top:top0|DSP:dsp|Chorus:Chorus|delay_skew_F_pipe[5,6]                                                                                      ; Stuck at GND due to stuck port data_in                                           ;
; Top:top0|DSP:dsp|Chorus:Chorus|delay_skew_F_neg_pipe[5,6]                                                                                  ; Stuck at GND due to stuck port data_in                                           ;
; Top:top0|DSP:dsp|Flanger:Flanger|delay_skew_F_pipe[5,6]                                                                                    ; Stuck at GND due to stuck port data_in                                           ;
; Top:top0|DSP:dsp|Flanger:Flanger|delay_skew_F_neg_pipe[5,6]                                                                                ; Stuck at GND due to stuck port data_in                                           ;
; Top:top0|DSP:dsp|Chorus:Chorus|cos_input_temp[0]                                                                                           ; Stuck at GND due to stuck port data_in                                           ;
; Top:top0|DSP:dsp|Flanger:Flanger|cos_input_temp[0]                                                                                         ; Stuck at GND due to stuck port data_in                                           ;
; Top:top0|DSP:dsp|Delay_Effect:Delay_Effect|delayed_data_r[1]                                                                               ; Lost fanout                                                                      ;
; Top:top0|DSP:dsp|Delay_Effect:Delay_Effect|r_data[1]                                                                                       ; Lost fanout                                                                      ;
; Top:top0|DSP:dsp|Delay_Effect:Delay_Effect|delayed_data_r[0]                                                                               ; Lost fanout                                                                      ;
; Top:top0|DSP:dsp|Delay_Effect:Delay_Effect|r_data[0]                                                                                       ; Lost fanout                                                                      ;
; Top:top0|DSP:dsp|Delay_Effect:Delay_Effect|fb_data_r[0,1]                                                                                  ; Lost fanout                                                                      ;
; Top:top0|DSP:dsp|Noise_Gate:Noise_Gate|counter_r[15]                                                                                       ; Stuck at GND due to stuck port data_in                                           ;
; Top:top0|state_r~5                                                                                                                         ; Lost fanout                                                                      ;
; Top:top0|DSP:dsp|Delay_Effect:Delay_Effect|state_r~4                                                                                       ; Lost fanout                                                                      ;
; Top:top0|DSP:dsp|Delay_Effect:Delay_Effect|state_r~5                                                                                       ; Lost fanout                                                                      ;
; Top:top0|DSP:dsp|Noise_Gate:Noise_Gate|state_r~4                                                                                           ; Lost fanout                                                                      ;
; Top:top0|DSP:dsp|Noise_Gate:Noise_Gate|state_r~5                                                                                           ; Lost fanout                                                                      ;
; Top:top0|Recorder:recorder|state_r.IDLE                                                                                                    ; Lost fanout                                                                      ;
; Top:top0|DSP:dsp|Flanger:Flanger|delay_skew_F_pipe[7]                                                                                      ; Merged with Top:top0|DSP:dsp|Flanger:Flanger|delay_skew_F_neg_pipe[7]            ;
; Top:top0|DSP:dsp|Chorus:Chorus|delay_skew_F_pipe[7]                                                                                        ; Merged with Top:top0|DSP:dsp|Chorus:Chorus|delay_skew_F_neg_pipe[7]              ;
; Top:top0|DSP:dsp|Auto_Wah:Auto_Wah|delay_skew_F_pipe[7,8]                                                                                  ; Merged with Top:top0|DSP:dsp|Auto_Wah:Auto_Wah|delay_skew_F_neg_pipe[7]          ;
; Top:top0|DSP:dsp|Auto_Wah:Auto_Wah|delay_skew_F_neg_pipe[8]                                                                                ; Stuck at GND due to stuck port data_in                                           ;
; Top:top0|Buffer:buffer|req_r_cnt[0]                                                                                                        ; Merged with Top:top0|Buffer:buffer|buf_ptr_r_r[0]                                ;
; Top:top0|Buffer:buffer|req_l_cnt[0]                                                                                                        ; Merged with Top:top0|Buffer:buffer|buf_ptr_r_l[0]                                ;
; Total Number of Removed Registers = 704                                                                                                    ;                                                                                  ;
+--------------------------------------------------------------------------------------------------------------------------------------------+----------------------------------------------------------------------------------+


+---------------------------------------------------------------------------------------------------------------------------------------------------------------------------------------------------------------------------------------------+
; Removed Registers Triggering Further Register Optimizations                                                                                                                                                                                 ;
+--------------------------------------------------------------------+---------------------------+--------------------------------------------------------------------------------------------------------------------------------------------+
; Register name                                                      ; Reason for Removal        ; Registers Removed due to This Register                                                                                                     ;
+--------------------------------------------------------------------+---------------------------+--------------------------------------------------------------------------------------------------------------------------------------------+
; Top:top0|DSP:dsp|Param_Manager:Param_Manager|o_staging_control[31] ; Stuck at GND              ; Top:top0|DSP:dsp|Auto_Wah:Auto_Wah|delay_skew_F_pipe[0],                                                                                   ;
;                                                                    ; due to stuck port data_in ; Top:top0|DSP:dsp|Chorus:Chorus|delay_skew_F_pipe[0],                                                                                       ;
;                                                                    ;                           ; Top:top0|DSP:dsp|Auto_Wah:Auto_Wah|delay_skew_F_neg_pipe[0],                                                                               ;
;                                                                    ;                           ; Top:top0|DSP:dsp|Chorus:Chorus|delay_skew_F_neg_pipe[0],                                                                                   ;
;                                                                    ;                           ; Top:top0|DSP:dsp|Auto_Wah:Auto_Wah|delay_skew_F_pipe[1],                                                                                   ;
;                                                                    ;                           ; Top:top0|DSP:dsp|Auto_Wah:Auto_Wah|delay_skew_F_neg_pipe[1],                                                                               ;
;                                                                    ;                           ; Top:top0|DSP:dsp|Chorus:Chorus|delay_skew_F_pipe[1],                                                                                       ;
;                                                                    ;                           ; Top:top0|DSP:dsp|Chorus:Chorus|delay_skew_F_neg_pipe[1],                                                                                   ;
;                                                                    ;                           ; Top:top0|DSP:dsp|Auto_Wah:Auto_Wah|delay_skew_F_pipe[3],                                                                                   ;
;                                                                    ;                           ; Top:top0|DSP:dsp|Auto_Wah:Auto_Wah|delay_skew_F_pipe[2],                                                                                   ;
;                                                                    ;                           ; Top:top0|DSP:dsp|Auto_Wah:Auto_Wah|delay_skew_F_neg_pipe[3],                                                                               ;
;                                                                    ;                           ; Top:top0|DSP:dsp|Auto_Wah:Auto_Wah|delay_skew_F_neg_pipe[2],                                                                               ;
;                                                                    ;                           ; Top:top0|DSP:dsp|Chorus:Chorus|delay_skew_F_pipe[3],                                                                                       ;
;                                                                    ;                           ; Top:top0|DSP:dsp|Chorus:Chorus|delay_skew_F_pipe[2],                                                                                       ;
;                                                                    ;                           ; Top:top0|DSP:dsp|Chorus:Chorus|delay_skew_F_neg_pipe[3],                                                                                   ;
;                                                                    ;                           ; Top:top0|DSP:dsp|Chorus:Chorus|delay_skew_F_neg_pipe[2],                                                                                   ;
;                                                                    ;                           ; Top:top0|DSP:dsp|Auto_Wah:Auto_Wah|delay_skew_F_pipe[4],                                                                                   ;
;                                                                    ;                           ; Top:top0|DSP:dsp|Auto_Wah:Auto_Wah|delay_skew_F_neg_pipe[4],                                                                               ;
;                                                                    ;                           ; Top:top0|DSP:dsp|Chorus:Chorus|delay_skew_F_pipe[4],                                                                                       ;
;                                                                    ;                           ; Top:top0|DSP:dsp|Chorus:Chorus|delay_skew_F_neg_pipe[4],                                                                                   ;
;                                                                    ;                           ; Top:top0|DSP:dsp|Auto_Wah:Auto_Wah|delay_skew_F_pipe[6],                                                                                   ;
;                                                                    ;                           ; Top:top0|DSP:dsp|Auto_Wah:Auto_Wah|delay_skew_F_pipe[5],                                                                                   ;
;                                                                    ;                           ; Top:top0|DSP:dsp|Auto_Wah:Auto_Wah|delay_skew_F_neg_pipe[6],                                                                               ;
;                                                                    ;                           ; Top:top0|DSP:dsp|Auto_Wah:Auto_Wah|delay_skew_F_neg_pipe[5],                                                                               ;
;                                                                    ;                           ; Top:top0|DSP:dsp|Chorus:Chorus|delay_skew_F_pipe[6],                                                                                       ;
;                                                                    ;                           ; Top:top0|DSP:dsp|Chorus:Chorus|delay_skew_F_pipe[5],                                                                                       ;
;                                                                    ;                           ; Top:top0|DSP:dsp|Chorus:Chorus|delay_skew_F_neg_pipe[6],                                                                                   ;
;                                                                    ;                           ; Top:top0|DSP:dsp|Chorus:Chorus|delay_skew_F_neg_pipe[5],                                                                                   ;
;                                                                    ;                           ; Top:top0|DSP:dsp|Chorus:Chorus|cos_input_temp[0],                                                                                          ;
;                                                                    ;                           ; Top:top0|DSP:dsp|Auto_Wah:Auto_Wah|delay_skew_F_neg_pipe[8]                                                                                ;
; final_qsys:pll0|final_qsys_altpll_0:altpll_0|prev_reset            ; Stuck at GND              ; final_qsys:pll0|altera_reset_controller:rst_controller|altera_reset_synchronizer:alt_rst_sync_uq1|altera_reset_synchronizer_int_chain_out, ;
;                                                                    ; due to stuck port data_in ; final_qsys:pll0|altera_reset_controller:rst_controller|altera_reset_synchronizer:alt_rst_sync_uq1|altera_reset_synchronizer_int_chain[0],  ;
;                                                                    ;                           ; final_qsys:pll0|altera_reset_controller:rst_controller|altera_reset_synchronizer:alt_rst_sync_uq1|altera_reset_synchronizer_int_chain[1],  ;
;                                                                    ;                           ; Top:top0|DSP:dsp|Overdrive:Overdrive|i_gain_r2[9],                                                                                         ;
;                                                                    ;                           ; Top:top0|DSP:dsp|Param_Manager:Param_Manager|o_volume_control[0],                                                                          ;
;                                                                    ;                           ; Top:top0|DSP:dsp|Reverb:Reverb|Schroeder_Allpass:allpass_4|gain_r[7],                                                                      ;
;                                                                    ;                           ; Top:top0|DSP:dsp|Reverb:Reverb|Schroeder_Allpass:allpass_3|gain_r[7],                                                                      ;
;                                                                    ;                           ; Top:top0|DSP:dsp|Reverb:Reverb|Schroeder_Allpass:allpass_2|gain_r[7],                                                                      ;
;                                                                    ;                           ; Top:top0|DSP:dsp|Reverb:Reverb|Schroeder_Allpass:allpass_1|gain_r[7],                                                                      ;
;                                                                    ;                           ; Top:top0|DSP:dsp|Reverb:Reverb|Schroeder_Allpass:allpass_0|gain_r[0],                                                                      ;
;                                                                    ;                           ; Top:top0|DSP:dsp|Flanger:Flanger|delay_skew_F_pipe[0],                                                                                     ;
;                                                                    ;                           ; Top:top0|DSP:dsp|Flanger:Flanger|delay_skew_F_neg_pipe[0],                                                                                 ;
;                                                                    ;                           ; Top:top0|DSP:dsp|Flanger:Flanger|delay_skew_F_pipe[1],                                                                                     ;
;                                                                    ;                           ; Top:top0|DSP:dsp|Flanger:Flanger|delay_skew_F_neg_pipe[1],                                                                                 ;
;                                                                    ;                           ; Top:top0|DSP:dsp|Flanger:Flanger|delay_skew_F_pipe[3],                                                                                     ;
;                                                                    ;                           ; Top:top0|DSP:dsp|Flanger:Flanger|delay_skew_F_pipe[2],                                                                                     ;
;                                                                    ;                           ; Top:top0|DSP:dsp|Flanger:Flanger|delay_skew_F_neg_pipe[3],                                                                                 ;
;                                                                    ;                           ; Top:top0|DSP:dsp|Flanger:Flanger|delay_skew_F_neg_pipe[2],                                                                                 ;
;                                                                    ;                           ; Top:top0|DSP:dsp|Flanger:Flanger|delay_skew_F_pipe[4],                                                                                     ;
;                                                                    ;                           ; Top:top0|DSP:dsp|Flanger:Flanger|delay_skew_F_neg_pipe[4],                                                                                 ;
;                                                                    ;                           ; Top:top0|DSP:dsp|Flanger:Flanger|delay_skew_F_pipe[6],                                                                                     ;
;                                                                    ;                           ; Top:top0|DSP:dsp|Flanger:Flanger|delay_skew_F_pipe[5],                                                                                     ;
;                                                                    ;                           ; Top:top0|DSP:dsp|Flanger:Flanger|delay_skew_F_neg_pipe[6],                                                                                 ;
;                                                                    ;                           ; Top:top0|DSP:dsp|Flanger:Flanger|delay_skew_F_neg_pipe[5],                                                                                 ;
;                                                                    ;                           ; Top:top0|DSP:dsp|Flanger:Flanger|cos_input_temp[0],                                                                                        ;
;                                                                    ;                           ; Top:top0|DSP:dsp|Delay_Effect:Delay_Effect|r_data[1],                                                                                      ;
;                                                                    ;                           ; Top:top0|DSP:dsp|Delay_Effect:Delay_Effect|r_data[0],                                                                                      ;
;                                                                    ;                           ; Top:top0|DSP:dsp|Delay_Effect:Delay_Effect|fb_data_r[1],                                                                                   ;
;                                                                    ;                           ; Top:top0|DSP:dsp|Delay_Effect:Delay_Effect|fb_data_r[0],                                                                                   ;
;                                                                    ;                           ; Top:top0|DSP:dsp|Noise_Gate:Noise_Gate|counter_r[15]                                                                                       ;
+--------------------------------------------------------------------+---------------------------+--------------------------------------------------------------------------------------------------------------------------------------------+


+------------------------------------------------------+
; General Register Statistics                          ;
+----------------------------------------------+-------+
; Statistic                                    ; Value ;
+----------------------------------------------+-------+
; Total registers                              ; 1937  ;
; Number of registers using Synchronous Clear  ; 47    ;
; Number of registers using Synchronous Load   ; 208   ;
; Number of registers using Asynchronous Clear ; 1097  ;
; Number of registers using Asynchronous Load  ; 0     ;
; Number of registers using Clock Enable       ; 1323  ;
; Number of registers using Preset             ; 0     ;
+----------------------------------------------+-------+


+---------------------------------------------------------------------+
; Inverted Register Statistics                                        ;
+-----------------------------------------------------------+---------+
; Inverted Register                                         ; Fan out ;
+-----------------------------------------------------------+---------+
; Top:top0|DSP:dsp|Noise_Gate:Noise_Gate|current_gain_r[0]  ; 3       ;
; Top:top0|DSP:dsp|Noise_Gate:Noise_Gate|current_gain_r[1]  ; 3       ;
; Top:top0|DSP:dsp|Noise_Gate:Noise_Gate|current_gain_r[2]  ; 3       ;
; Top:top0|DSP:dsp|Noise_Gate:Noise_Gate|current_gain_r[3]  ; 3       ;
; Top:top0|DSP:dsp|Noise_Gate:Noise_Gate|current_gain_r[4]  ; 3       ;
; Top:top0|DSP:dsp|Noise_Gate:Noise_Gate|current_gain_r[5]  ; 3       ;
; Top:top0|DSP:dsp|Noise_Gate:Noise_Gate|current_gain_r[6]  ; 3       ;
; Top:top0|DSP:dsp|Noise_Gate:Noise_Gate|current_gain_r[7]  ; 3       ;
; Top:top0|DSP:dsp|Noise_Gate:Noise_Gate|current_gain_r[8]  ; 3       ;
; Top:top0|DSP:dsp|Noise_Gate:Noise_Gate|current_gain_r[9]  ; 3       ;
; Top:top0|DSP:dsp|Noise_Gate:Noise_Gate|current_gain_r[10] ; 3       ;
; Top:top0|DSP:dsp|Noise_Gate:Noise_Gate|current_gain_r[11] ; 3       ;
; Top:top0|DSP:dsp|Noise_Gate:Noise_Gate|current_gain_r[12] ; 3       ;
; Top:top0|DSP:dsp|Noise_Gate:Noise_Gate|current_gain_r[13] ; 3       ;
; Top:top0|DSP:dsp|Noise_Gate:Noise_Gate|current_gain_r[14] ; 3       ;
; Top:top0|Player:player|is_init_r                          ; 3       ;
; Top:top0|DSP:dsp|Delay_Effect:Delay_Effect|first_pass_r   ; 2       ;
; Total number of inverted registers = 17                   ;         ;
+-----------------------------------------------------------+---------+


+------------------------------------------------------------------------------------------------------------------------------------------------------------------+
; Registers Added for RAM Pass-Through Logic                                                                                                                       ;
+--------------------------------------------------------------------------------------+---------------------------------------------------------------------------+
; Register Name                                                                        ; RAM Name                                                                  ;
+--------------------------------------------------------------------------------------+---------------------------------------------------------------------------+
; Top:top0|Buffer:buffer|buf_data_r_rtl_0_bypass[0]                                    ; Top:top0|Buffer:buffer|buf_data_r_rtl_0                                   ;
; Top:top0|Buffer:buffer|buf_data_r_rtl_0_bypass[1]                                    ; Top:top0|Buffer:buffer|buf_data_r_rtl_0                                   ;
; Top:top0|Buffer:buffer|buf_data_r_rtl_0_bypass[2]                                    ; Top:top0|Buffer:buffer|buf_data_r_rtl_0                                   ;
; Top:top0|Buffer:buffer|buf_data_r_rtl_0_bypass[3]                                    ; Top:top0|Buffer:buffer|buf_data_r_rtl_0                                   ;
; Top:top0|Buffer:buffer|buf_data_r_rtl_0_bypass[4]                                    ; Top:top0|Buffer:buffer|buf_data_r_rtl_0                                   ;
; Top:top0|Buffer:buffer|buf_data_r_rtl_0_bypass[5]                                    ; Top:top0|Buffer:buffer|buf_data_r_rtl_0                                   ;
; Top:top0|Buffer:buffer|buf_data_r_rtl_0_bypass[6]                                    ; Top:top0|Buffer:buffer|buf_data_r_rtl_0                                   ;
; Top:top0|Buffer:buffer|buf_data_r_rtl_0_bypass[7]                                    ; Top:top0|Buffer:buffer|buf_data_r_rtl_0                                   ;
; Top:top0|Buffer:buffer|buf_data_r_rtl_0_bypass[8]                                    ; Top:top0|Buffer:buffer|buf_data_r_rtl_0                                   ;
; Top:top0|Buffer:buffer|buf_data_r_rtl_0_bypass[9]                                    ; Top:top0|Buffer:buffer|buf_data_r_rtl_0                                   ;
; Top:top0|Buffer:buffer|buf_data_r_rtl_0_bypass[10]                                   ; Top:top0|Buffer:buffer|buf_data_r_rtl_0                                   ;
; Top:top0|Buffer:buffer|buf_data_r_rtl_0_bypass[11]                                   ; Top:top0|Buffer:buffer|buf_data_r_rtl_0                                   ;
; Top:top0|Buffer:buffer|buf_data_r_rtl_0_bypass[12]                                   ; Top:top0|Buffer:buffer|buf_data_r_rtl_0                                   ;
; Top:top0|Buffer:buffer|buf_data_r_rtl_0_bypass[13]                                   ; Top:top0|Buffer:buffer|buf_data_r_rtl_0                                   ;
; Top:top0|Buffer:buffer|buf_data_r_rtl_0_bypass[14]                                   ; Top:top0|Buffer:buffer|buf_data_r_rtl_0                                   ;
; Top:top0|Buffer:buffer|buf_data_r_rtl_0_bypass[15]                                   ; Top:top0|Buffer:buffer|buf_data_r_rtl_0                                   ;
; Top:top0|Buffer:buffer|buf_data_r_rtl_0_bypass[16]                                   ; Top:top0|Buffer:buffer|buf_data_r_rtl_0                                   ;
; Top:top0|Buffer:buffer|buf_data_r_rtl_0_bypass[17]                                   ; Top:top0|Buffer:buffer|buf_data_r_rtl_0                                   ;
; Top:top0|Buffer:buffer|buf_data_r_rtl_0_bypass[18]                                   ; Top:top0|Buffer:buffer|buf_data_r_rtl_0                                   ;
; Top:top0|Buffer:buffer|buf_data_r_rtl_0_bypass[19]                                   ; Top:top0|Buffer:buffer|buf_data_r_rtl_0                                   ;
; Top:top0|Buffer:buffer|buf_data_r_rtl_0_bypass[20]                                   ; Top:top0|Buffer:buffer|buf_data_r_rtl_0                                   ;
; Top:top0|Buffer:buffer|buf_data_r_rtl_0_bypass[21]                                   ; Top:top0|Buffer:buffer|buf_data_r_rtl_0                                   ;
; Top:top0|Buffer:buffer|buf_data_r_rtl_0_bypass[22]                                   ; Top:top0|Buffer:buffer|buf_data_r_rtl_0                                   ;
; Top:top0|Buffer:buffer|buf_data_r_rtl_0_bypass[23]                                   ; Top:top0|Buffer:buffer|buf_data_r_rtl_0                                   ;
; Top:top0|Buffer:buffer|buf_data_r_rtl_0_bypass[24]                                   ; Top:top0|Buffer:buffer|buf_data_r_rtl_0                                   ;
; Top:top0|Buffer:buffer|buf_data_l_rtl_0_bypass[0]                                    ; Top:top0|Buffer:buffer|buf_data_l_rtl_0                                   ;
; Top:top0|Buffer:buffer|buf_data_l_rtl_0_bypass[1]                                    ; Top:top0|Buffer:buffer|buf_data_l_rtl_0                                   ;
; Top:top0|Buffer:buffer|buf_data_l_rtl_0_bypass[2]                                    ; Top:top0|Buffer:buffer|buf_data_l_rtl_0                                   ;
; Top:top0|Buffer:buffer|buf_data_l_rtl_0_bypass[3]                                    ; Top:top0|Buffer:buffer|buf_data_l_rtl_0                                   ;
; Top:top0|Buffer:buffer|buf_data_l_rtl_0_bypass[4]                                    ; Top:top0|Buffer:buffer|buf_data_l_rtl_0                                   ;
; Top:top0|Buffer:buffer|buf_data_l_rtl_0_bypass[5]                                    ; Top:top0|Buffer:buffer|buf_data_l_rtl_0                                   ;
; Top:top0|Buffer:buffer|buf_data_l_rtl_0_bypass[6]                                    ; Top:top0|Buffer:buffer|buf_data_l_rtl_0                                   ;
; Top:top0|Buffer:buffer|buf_data_l_rtl_0_bypass[7]                                    ; Top:top0|Buffer:buffer|buf_data_l_rtl_0                                   ;
; Top:top0|Buffer:buffer|buf_data_l_rtl_0_bypass[8]                                    ; Top:top0|Buffer:buffer|buf_data_l_rtl_0                                   ;
; Top:top0|Buffer:buffer|buf_data_l_rtl_0_bypass[9]                                    ; Top:top0|Buffer:buffer|buf_data_l_rtl_0                                   ;
; Top:top0|Buffer:buffer|buf_data_l_rtl_0_bypass[10]                                   ; Top:top0|Buffer:buffer|buf_data_l_rtl_0                                   ;
; Top:top0|Buffer:buffer|buf_data_l_rtl_0_bypass[11]                                   ; Top:top0|Buffer:buffer|buf_data_l_rtl_0                                   ;
; Top:top0|Buffer:buffer|buf_data_l_rtl_0_bypass[12]                                   ; Top:top0|Buffer:buffer|buf_data_l_rtl_0                                   ;
; Top:top0|Buffer:buffer|buf_data_l_rtl_0_bypass[13]                                   ; Top:top0|Buffer:buffer|buf_data_l_rtl_0                                   ;
; Top:top0|Buffer:buffer|buf_data_l_rtl_0_bypass[14]                                   ; Top:top0|Buffer:buffer|buf_data_l_rtl_0                                   ;
; Top:top0|Buffer:buffer|buf_data_l_rtl_0_bypass[15]                                   ; Top:top0|Buffer:buffer|buf_data_l_rtl_0                                   ;
; Top:top0|Buffer:buffer|buf_data_l_rtl_0_bypass[16]                                   ; Top:top0|Buffer:buffer|buf_data_l_rtl_0                                   ;
; Top:top0|Buffer:buffer|buf_data_l_rtl_0_bypass[17]                                   ; Top:top0|Buffer:buffer|buf_data_l_rtl_0                                   ;
; Top:top0|Buffer:buffer|buf_data_l_rtl_0_bypass[18]                                   ; Top:top0|Buffer:buffer|buf_data_l_rtl_0                                   ;
; Top:top0|Buffer:buffer|buf_data_l_rtl_0_bypass[19]                                   ; Top:top0|Buffer:buffer|buf_data_l_rtl_0                                   ;
; Top:top0|Buffer:buffer|buf_data_l_rtl_0_bypass[20]                                   ; Top:top0|Buffer:buffer|buf_data_l_rtl_0                                   ;
; Top:top0|Buffer:buffer|buf_data_l_rtl_0_bypass[21]                                   ; Top:top0|Buffer:buffer|buf_data_l_rtl_0                                   ;
; Top:top0|Buffer:buffer|buf_data_l_rtl_0_bypass[22]                                   ; Top:top0|Buffer:buffer|buf_data_l_rtl_0                                   ;
; Top:top0|Buffer:buffer|buf_data_l_rtl_0_bypass[23]                                   ; Top:top0|Buffer:buffer|buf_data_l_rtl_0                                   ;
; Top:top0|Buffer:buffer|buf_data_l_rtl_0_bypass[24]                                   ; Top:top0|Buffer:buffer|buf_data_l_rtl_0                                   ;
; Top:top0|DSP:dsp|Reverb:Reverb|FDN_4ch:fdn|ch1_buffer_rtl_0_bypass[0]                ; Top:top0|DSP:dsp|Reverb:Reverb|FDN_4ch:fdn|ch1_buffer_rtl_0               ;
; Top:top0|DSP:dsp|Reverb:Reverb|FDN_4ch:fdn|ch1_buffer_rtl_0_bypass[1]                ; Top:top0|DSP:dsp|Reverb:Reverb|FDN_4ch:fdn|ch1_buffer_rtl_0               ;
; Top:top0|DSP:dsp|Reverb:Reverb|FDN_4ch:fdn|ch1_buffer_rtl_0_bypass[2]                ; Top:top0|DSP:dsp|Reverb:Reverb|FDN_4ch:fdn|ch1_buffer_rtl_0               ;
; Top:top0|DSP:dsp|Reverb:Reverb|FDN_4ch:fdn|ch1_buffer_rtl_0_bypass[3]                ; Top:top0|DSP:dsp|Reverb:Reverb|FDN_4ch:fdn|ch1_buffer_rtl_0               ;
; Top:top0|DSP:dsp|Reverb:Reverb|FDN_4ch:fdn|ch1_buffer_rtl_0_bypass[4]                ; Top:top0|DSP:dsp|Reverb:Reverb|FDN_4ch:fdn|ch1_buffer_rtl_0               ;
; Top:top0|DSP:dsp|Reverb:Reverb|FDN_4ch:fdn|ch1_buffer_rtl_0_bypass[5]                ; Top:top0|DSP:dsp|Reverb:Reverb|FDN_4ch:fdn|ch1_buffer_rtl_0               ;
; Top:top0|DSP:dsp|Reverb:Reverb|FDN_4ch:fdn|ch1_buffer_rtl_0_bypass[6]                ; Top:top0|DSP:dsp|Reverb:Reverb|FDN_4ch:fdn|ch1_buffer_rtl_0               ;
; Top:top0|DSP:dsp|Reverb:Reverb|FDN_4ch:fdn|ch1_buffer_rtl_0_bypass[7]                ; Top:top0|DSP:dsp|Reverb:Reverb|FDN_4ch:fdn|ch1_buffer_rtl_0               ;
; Top:top0|DSP:dsp|Reverb:Reverb|FDN_4ch:fdn|ch1_buffer_rtl_0_bypass[8]                ; Top:top0|DSP:dsp|Reverb:Reverb|FDN_4ch:fdn|ch1_buffer_rtl_0               ;
; Top:top0|DSP:dsp|Reverb:Reverb|FDN_4ch:fdn|ch1_buffer_rtl_0_bypass[9]                ; Top:top0|DSP:dsp|Reverb:Reverb|FDN_4ch:fdn|ch1_buffer_rtl_0               ;
; Top:top0|DSP:dsp|Reverb:Reverb|FDN_4ch:fdn|ch1_buffer_rtl_0_bypass[10]               ; Top:top0|DSP:dsp|Reverb:Reverb|FDN_4ch:fdn|ch1_buffer_rtl_0               ;
; Top:top0|DSP:dsp|Reverb:Reverb|FDN_4ch:fdn|ch1_buffer_rtl_0_bypass[11]               ; Top:top0|DSP:dsp|Reverb:Reverb|FDN_4ch:fdn|ch1_buffer_rtl_0               ;
; Top:top0|DSP:dsp|Reverb:Reverb|FDN_4ch:fdn|ch1_buffer_rtl_0_bypass[12]               ; Top:top0|DSP:dsp|Reverb:Reverb|FDN_4ch:fdn|ch1_buffer_rtl_0               ;
; Top:top0|DSP:dsp|Reverb:Reverb|FDN_4ch:fdn|ch1_buffer_rtl_0_bypass[13]               ; Top:top0|DSP:dsp|Reverb:Reverb|FDN_4ch:fdn|ch1_buffer_rtl_0               ;
; Top:top0|DSP:dsp|Reverb:Reverb|FDN_4ch:fdn|ch1_buffer_rtl_0_bypass[14]               ; Top:top0|DSP:dsp|Reverb:Reverb|FDN_4ch:fdn|ch1_buffer_rtl_0               ;
; Top:top0|DSP:dsp|Reverb:Reverb|FDN_4ch:fdn|ch1_buffer_rtl_0_bypass[15]               ; Top:top0|DSP:dsp|Reverb:Reverb|FDN_4ch:fdn|ch1_buffer_rtl_0               ;
; Top:top0|DSP:dsp|Reverb:Reverb|FDN_4ch:fdn|ch1_buffer_rtl_0_bypass[16]               ; Top:top0|DSP:dsp|Reverb:Reverb|FDN_4ch:fdn|ch1_buffer_rtl_0               ;
; Top:top0|DSP:dsp|Reverb:Reverb|FDN_4ch:fdn|ch1_buffer_rtl_0_bypass[17]               ; Top:top0|DSP:dsp|Reverb:Reverb|FDN_4ch:fdn|ch1_buffer_rtl_0               ;
; Top:top0|DSP:dsp|Reverb:Reverb|FDN_4ch:fdn|ch1_buffer_rtl_0_bypass[18]               ; Top:top0|DSP:dsp|Reverb:Reverb|FDN_4ch:fdn|ch1_buffer_rtl_0               ;
; Top:top0|DSP:dsp|Reverb:Reverb|FDN_4ch:fdn|ch1_buffer_rtl_0_bypass[19]               ; Top:top0|DSP:dsp|Reverb:Reverb|FDN_4ch:fdn|ch1_buffer_rtl_0               ;
; Top:top0|DSP:dsp|Reverb:Reverb|FDN_4ch:fdn|ch1_buffer_rtl_0_bypass[20]               ; Top:top0|DSP:dsp|Reverb:Reverb|FDN_4ch:fdn|ch1_buffer_rtl_0               ;
; Top:top0|DSP:dsp|Reverb:Reverb|FDN_4ch:fdn|ch1_buffer_rtl_0_bypass[21]               ; Top:top0|DSP:dsp|Reverb:Reverb|FDN_4ch:fdn|ch1_buffer_rtl_0               ;
; Top:top0|DSP:dsp|Reverb:Reverb|FDN_4ch:fdn|ch1_buffer_rtl_0_bypass[22]               ; Top:top0|DSP:dsp|Reverb:Reverb|FDN_4ch:fdn|ch1_buffer_rtl_0               ;
; Top:top0|DSP:dsp|Reverb:Reverb|FDN_4ch:fdn|ch1_buffer_rtl_0_bypass[23]               ; Top:top0|DSP:dsp|Reverb:Reverb|FDN_4ch:fdn|ch1_buffer_rtl_0               ;
; Top:top0|DSP:dsp|Reverb:Reverb|FDN_4ch:fdn|ch1_buffer_rtl_0_bypass[24]               ; Top:top0|DSP:dsp|Reverb:Reverb|FDN_4ch:fdn|ch1_buffer_rtl_0               ;
; Top:top0|DSP:dsp|Reverb:Reverb|FDN_4ch:fdn|ch1_buffer_rtl_0_bypass[25]               ; Top:top0|DSP:dsp|Reverb:Reverb|FDN_4ch:fdn|ch1_buffer_rtl_0               ;
; Top:top0|DSP:dsp|Reverb:Reverb|FDN_4ch:fdn|ch1_buffer_rtl_0_bypass[26]               ; Top:top0|DSP:dsp|Reverb:Reverb|FDN_4ch:fdn|ch1_buffer_rtl_0               ;
; Top:top0|DSP:dsp|Reverb:Reverb|FDN_4ch:fdn|ch1_buffer_rtl_0_bypass[27]               ; Top:top0|DSP:dsp|Reverb:Reverb|FDN_4ch:fdn|ch1_buffer_rtl_0               ;
; Top:top0|DSP:dsp|Reverb:Reverb|FDN_4ch:fdn|ch1_buffer_rtl_0_bypass[28]               ; Top:top0|DSP:dsp|Reverb:Reverb|FDN_4ch:fdn|ch1_buffer_rtl_0               ;
; Top:top0|DSP:dsp|Reverb:Reverb|FDN_4ch:fdn|ch1_buffer_rtl_0_bypass[29]               ; Top:top0|DSP:dsp|Reverb:Reverb|FDN_4ch:fdn|ch1_buffer_rtl_0               ;
; Top:top0|DSP:dsp|Reverb:Reverb|FDN_4ch:fdn|ch1_buffer_rtl_0_bypass[30]               ; Top:top0|DSP:dsp|Reverb:Reverb|FDN_4ch:fdn|ch1_buffer_rtl_0               ;
; Top:top0|DSP:dsp|Reverb:Reverb|FDN_4ch:fdn|ch1_buffer_rtl_0_bypass[31]               ; Top:top0|DSP:dsp|Reverb:Reverb|FDN_4ch:fdn|ch1_buffer_rtl_0               ;
; Top:top0|DSP:dsp|Reverb:Reverb|FDN_4ch:fdn|ch1_buffer_rtl_0_bypass[32]               ; Top:top0|DSP:dsp|Reverb:Reverb|FDN_4ch:fdn|ch1_buffer_rtl_0               ;
; Top:top0|DSP:dsp|Reverb:Reverb|FDN_4ch:fdn|ch1_buffer_rtl_0_bypass[33]               ; Top:top0|DSP:dsp|Reverb:Reverb|FDN_4ch:fdn|ch1_buffer_rtl_0               ;
; Top:top0|DSP:dsp|Reverb:Reverb|FDN_4ch:fdn|ch1_buffer_rtl_0_bypass[34]               ; Top:top0|DSP:dsp|Reverb:Reverb|FDN_4ch:fdn|ch1_buffer_rtl_0               ;
; Top:top0|DSP:dsp|Reverb:Reverb|FDN_4ch:fdn|ch1_buffer_rtl_0_bypass[35]               ; Top:top0|DSP:dsp|Reverb:Reverb|FDN_4ch:fdn|ch1_buffer_rtl_0               ;
; Top:top0|DSP:dsp|Reverb:Reverb|FDN_4ch:fdn|ch1_buffer_rtl_0_bypass[36]               ; Top:top0|DSP:dsp|Reverb:Reverb|FDN_4ch:fdn|ch1_buffer_rtl_0               ;
; Top:top0|DSP:dsp|Reverb:Reverb|FDN_4ch:fdn|ch1_buffer_rtl_0_bypass[37]               ; Top:top0|DSP:dsp|Reverb:Reverb|FDN_4ch:fdn|ch1_buffer_rtl_0               ;
; Top:top0|DSP:dsp|Reverb:Reverb|FDN_4ch:fdn|ch1_buffer_rtl_0_bypass[38]               ; Top:top0|DSP:dsp|Reverb:Reverb|FDN_4ch:fdn|ch1_buffer_rtl_0               ;
; Top:top0|DSP:dsp|Reverb:Reverb|FDN_4ch:fdn|ch0_buffer_rtl_0_bypass[0]                ; Top:top0|DSP:dsp|Reverb:Reverb|FDN_4ch:fdn|ch0_buffer_rtl_0               ;
; Top:top0|DSP:dsp|Reverb:Reverb|FDN_4ch:fdn|ch0_buffer_rtl_0_bypass[1]                ; Top:top0|DSP:dsp|Reverb:Reverb|FDN_4ch:fdn|ch0_buffer_rtl_0               ;
; Top:top0|DSP:dsp|Reverb:Reverb|FDN_4ch:fdn|ch0_buffer_rtl_0_bypass[2]                ; Top:top0|DSP:dsp|Reverb:Reverb|FDN_4ch:fdn|ch0_buffer_rtl_0               ;
; Top:top0|DSP:dsp|Reverb:Reverb|FDN_4ch:fdn|ch0_buffer_rtl_0_bypass[3]                ; Top:top0|DSP:dsp|Reverb:Reverb|FDN_4ch:fdn|ch0_buffer_rtl_0               ;
; Top:top0|DSP:dsp|Reverb:Reverb|FDN_4ch:fdn|ch0_buffer_rtl_0_bypass[4]                ; Top:top0|DSP:dsp|Reverb:Reverb|FDN_4ch:fdn|ch0_buffer_rtl_0               ;
; Top:top0|DSP:dsp|Reverb:Reverb|FDN_4ch:fdn|ch0_buffer_rtl_0_bypass[5]                ; Top:top0|DSP:dsp|Reverb:Reverb|FDN_4ch:fdn|ch0_buffer_rtl_0               ;
; Top:top0|DSP:dsp|Reverb:Reverb|FDN_4ch:fdn|ch0_buffer_rtl_0_bypass[6]                ; Top:top0|DSP:dsp|Reverb:Reverb|FDN_4ch:fdn|ch0_buffer_rtl_0               ;
; Top:top0|DSP:dsp|Reverb:Reverb|FDN_4ch:fdn|ch0_buffer_rtl_0_bypass[7]                ; Top:top0|DSP:dsp|Reverb:Reverb|FDN_4ch:fdn|ch0_buffer_rtl_0               ;
; Top:top0|DSP:dsp|Reverb:Reverb|FDN_4ch:fdn|ch0_buffer_rtl_0_bypass[8]                ; Top:top0|DSP:dsp|Reverb:Reverb|FDN_4ch:fdn|ch0_buffer_rtl_0               ;
; Top:top0|DSP:dsp|Reverb:Reverb|FDN_4ch:fdn|ch0_buffer_rtl_0_bypass[9]                ; Top:top0|DSP:dsp|Reverb:Reverb|FDN_4ch:fdn|ch0_buffer_rtl_0               ;
; Top:top0|DSP:dsp|Reverb:Reverb|FDN_4ch:fdn|ch0_buffer_rtl_0_bypass[10]               ; Top:top0|DSP:dsp|Reverb:Reverb|FDN_4ch:fdn|ch0_buffer_rtl_0               ;
; Top:top0|DSP:dsp|Reverb:Reverb|FDN_4ch:fdn|ch0_buffer_rtl_0_bypass[11]               ; Top:top0|DSP:dsp|Reverb:Reverb|FDN_4ch:fdn|ch0_buffer_rtl_0               ;
; Top:top0|DSP:dsp|Reverb:Reverb|FDN_4ch:fdn|ch0_buffer_rtl_0_bypass[12]               ; Top:top0|DSP:dsp|Reverb:Reverb|FDN_4ch:fdn|ch0_buffer_rtl_0               ;
; Top:top0|DSP:dsp|Reverb:Reverb|FDN_4ch:fdn|ch0_buffer_rtl_0_bypass[13]               ; Top:top0|DSP:dsp|Reverb:Reverb|FDN_4ch:fdn|ch0_buffer_rtl_0               ;
; Top:top0|DSP:dsp|Reverb:Reverb|FDN_4ch:fdn|ch0_buffer_rtl_0_bypass[14]               ; Top:top0|DSP:dsp|Reverb:Reverb|FDN_4ch:fdn|ch0_buffer_rtl_0               ;
; Top:top0|DSP:dsp|Reverb:Reverb|FDN_4ch:fdn|ch0_buffer_rtl_0_bypass[15]               ; Top:top0|DSP:dsp|Reverb:Reverb|FDN_4ch:fdn|ch0_buffer_rtl_0               ;
; Top:top0|DSP:dsp|Reverb:Reverb|FDN_4ch:fdn|ch0_buffer_rtl_0_bypass[16]               ; Top:top0|DSP:dsp|Reverb:Reverb|FDN_4ch:fdn|ch0_buffer_rtl_0               ;
; Top:top0|DSP:dsp|Reverb:Reverb|FDN_4ch:fdn|ch0_buffer_rtl_0_bypass[17]               ; Top:top0|DSP:dsp|Reverb:Reverb|FDN_4ch:fdn|ch0_buffer_rtl_0               ;
; Top:top0|DSP:dsp|Reverb:Reverb|FDN_4ch:fdn|ch0_buffer_rtl_0_bypass[18]               ; Top:top0|DSP:dsp|Reverb:Reverb|FDN_4ch:fdn|ch0_buffer_rtl_0               ;
; Top:top0|DSP:dsp|Reverb:Reverb|FDN_4ch:fdn|ch0_buffer_rtl_0_bypass[19]               ; Top:top0|DSP:dsp|Reverb:Reverb|FDN_4ch:fdn|ch0_buffer_rtl_0               ;
; Top:top0|DSP:dsp|Reverb:Reverb|FDN_4ch:fdn|ch0_buffer_rtl_0_bypass[20]               ; Top:top0|DSP:dsp|Reverb:Reverb|FDN_4ch:fdn|ch0_buffer_rtl_0               ;
; Top:top0|DSP:dsp|Reverb:Reverb|FDN_4ch:fdn|ch0_buffer_rtl_0_bypass[21]               ; Top:top0|DSP:dsp|Reverb:Reverb|FDN_4ch:fdn|ch0_buffer_rtl_0               ;
; Top:top0|DSP:dsp|Reverb:Reverb|FDN_4ch:fdn|ch0_buffer_rtl_0_bypass[22]               ; Top:top0|DSP:dsp|Reverb:Reverb|FDN_4ch:fdn|ch0_buffer_rtl_0               ;
; Top:top0|DSP:dsp|Reverb:Reverb|FDN_4ch:fdn|ch0_buffer_rtl_0_bypass[23]               ; Top:top0|DSP:dsp|Reverb:Reverb|FDN_4ch:fdn|ch0_buffer_rtl_0               ;
; Top:top0|DSP:dsp|Reverb:Reverb|FDN_4ch:fdn|ch0_buffer_rtl_0_bypass[24]               ; Top:top0|DSP:dsp|Reverb:Reverb|FDN_4ch:fdn|ch0_buffer_rtl_0               ;
; Top:top0|DSP:dsp|Reverb:Reverb|FDN_4ch:fdn|ch0_buffer_rtl_0_bypass[25]               ; Top:top0|DSP:dsp|Reverb:Reverb|FDN_4ch:fdn|ch0_buffer_rtl_0               ;
; Top:top0|DSP:dsp|Reverb:Reverb|FDN_4ch:fdn|ch0_buffer_rtl_0_bypass[26]               ; Top:top0|DSP:dsp|Reverb:Reverb|FDN_4ch:fdn|ch0_buffer_rtl_0               ;
; Top:top0|DSP:dsp|Reverb:Reverb|FDN_4ch:fdn|ch0_buffer_rtl_0_bypass[27]               ; Top:top0|DSP:dsp|Reverb:Reverb|FDN_4ch:fdn|ch0_buffer_rtl_0               ;
; Top:top0|DSP:dsp|Reverb:Reverb|FDN_4ch:fdn|ch0_buffer_rtl_0_bypass[28]               ; Top:top0|DSP:dsp|Reverb:Reverb|FDN_4ch:fdn|ch0_buffer_rtl_0               ;
; Top:top0|DSP:dsp|Reverb:Reverb|FDN_4ch:fdn|ch0_buffer_rtl_0_bypass[29]               ; Top:top0|DSP:dsp|Reverb:Reverb|FDN_4ch:fdn|ch0_buffer_rtl_0               ;
; Top:top0|DSP:dsp|Reverb:Reverb|FDN_4ch:fdn|ch0_buffer_rtl_0_bypass[30]               ; Top:top0|DSP:dsp|Reverb:Reverb|FDN_4ch:fdn|ch0_buffer_rtl_0               ;
; Top:top0|DSP:dsp|Reverb:Reverb|FDN_4ch:fdn|ch0_buffer_rtl_0_bypass[31]               ; Top:top0|DSP:dsp|Reverb:Reverb|FDN_4ch:fdn|ch0_buffer_rtl_0               ;
; Top:top0|DSP:dsp|Reverb:Reverb|FDN_4ch:fdn|ch0_buffer_rtl_0_bypass[32]               ; Top:top0|DSP:dsp|Reverb:Reverb|FDN_4ch:fdn|ch0_buffer_rtl_0               ;
; Top:top0|DSP:dsp|Reverb:Reverb|FDN_4ch:fdn|ch0_buffer_rtl_0_bypass[33]               ; Top:top0|DSP:dsp|Reverb:Reverb|FDN_4ch:fdn|ch0_buffer_rtl_0               ;
; Top:top0|DSP:dsp|Reverb:Reverb|FDN_4ch:fdn|ch0_buffer_rtl_0_bypass[34]               ; Top:top0|DSP:dsp|Reverb:Reverb|FDN_4ch:fdn|ch0_buffer_rtl_0               ;
; Top:top0|DSP:dsp|Reverb:Reverb|FDN_4ch:fdn|ch0_buffer_rtl_0_bypass[35]               ; Top:top0|DSP:dsp|Reverb:Reverb|FDN_4ch:fdn|ch0_buffer_rtl_0               ;
; Top:top0|DSP:dsp|Reverb:Reverb|FDN_4ch:fdn|ch0_buffer_rtl_0_bypass[36]               ; Top:top0|DSP:dsp|Reverb:Reverb|FDN_4ch:fdn|ch0_buffer_rtl_0               ;
; Top:top0|DSP:dsp|Reverb:Reverb|FDN_4ch:fdn|ch0_buffer_rtl_0_bypass[37]               ; Top:top0|DSP:dsp|Reverb:Reverb|FDN_4ch:fdn|ch0_buffer_rtl_0               ;
; Top:top0|DSP:dsp|Reverb:Reverb|FDN_4ch:fdn|ch0_buffer_rtl_0_bypass[38]               ; Top:top0|DSP:dsp|Reverb:Reverb|FDN_4ch:fdn|ch0_buffer_rtl_0               ;
; Top:top0|DSP:dsp|Reverb:Reverb|FDN_4ch:fdn|ch2_buffer_rtl_0_bypass[0]                ; Top:top0|DSP:dsp|Reverb:Reverb|FDN_4ch:fdn|ch2_buffer_rtl_0               ;
; Top:top0|DSP:dsp|Reverb:Reverb|FDN_4ch:fdn|ch2_buffer_rtl_0_bypass[1]                ; Top:top0|DSP:dsp|Reverb:Reverb|FDN_4ch:fdn|ch2_buffer_rtl_0               ;
; Top:top0|DSP:dsp|Reverb:Reverb|FDN_4ch:fdn|ch2_buffer_rtl_0_bypass[2]                ; Top:top0|DSP:dsp|Reverb:Reverb|FDN_4ch:fdn|ch2_buffer_rtl_0               ;
; Top:top0|DSP:dsp|Reverb:Reverb|FDN_4ch:fdn|ch2_buffer_rtl_0_bypass[3]                ; Top:top0|DSP:dsp|Reverb:Reverb|FDN_4ch:fdn|ch2_buffer_rtl_0               ;
; Top:top0|DSP:dsp|Reverb:Reverb|FDN_4ch:fdn|ch2_buffer_rtl_0_bypass[4]                ; Top:top0|DSP:dsp|Reverb:Reverb|FDN_4ch:fdn|ch2_buffer_rtl_0               ;
; Top:top0|DSP:dsp|Reverb:Reverb|FDN_4ch:fdn|ch2_buffer_rtl_0_bypass[5]                ; Top:top0|DSP:dsp|Reverb:Reverb|FDN_4ch:fdn|ch2_buffer_rtl_0               ;
; Top:top0|DSP:dsp|Reverb:Reverb|FDN_4ch:fdn|ch2_buffer_rtl_0_bypass[6]                ; Top:top0|DSP:dsp|Reverb:Reverb|FDN_4ch:fdn|ch2_buffer_rtl_0               ;
; Top:top0|DSP:dsp|Reverb:Reverb|FDN_4ch:fdn|ch2_buffer_rtl_0_bypass[7]                ; Top:top0|DSP:dsp|Reverb:Reverb|FDN_4ch:fdn|ch2_buffer_rtl_0               ;
; Top:top0|DSP:dsp|Reverb:Reverb|FDN_4ch:fdn|ch2_buffer_rtl_0_bypass[8]                ; Top:top0|DSP:dsp|Reverb:Reverb|FDN_4ch:fdn|ch2_buffer_rtl_0               ;
; Top:top0|DSP:dsp|Reverb:Reverb|FDN_4ch:fdn|ch2_buffer_rtl_0_bypass[9]                ; Top:top0|DSP:dsp|Reverb:Reverb|FDN_4ch:fdn|ch2_buffer_rtl_0               ;
; Top:top0|DSP:dsp|Reverb:Reverb|FDN_4ch:fdn|ch2_buffer_rtl_0_bypass[10]               ; Top:top0|DSP:dsp|Reverb:Reverb|FDN_4ch:fdn|ch2_buffer_rtl_0               ;
; Top:top0|DSP:dsp|Reverb:Reverb|FDN_4ch:fdn|ch2_buffer_rtl_0_bypass[11]               ; Top:top0|DSP:dsp|Reverb:Reverb|FDN_4ch:fdn|ch2_buffer_rtl_0               ;
; Top:top0|DSP:dsp|Reverb:Reverb|FDN_4ch:fdn|ch2_buffer_rtl_0_bypass[12]               ; Top:top0|DSP:dsp|Reverb:Reverb|FDN_4ch:fdn|ch2_buffer_rtl_0               ;
; Top:top0|DSP:dsp|Reverb:Reverb|FDN_4ch:fdn|ch2_buffer_rtl_0_bypass[13]               ; Top:top0|DSP:dsp|Reverb:Reverb|FDN_4ch:fdn|ch2_buffer_rtl_0               ;
; Top:top0|DSP:dsp|Reverb:Reverb|FDN_4ch:fdn|ch2_buffer_rtl_0_bypass[14]               ; Top:top0|DSP:dsp|Reverb:Reverb|FDN_4ch:fdn|ch2_buffer_rtl_0               ;
; Top:top0|DSP:dsp|Reverb:Reverb|FDN_4ch:fdn|ch2_buffer_rtl_0_bypass[15]               ; Top:top0|DSP:dsp|Reverb:Reverb|FDN_4ch:fdn|ch2_buffer_rtl_0               ;
; Top:top0|DSP:dsp|Reverb:Reverb|FDN_4ch:fdn|ch2_buffer_rtl_0_bypass[16]               ; Top:top0|DSP:dsp|Reverb:Reverb|FDN_4ch:fdn|ch2_buffer_rtl_0               ;
; Top:top0|DSP:dsp|Reverb:Reverb|FDN_4ch:fdn|ch2_buffer_rtl_0_bypass[17]               ; Top:top0|DSP:dsp|Reverb:Reverb|FDN_4ch:fdn|ch2_buffer_rtl_0               ;
; Top:top0|DSP:dsp|Reverb:Reverb|FDN_4ch:fdn|ch2_buffer_rtl_0_bypass[18]               ; Top:top0|DSP:dsp|Reverb:Reverb|FDN_4ch:fdn|ch2_buffer_rtl_0               ;
; Top:top0|DSP:dsp|Reverb:Reverb|FDN_4ch:fdn|ch2_buffer_rtl_0_bypass[19]               ; Top:top0|DSP:dsp|Reverb:Reverb|FDN_4ch:fdn|ch2_buffer_rtl_0               ;
; Top:top0|DSP:dsp|Reverb:Reverb|FDN_4ch:fdn|ch2_buffer_rtl_0_bypass[20]               ; Top:top0|DSP:dsp|Reverb:Reverb|FDN_4ch:fdn|ch2_buffer_rtl_0               ;
; Top:top0|DSP:dsp|Reverb:Reverb|FDN_4ch:fdn|ch2_buffer_rtl_0_bypass[21]               ; Top:top0|DSP:dsp|Reverb:Reverb|FDN_4ch:fdn|ch2_buffer_rtl_0               ;
; Top:top0|DSP:dsp|Reverb:Reverb|FDN_4ch:fdn|ch2_buffer_rtl_0_bypass[22]               ; Top:top0|DSP:dsp|Reverb:Reverb|FDN_4ch:fdn|ch2_buffer_rtl_0               ;
; Top:top0|DSP:dsp|Reverb:Reverb|FDN_4ch:fdn|ch2_buffer_rtl_0_bypass[23]               ; Top:top0|DSP:dsp|Reverb:Reverb|FDN_4ch:fdn|ch2_buffer_rtl_0               ;
; Top:top0|DSP:dsp|Reverb:Reverb|FDN_4ch:fdn|ch2_buffer_rtl_0_bypass[24]               ; Top:top0|DSP:dsp|Reverb:Reverb|FDN_4ch:fdn|ch2_buffer_rtl_0               ;
; Top:top0|DSP:dsp|Reverb:Reverb|FDN_4ch:fdn|ch2_buffer_rtl_0_bypass[25]               ; Top:top0|DSP:dsp|Reverb:Reverb|FDN_4ch:fdn|ch2_buffer_rtl_0               ;
; Top:top0|DSP:dsp|Reverb:Reverb|FDN_4ch:fdn|ch2_buffer_rtl_0_bypass[26]               ; Top:top0|DSP:dsp|Reverb:Reverb|FDN_4ch:fdn|ch2_buffer_rtl_0               ;
; Top:top0|DSP:dsp|Reverb:Reverb|FDN_4ch:fdn|ch2_buffer_rtl_0_bypass[27]               ; Top:top0|DSP:dsp|Reverb:Reverb|FDN_4ch:fdn|ch2_buffer_rtl_0               ;
; Top:top0|DSP:dsp|Reverb:Reverb|FDN_4ch:fdn|ch2_buffer_rtl_0_bypass[28]               ; Top:top0|DSP:dsp|Reverb:Reverb|FDN_4ch:fdn|ch2_buffer_rtl_0               ;
; Top:top0|DSP:dsp|Reverb:Reverb|FDN_4ch:fdn|ch2_buffer_rtl_0_bypass[29]               ; Top:top0|DSP:dsp|Reverb:Reverb|FDN_4ch:fdn|ch2_buffer_rtl_0               ;
; Top:top0|DSP:dsp|Reverb:Reverb|FDN_4ch:fdn|ch2_buffer_rtl_0_bypass[30]               ; Top:top0|DSP:dsp|Reverb:Reverb|FDN_4ch:fdn|ch2_buffer_rtl_0               ;
; Top:top0|DSP:dsp|Reverb:Reverb|FDN_4ch:fdn|ch2_buffer_rtl_0_bypass[31]               ; Top:top0|DSP:dsp|Reverb:Reverb|FDN_4ch:fdn|ch2_buffer_rtl_0               ;
; Top:top0|DSP:dsp|Reverb:Reverb|FDN_4ch:fdn|ch2_buffer_rtl_0_bypass[32]               ; Top:top0|DSP:dsp|Reverb:Reverb|FDN_4ch:fdn|ch2_buffer_rtl_0               ;
; Top:top0|DSP:dsp|Reverb:Reverb|FDN_4ch:fdn|ch2_buffer_rtl_0_bypass[33]               ; Top:top0|DSP:dsp|Reverb:Reverb|FDN_4ch:fdn|ch2_buffer_rtl_0               ;
; Top:top0|DSP:dsp|Reverb:Reverb|FDN_4ch:fdn|ch2_buffer_rtl_0_bypass[34]               ; Top:top0|DSP:dsp|Reverb:Reverb|FDN_4ch:fdn|ch2_buffer_rtl_0               ;
; Top:top0|DSP:dsp|Reverb:Reverb|FDN_4ch:fdn|ch2_buffer_rtl_0_bypass[35]               ; Top:top0|DSP:dsp|Reverb:Reverb|FDN_4ch:fdn|ch2_buffer_rtl_0               ;
; Top:top0|DSP:dsp|Reverb:Reverb|FDN_4ch:fdn|ch2_buffer_rtl_0_bypass[36]               ; Top:top0|DSP:dsp|Reverb:Reverb|FDN_4ch:fdn|ch2_buffer_rtl_0               ;
; Top:top0|DSP:dsp|Reverb:Reverb|FDN_4ch:fdn|ch2_buffer_rtl_0_bypass[37]               ; Top:top0|DSP:dsp|Reverb:Reverb|FDN_4ch:fdn|ch2_buffer_rtl_0               ;
; Top:top0|DSP:dsp|Reverb:Reverb|FDN_4ch:fdn|ch2_buffer_rtl_0_bypass[38]               ; Top:top0|DSP:dsp|Reverb:Reverb|FDN_4ch:fdn|ch2_buffer_rtl_0               ;
; Top:top0|DSP:dsp|Reverb:Reverb|FDN_4ch:fdn|ch2_buffer_rtl_0_bypass[39]               ; Top:top0|DSP:dsp|Reverb:Reverb|FDN_4ch:fdn|ch2_buffer_rtl_0               ;
; Top:top0|DSP:dsp|Reverb:Reverb|FDN_4ch:fdn|ch2_buffer_rtl_0_bypass[40]               ; Top:top0|DSP:dsp|Reverb:Reverb|FDN_4ch:fdn|ch2_buffer_rtl_0               ;
; Top:top0|DSP:dsp|Reverb:Reverb|FDN_4ch:fdn|ch3_buffer_rtl_0_bypass[0]                ; Top:top0|DSP:dsp|Reverb:Reverb|FDN_4ch:fdn|ch3_buffer_rtl_0               ;
; Top:top0|DSP:dsp|Reverb:Reverb|FDN_4ch:fdn|ch3_buffer_rtl_0_bypass[1]                ; Top:top0|DSP:dsp|Reverb:Reverb|FDN_4ch:fdn|ch3_buffer_rtl_0               ;
; Top:top0|DSP:dsp|Reverb:Reverb|FDN_4ch:fdn|ch3_buffer_rtl_0_bypass[2]                ; Top:top0|DSP:dsp|Reverb:Reverb|FDN_4ch:fdn|ch3_buffer_rtl_0               ;
; Top:top0|DSP:dsp|Reverb:Reverb|FDN_4ch:fdn|ch3_buffer_rtl_0_bypass[3]                ; Top:top0|DSP:dsp|Reverb:Reverb|FDN_4ch:fdn|ch3_buffer_rtl_0               ;
; Top:top0|DSP:dsp|Reverb:Reverb|FDN_4ch:fdn|ch3_buffer_rtl_0_bypass[4]                ; Top:top0|DSP:dsp|Reverb:Reverb|FDN_4ch:fdn|ch3_buffer_rtl_0               ;
; Top:top0|DSP:dsp|Reverb:Reverb|FDN_4ch:fdn|ch3_buffer_rtl_0_bypass[5]                ; Top:top0|DSP:dsp|Reverb:Reverb|FDN_4ch:fdn|ch3_buffer_rtl_0               ;
; Top:top0|DSP:dsp|Reverb:Reverb|FDN_4ch:fdn|ch3_buffer_rtl_0_bypass[6]                ; Top:top0|DSP:dsp|Reverb:Reverb|FDN_4ch:fdn|ch3_buffer_rtl_0               ;
; Top:top0|DSP:dsp|Reverb:Reverb|FDN_4ch:fdn|ch3_buffer_rtl_0_bypass[7]                ; Top:top0|DSP:dsp|Reverb:Reverb|FDN_4ch:fdn|ch3_buffer_rtl_0               ;
; Top:top0|DSP:dsp|Reverb:Reverb|FDN_4ch:fdn|ch3_buffer_rtl_0_bypass[8]                ; Top:top0|DSP:dsp|Reverb:Reverb|FDN_4ch:fdn|ch3_buffer_rtl_0               ;
; Top:top0|DSP:dsp|Reverb:Reverb|FDN_4ch:fdn|ch3_buffer_rtl_0_bypass[9]                ; Top:top0|DSP:dsp|Reverb:Reverb|FDN_4ch:fdn|ch3_buffer_rtl_0               ;
; Top:top0|DSP:dsp|Reverb:Reverb|FDN_4ch:fdn|ch3_buffer_rtl_0_bypass[10]               ; Top:top0|DSP:dsp|Reverb:Reverb|FDN_4ch:fdn|ch3_buffer_rtl_0               ;
; Top:top0|DSP:dsp|Reverb:Reverb|FDN_4ch:fdn|ch3_buffer_rtl_0_bypass[11]               ; Top:top0|DSP:dsp|Reverb:Reverb|FDN_4ch:fdn|ch3_buffer_rtl_0               ;
; Top:top0|DSP:dsp|Reverb:Reverb|FDN_4ch:fdn|ch3_buffer_rtl_0_bypass[12]               ; Top:top0|DSP:dsp|Reverb:Reverb|FDN_4ch:fdn|ch3_buffer_rtl_0               ;
; Top:top0|DSP:dsp|Reverb:Reverb|FDN_4ch:fdn|ch3_buffer_rtl_0_bypass[13]               ; Top:top0|DSP:dsp|Reverb:Reverb|FDN_4ch:fdn|ch3_buffer_rtl_0               ;
; Top:top0|DSP:dsp|Reverb:Reverb|FDN_4ch:fdn|ch3_buffer_rtl_0_bypass[14]               ; Top:top0|DSP:dsp|Reverb:Reverb|FDN_4ch:fdn|ch3_buffer_rtl_0               ;
; Top:top0|DSP:dsp|Reverb:Reverb|FDN_4ch:fdn|ch3_buffer_rtl_0_bypass[15]               ; Top:top0|DSP:dsp|Reverb:Reverb|FDN_4ch:fdn|ch3_buffer_rtl_0               ;
; Top:top0|DSP:dsp|Reverb:Reverb|FDN_4ch:fdn|ch3_buffer_rtl_0_bypass[16]               ; Top:top0|DSP:dsp|Reverb:Reverb|FDN_4ch:fdn|ch3_buffer_rtl_0               ;
; Top:top0|DSP:dsp|Reverb:Reverb|FDN_4ch:fdn|ch3_buffer_rtl_0_bypass[17]               ; Top:top0|DSP:dsp|Reverb:Reverb|FDN_4ch:fdn|ch3_buffer_rtl_0               ;
; Top:top0|DSP:dsp|Reverb:Reverb|FDN_4ch:fdn|ch3_buffer_rtl_0_bypass[18]               ; Top:top0|DSP:dsp|Reverb:Reverb|FDN_4ch:fdn|ch3_buffer_rtl_0               ;
; Top:top0|DSP:dsp|Reverb:Reverb|FDN_4ch:fdn|ch3_buffer_rtl_0_bypass[19]               ; Top:top0|DSP:dsp|Reverb:Reverb|FDN_4ch:fdn|ch3_buffer_rtl_0               ;
; Top:top0|DSP:dsp|Reverb:Reverb|FDN_4ch:fdn|ch3_buffer_rtl_0_bypass[20]               ; Top:top0|DSP:dsp|Reverb:Reverb|FDN_4ch:fdn|ch3_buffer_rtl_0               ;
; Top:top0|DSP:dsp|Reverb:Reverb|FDN_4ch:fdn|ch3_buffer_rtl_0_bypass[21]               ; Top:top0|DSP:dsp|Reverb:Reverb|FDN_4ch:fdn|ch3_buffer_rtl_0               ;
; Top:top0|DSP:dsp|Reverb:Reverb|FDN_4ch:fdn|ch3_buffer_rtl_0_bypass[22]               ; Top:top0|DSP:dsp|Reverb:Reverb|FDN_4ch:fdn|ch3_buffer_rtl_0               ;
; Top:top0|DSP:dsp|Reverb:Reverb|FDN_4ch:fdn|ch3_buffer_rtl_0_bypass[23]               ; Top:top0|DSP:dsp|Reverb:Reverb|FDN_4ch:fdn|ch3_buffer_rtl_0               ;
; Top:top0|DSP:dsp|Reverb:Reverb|FDN_4ch:fdn|ch3_buffer_rtl_0_bypass[24]               ; Top:top0|DSP:dsp|Reverb:Reverb|FDN_4ch:fdn|ch3_buffer_rtl_0               ;
; Top:top0|DSP:dsp|Reverb:Reverb|FDN_4ch:fdn|ch3_buffer_rtl_0_bypass[25]               ; Top:top0|DSP:dsp|Reverb:Reverb|FDN_4ch:fdn|ch3_buffer_rtl_0               ;
; Top:top0|DSP:dsp|Reverb:Reverb|FDN_4ch:fdn|ch3_buffer_rtl_0_bypass[26]               ; Top:top0|DSP:dsp|Reverb:Reverb|FDN_4ch:fdn|ch3_buffer_rtl_0               ;
; Top:top0|DSP:dsp|Reverb:Reverb|FDN_4ch:fdn|ch3_buffer_rtl_0_bypass[27]               ; Top:top0|DSP:dsp|Reverb:Reverb|FDN_4ch:fdn|ch3_buffer_rtl_0               ;
; Top:top0|DSP:dsp|Reverb:Reverb|FDN_4ch:fdn|ch3_buffer_rtl_0_bypass[28]               ; Top:top0|DSP:dsp|Reverb:Reverb|FDN_4ch:fdn|ch3_buffer_rtl_0               ;
; Top:top0|DSP:dsp|Reverb:Reverb|FDN_4ch:fdn|ch3_buffer_rtl_0_bypass[29]               ; Top:top0|DSP:dsp|Reverb:Reverb|FDN_4ch:fdn|ch3_buffer_rtl_0               ;
; Top:top0|DSP:dsp|Reverb:Reverb|FDN_4ch:fdn|ch3_buffer_rtl_0_bypass[30]               ; Top:top0|DSP:dsp|Reverb:Reverb|FDN_4ch:fdn|ch3_buffer_rtl_0               ;
; Top:top0|DSP:dsp|Reverb:Reverb|FDN_4ch:fdn|ch3_buffer_rtl_0_bypass[31]               ; Top:top0|DSP:dsp|Reverb:Reverb|FDN_4ch:fdn|ch3_buffer_rtl_0               ;
; Top:top0|DSP:dsp|Reverb:Reverb|FDN_4ch:fdn|ch3_buffer_rtl_0_bypass[32]               ; Top:top0|DSP:dsp|Reverb:Reverb|FDN_4ch:fdn|ch3_buffer_rtl_0               ;
; Top:top0|DSP:dsp|Reverb:Reverb|FDN_4ch:fdn|ch3_buffer_rtl_0_bypass[33]               ; Top:top0|DSP:dsp|Reverb:Reverb|FDN_4ch:fdn|ch3_buffer_rtl_0               ;
; Top:top0|DSP:dsp|Reverb:Reverb|FDN_4ch:fdn|ch3_buffer_rtl_0_bypass[34]               ; Top:top0|DSP:dsp|Reverb:Reverb|FDN_4ch:fdn|ch3_buffer_rtl_0               ;
; Top:top0|DSP:dsp|Reverb:Reverb|FDN_4ch:fdn|ch3_buffer_rtl_0_bypass[35]               ; Top:top0|DSP:dsp|Reverb:Reverb|FDN_4ch:fdn|ch3_buffer_rtl_0               ;
; Top:top0|DSP:dsp|Reverb:Reverb|FDN_4ch:fdn|ch3_buffer_rtl_0_bypass[36]               ; Top:top0|DSP:dsp|Reverb:Reverb|FDN_4ch:fdn|ch3_buffer_rtl_0               ;
; Top:top0|DSP:dsp|Reverb:Reverb|FDN_4ch:fdn|ch3_buffer_rtl_0_bypass[37]               ; Top:top0|DSP:dsp|Reverb:Reverb|FDN_4ch:fdn|ch3_buffer_rtl_0               ;
; Top:top0|DSP:dsp|Reverb:Reverb|FDN_4ch:fdn|ch3_buffer_rtl_0_bypass[38]               ; Top:top0|DSP:dsp|Reverb:Reverb|FDN_4ch:fdn|ch3_buffer_rtl_0               ;
; Top:top0|DSP:dsp|Reverb:Reverb|FDN_4ch:fdn|ch3_buffer_rtl_0_bypass[39]               ; Top:top0|DSP:dsp|Reverb:Reverb|FDN_4ch:fdn|ch3_buffer_rtl_0               ;
; Top:top0|DSP:dsp|Reverb:Reverb|FDN_4ch:fdn|ch3_buffer_rtl_0_bypass[40]               ; Top:top0|DSP:dsp|Reverb:Reverb|FDN_4ch:fdn|ch3_buffer_rtl_0               ;
; Top:top0|DSP:dsp|Reverb:Reverb|Schroeder_Allpass:allpass_4|v_buffer_rtl_0_bypass[0]  ; Top:top0|DSP:dsp|Reverb:Reverb|Schroeder_Allpass:allpass_4|v_buffer_rtl_0 ;
; Top:top0|DSP:dsp|Reverb:Reverb|Schroeder_Allpass:allpass_4|v_buffer_rtl_0_bypass[1]  ; Top:top0|DSP:dsp|Reverb:Reverb|Schroeder_Allpass:allpass_4|v_buffer_rtl_0 ;
; Top:top0|DSP:dsp|Reverb:Reverb|Schroeder_Allpass:allpass_4|v_buffer_rtl_0_bypass[2]  ; Top:top0|DSP:dsp|Reverb:Reverb|Schroeder_Allpass:allpass_4|v_buffer_rtl_0 ;
; Top:top0|DSP:dsp|Reverb:Reverb|Schroeder_Allpass:allpass_4|v_buffer_rtl_0_bypass[3]  ; Top:top0|DSP:dsp|Reverb:Reverb|Schroeder_Allpass:allpass_4|v_buffer_rtl_0 ;
; Top:top0|DSP:dsp|Reverb:Reverb|Schroeder_Allpass:allpass_4|v_buffer_rtl_0_bypass[4]  ; Top:top0|DSP:dsp|Reverb:Reverb|Schroeder_Allpass:allpass_4|v_buffer_rtl_0 ;
; Top:top0|DSP:dsp|Reverb:Reverb|Schroeder_Allpass:allpass_4|v_buffer_rtl_0_bypass[5]  ; Top:top0|DSP:dsp|Reverb:Reverb|Schroeder_Allpass:allpass_4|v_buffer_rtl_0 ;
; Top:top0|DSP:dsp|Reverb:Reverb|Schroeder_Allpass:allpass_4|v_buffer_rtl_0_bypass[6]  ; Top:top0|DSP:dsp|Reverb:Reverb|Schroeder_Allpass:allpass_4|v_buffer_rtl_0 ;
; Top:top0|DSP:dsp|Reverb:Reverb|Schroeder_Allpass:allpass_4|v_buffer_rtl_0_bypass[7]  ; Top:top0|DSP:dsp|Reverb:Reverb|Schroeder_Allpass:allpass_4|v_buffer_rtl_0 ;
; Top:top0|DSP:dsp|Reverb:Reverb|Schroeder_Allpass:allpass_4|v_buffer_rtl_0_bypass[8]  ; Top:top0|DSP:dsp|Reverb:Reverb|Schroeder_Allpass:allpass_4|v_buffer_rtl_0 ;
; Top:top0|DSP:dsp|Reverb:Reverb|Schroeder_Allpass:allpass_4|v_buffer_rtl_0_bypass[9]  ; Top:top0|DSP:dsp|Reverb:Reverb|Schroeder_Allpass:allpass_4|v_buffer_rtl_0 ;
; Top:top0|DSP:dsp|Reverb:Reverb|Schroeder_Allpass:allpass_4|v_buffer_rtl_0_bypass[10] ; Top:top0|DSP:dsp|Reverb:Reverb|Schroeder_Allpass:allpass_4|v_buffer_rtl_0 ;
; Top:top0|DSP:dsp|Reverb:Reverb|Schroeder_Allpass:allpass_4|v_buffer_rtl_0_bypass[11] ; Top:top0|DSP:dsp|Reverb:Reverb|Schroeder_Allpass:allpass_4|v_buffer_rtl_0 ;
; Top:top0|DSP:dsp|Reverb:Reverb|Schroeder_Allpass:allpass_4|v_buffer_rtl_0_bypass[12] ; Top:top0|DSP:dsp|Reverb:Reverb|Schroeder_Allpass:allpass_4|v_buffer_rtl_0 ;
; Top:top0|DSP:dsp|Reverb:Reverb|Schroeder_Allpass:allpass_4|v_buffer_rtl_0_bypass[13] ; Top:top0|DSP:dsp|Reverb:Reverb|Schroeder_Allpass:allpass_4|v_buffer_rtl_0 ;
; Top:top0|DSP:dsp|Reverb:Reverb|Schroeder_Allpass:allpass_4|v_buffer_rtl_0_bypass[14] ; Top:top0|DSP:dsp|Reverb:Reverb|Schroeder_Allpass:allpass_4|v_buffer_rtl_0 ;
; Top:top0|DSP:dsp|Reverb:Reverb|Schroeder_Allpass:allpass_4|v_buffer_rtl_0_bypass[15] ; Top:top0|DSP:dsp|Reverb:Reverb|Schroeder_Allpass:allpass_4|v_buffer_rtl_0 ;
; Top:top0|DSP:dsp|Reverb:Reverb|Schroeder_Allpass:allpass_4|v_buffer_rtl_0_bypass[16] ; Top:top0|DSP:dsp|Reverb:Reverb|Schroeder_Allpass:allpass_4|v_buffer_rtl_0 ;
; Top:top0|DSP:dsp|Reverb:Reverb|Schroeder_Allpass:allpass_4|v_buffer_rtl_0_bypass[17] ; Top:top0|DSP:dsp|Reverb:Reverb|Schroeder_Allpass:allpass_4|v_buffer_rtl_0 ;
; Top:top0|DSP:dsp|Reverb:Reverb|Schroeder_Allpass:allpass_4|v_buffer_rtl_0_bypass[18] ; Top:top0|DSP:dsp|Reverb:Reverb|Schroeder_Allpass:allpass_4|v_buffer_rtl_0 ;
; Top:top0|DSP:dsp|Reverb:Reverb|Schroeder_Allpass:allpass_4|v_buffer_rtl_0_bypass[19] ; Top:top0|DSP:dsp|Reverb:Reverb|Schroeder_Allpass:allpass_4|v_buffer_rtl_0 ;
; Top:top0|DSP:dsp|Reverb:Reverb|Schroeder_Allpass:allpass_4|v_buffer_rtl_0_bypass[20] ; Top:top0|DSP:dsp|Reverb:Reverb|Schroeder_Allpass:allpass_4|v_buffer_rtl_0 ;
; Top:top0|DSP:dsp|Reverb:Reverb|Schroeder_Allpass:allpass_4|v_buffer_rtl_0_bypass[21] ; Top:top0|DSP:dsp|Reverb:Reverb|Schroeder_Allpass:allpass_4|v_buffer_rtl_0 ;
; Top:top0|DSP:dsp|Reverb:Reverb|Schroeder_Allpass:allpass_4|v_buffer_rtl_0_bypass[22] ; Top:top0|DSP:dsp|Reverb:Reverb|Schroeder_Allpass:allpass_4|v_buffer_rtl_0 ;
; Top:top0|DSP:dsp|Reverb:Reverb|Schroeder_Allpass:allpass_4|v_buffer_rtl_0_bypass[23] ; Top:top0|DSP:dsp|Reverb:Reverb|Schroeder_Allpass:allpass_4|v_buffer_rtl_0 ;
; Top:top0|DSP:dsp|Reverb:Reverb|Schroeder_Allpass:allpass_4|v_buffer_rtl_0_bypass[24] ; Top:top0|DSP:dsp|Reverb:Reverb|Schroeder_Allpass:allpass_4|v_buffer_rtl_0 ;
; Top:top0|DSP:dsp|Reverb:Reverb|Schroeder_Allpass:allpass_4|v_buffer_rtl_0_bypass[25] ; Top:top0|DSP:dsp|Reverb:Reverb|Schroeder_Allpass:allpass_4|v_buffer_rtl_0 ;
; Top:top0|DSP:dsp|Reverb:Reverb|Schroeder_Allpass:allpass_4|v_buffer_rtl_0_bypass[26] ; Top:top0|DSP:dsp|Reverb:Reverb|Schroeder_Allpass:allpass_4|v_buffer_rtl_0 ;
; Top:top0|DSP:dsp|Reverb:Reverb|Schroeder_Allpass:allpass_4|v_buffer_rtl_0_bypass[27] ; Top:top0|DSP:dsp|Reverb:Reverb|Schroeder_Allpass:allpass_4|v_buffer_rtl_0 ;
; Top:top0|DSP:dsp|Reverb:Reverb|Schroeder_Allpass:allpass_4|v_buffer_rtl_0_bypass[28] ; Top:top0|DSP:dsp|Reverb:Reverb|Schroeder_Allpass:allpass_4|v_buffer_rtl_0 ;
; Top:top0|DSP:dsp|Reverb:Reverb|Schroeder_Allpass:allpass_4|v_buffer_rtl_0_bypass[29] ; Top:top0|DSP:dsp|Reverb:Reverb|Schroeder_Allpass:allpass_4|v_buffer_rtl_0 ;
; Top:top0|DSP:dsp|Reverb:Reverb|Schroeder_Allpass:allpass_4|v_buffer_rtl_0_bypass[30] ; Top:top0|DSP:dsp|Reverb:Reverb|Schroeder_Allpass:allpass_4|v_buffer_rtl_0 ;
; Top:top0|DSP:dsp|Reverb:Reverb|Schroeder_Allpass:allpass_4|v_buffer_rtl_0_bypass[31] ; Top:top0|DSP:dsp|Reverb:Reverb|Schroeder_Allpass:allpass_4|v_buffer_rtl_0 ;
; Top:top0|DSP:dsp|Reverb:Reverb|Schroeder_Allpass:allpass_4|v_buffer_rtl_0_bypass[32] ; Top:top0|DSP:dsp|Reverb:Reverb|Schroeder_Allpass:allpass_4|v_buffer_rtl_0 ;
; Top:top0|DSP:dsp|Reverb:Reverb|Schroeder_Allpass:allpass_4|v_buffer_rtl_0_bypass[33] ; Top:top0|DSP:dsp|Reverb:Reverb|Schroeder_Allpass:allpass_4|v_buffer_rtl_0 ;
; Top:top0|DSP:dsp|Reverb:Reverb|Schroeder_Allpass:allpass_4|v_buffer_rtl_0_bypass[34] ; Top:top0|DSP:dsp|Reverb:Reverb|Schroeder_Allpass:allpass_4|v_buffer_rtl_0 ;
; Top:top0|DSP:dsp|Reverb:Reverb|Schroeder_Allpass:allpass_4|v_buffer_rtl_0_bypass[35] ; Top:top0|DSP:dsp|Reverb:Reverb|Schroeder_Allpass:allpass_4|v_buffer_rtl_0 ;
; Top:top0|DSP:dsp|Reverb:Reverb|Schroeder_Allpass:allpass_4|v_buffer_rtl_0_bypass[36] ; Top:top0|DSP:dsp|Reverb:Reverb|Schroeder_Allpass:allpass_4|v_buffer_rtl_0 ;
; Top:top0|DSP:dsp|Reverb:Reverb|Schroeder_Allpass:allpass_4|v_buffer_rtl_0_bypass[37] ; Top:top0|DSP:dsp|Reverb:Reverb|Schroeder_Allpass:allpass_4|v_buffer_rtl_0 ;
; Top:top0|DSP:dsp|Reverb:Reverb|Schroeder_Allpass:allpass_4|v_buffer_rtl_0_bypass[38] ; Top:top0|DSP:dsp|Reverb:Reverb|Schroeder_Allpass:allpass_4|v_buffer_rtl_0 ;
; Top:top0|DSP:dsp|Reverb:Reverb|Schroeder_Allpass:allpass_4|v_buffer_rtl_0_bypass[39] ; Top:top0|DSP:dsp|Reverb:Reverb|Schroeder_Allpass:allpass_4|v_buffer_rtl_0 ;
; Top:top0|DSP:dsp|Reverb:Reverb|Schroeder_Allpass:allpass_4|v_buffer_rtl_0_bypass[40] ; Top:top0|DSP:dsp|Reverb:Reverb|Schroeder_Allpass:allpass_4|v_buffer_rtl_0 ;
; Top:top0|DSP:dsp|Reverb:Reverb|Schroeder_Allpass:allpass_3|v_buffer_rtl_0_bypass[0]  ; Top:top0|DSP:dsp|Reverb:Reverb|Schroeder_Allpass:allpass_3|v_buffer_rtl_0 ;
; Top:top0|DSP:dsp|Reverb:Reverb|Schroeder_Allpass:allpass_3|v_buffer_rtl_0_bypass[1]  ; Top:top0|DSP:dsp|Reverb:Reverb|Schroeder_Allpass:allpass_3|v_buffer_rtl_0 ;
; Top:top0|DSP:dsp|Reverb:Reverb|Schroeder_Allpass:allpass_3|v_buffer_rtl_0_bypass[2]  ; Top:top0|DSP:dsp|Reverb:Reverb|Schroeder_Allpass:allpass_3|v_buffer_rtl_0 ;
; Top:top0|DSP:dsp|Reverb:Reverb|Schroeder_Allpass:allpass_3|v_buffer_rtl_0_bypass[3]  ; Top:top0|DSP:dsp|Reverb:Reverb|Schroeder_Allpass:allpass_3|v_buffer_rtl_0 ;
; Top:top0|DSP:dsp|Reverb:Reverb|Schroeder_Allpass:allpass_3|v_buffer_rtl_0_bypass[4]  ; Top:top0|DSP:dsp|Reverb:Reverb|Schroeder_Allpass:allpass_3|v_buffer_rtl_0 ;
; Top:top0|DSP:dsp|Reverb:Reverb|Schroeder_Allpass:allpass_3|v_buffer_rtl_0_bypass[5]  ; Top:top0|DSP:dsp|Reverb:Reverb|Schroeder_Allpass:allpass_3|v_buffer_rtl_0 ;
; Top:top0|DSP:dsp|Reverb:Reverb|Schroeder_Allpass:allpass_3|v_buffer_rtl_0_bypass[6]  ; Top:top0|DSP:dsp|Reverb:Reverb|Schroeder_Allpass:allpass_3|v_buffer_rtl_0 ;
; Top:top0|DSP:dsp|Reverb:Reverb|Schroeder_Allpass:allpass_3|v_buffer_rtl_0_bypass[7]  ; Top:top0|DSP:dsp|Reverb:Reverb|Schroeder_Allpass:allpass_3|v_buffer_rtl_0 ;
; Top:top0|DSP:dsp|Reverb:Reverb|Schroeder_Allpass:allpass_3|v_buffer_rtl_0_bypass[8]  ; Top:top0|DSP:dsp|Reverb:Reverb|Schroeder_Allpass:allpass_3|v_buffer_rtl_0 ;
; Top:top0|DSP:dsp|Reverb:Reverb|Schroeder_Allpass:allpass_3|v_buffer_rtl_0_bypass[9]  ; Top:top0|DSP:dsp|Reverb:Reverb|Schroeder_Allpass:allpass_3|v_buffer_rtl_0 ;
; Top:top0|DSP:dsp|Reverb:Reverb|Schroeder_Allpass:allpass_3|v_buffer_rtl_0_bypass[10] ; Top:top0|DSP:dsp|Reverb:Reverb|Schroeder_Allpass:allpass_3|v_buffer_rtl_0 ;
; Top:top0|DSP:dsp|Reverb:Reverb|Schroeder_Allpass:allpass_3|v_buffer_rtl_0_bypass[11] ; Top:top0|DSP:dsp|Reverb:Reverb|Schroeder_Allpass:allpass_3|v_buffer_rtl_0 ;
; Top:top0|DSP:dsp|Reverb:Reverb|Schroeder_Allpass:allpass_3|v_buffer_rtl_0_bypass[12] ; Top:top0|DSP:dsp|Reverb:Reverb|Schroeder_Allpass:allpass_3|v_buffer_rtl_0 ;
; Top:top0|DSP:dsp|Reverb:Reverb|Schroeder_Allpass:allpass_3|v_buffer_rtl_0_bypass[13] ; Top:top0|DSP:dsp|Reverb:Reverb|Schroeder_Allpass:allpass_3|v_buffer_rtl_0 ;
; Top:top0|DSP:dsp|Reverb:Reverb|Schroeder_Allpass:allpass_3|v_buffer_rtl_0_bypass[14] ; Top:top0|DSP:dsp|Reverb:Reverb|Schroeder_Allpass:allpass_3|v_buffer_rtl_0 ;
; Top:top0|DSP:dsp|Reverb:Reverb|Schroeder_Allpass:allpass_3|v_buffer_rtl_0_bypass[15] ; Top:top0|DSP:dsp|Reverb:Reverb|Schroeder_Allpass:allpass_3|v_buffer_rtl_0 ;
; Top:top0|DSP:dsp|Reverb:Reverb|Schroeder_Allpass:allpass_3|v_buffer_rtl_0_bypass[16] ; Top:top0|DSP:dsp|Reverb:Reverb|Schroeder_Allpass:allpass_3|v_buffer_rtl_0 ;
; Top:top0|DSP:dsp|Reverb:Reverb|Schroeder_Allpass:allpass_3|v_buffer_rtl_0_bypass[17] ; Top:top0|DSP:dsp|Reverb:Reverb|Schroeder_Allpass:allpass_3|v_buffer_rtl_0 ;
; Top:top0|DSP:dsp|Reverb:Reverb|Schroeder_Allpass:allpass_3|v_buffer_rtl_0_bypass[18] ; Top:top0|DSP:dsp|Reverb:Reverb|Schroeder_Allpass:allpass_3|v_buffer_rtl_0 ;
; Top:top0|DSP:dsp|Reverb:Reverb|Schroeder_Allpass:allpass_3|v_buffer_rtl_0_bypass[19] ; Top:top0|DSP:dsp|Reverb:Reverb|Schroeder_Allpass:allpass_3|v_buffer_rtl_0 ;
; Top:top0|DSP:dsp|Reverb:Reverb|Schroeder_Allpass:allpass_3|v_buffer_rtl_0_bypass[20] ; Top:top0|DSP:dsp|Reverb:Reverb|Schroeder_Allpass:allpass_3|v_buffer_rtl_0 ;
; Top:top0|DSP:dsp|Reverb:Reverb|Schroeder_Allpass:allpass_3|v_buffer_rtl_0_bypass[21] ; Top:top0|DSP:dsp|Reverb:Reverb|Schroeder_Allpass:allpass_3|v_buffer_rtl_0 ;
; Top:top0|DSP:dsp|Reverb:Reverb|Schroeder_Allpass:allpass_3|v_buffer_rtl_0_bypass[22] ; Top:top0|DSP:dsp|Reverb:Reverb|Schroeder_Allpass:allpass_3|v_buffer_rtl_0 ;
; Top:top0|DSP:dsp|Reverb:Reverb|Schroeder_Allpass:allpass_3|v_buffer_rtl_0_bypass[23] ; Top:top0|DSP:dsp|Reverb:Reverb|Schroeder_Allpass:allpass_3|v_buffer_rtl_0 ;
; Top:top0|DSP:dsp|Reverb:Reverb|Schroeder_Allpass:allpass_3|v_buffer_rtl_0_bypass[24] ; Top:top0|DSP:dsp|Reverb:Reverb|Schroeder_Allpass:allpass_3|v_buffer_rtl_0 ;
; Top:top0|DSP:dsp|Reverb:Reverb|Schroeder_Allpass:allpass_3|v_buffer_rtl_0_bypass[25] ; Top:top0|DSP:dsp|Reverb:Reverb|Schroeder_Allpass:allpass_3|v_buffer_rtl_0 ;
; Top:top0|DSP:dsp|Reverb:Reverb|Schroeder_Allpass:allpass_3|v_buffer_rtl_0_bypass[26] ; Top:top0|DSP:dsp|Reverb:Reverb|Schroeder_Allpass:allpass_3|v_buffer_rtl_0 ;
; Top:top0|DSP:dsp|Reverb:Reverb|Schroeder_Allpass:allpass_3|v_buffer_rtl_0_bypass[27] ; Top:top0|DSP:dsp|Reverb:Reverb|Schroeder_Allpass:allpass_3|v_buffer_rtl_0 ;
; Top:top0|DSP:dsp|Reverb:Reverb|Schroeder_Allpass:allpass_3|v_buffer_rtl_0_bypass[28] ; Top:top0|DSP:dsp|Reverb:Reverb|Schroeder_Allpass:allpass_3|v_buffer_rtl_0 ;
; Top:top0|DSP:dsp|Reverb:Reverb|Schroeder_Allpass:allpass_3|v_buffer_rtl_0_bypass[29] ; Top:top0|DSP:dsp|Reverb:Reverb|Schroeder_Allpass:allpass_3|v_buffer_rtl_0 ;
; Top:top0|DSP:dsp|Reverb:Reverb|Schroeder_Allpass:allpass_3|v_buffer_rtl_0_bypass[30] ; Top:top0|DSP:dsp|Reverb:Reverb|Schroeder_Allpass:allpass_3|v_buffer_rtl_0 ;
; Top:top0|DSP:dsp|Reverb:Reverb|Schroeder_Allpass:allpass_3|v_buffer_rtl_0_bypass[31] ; Top:top0|DSP:dsp|Reverb:Reverb|Schroeder_Allpass:allpass_3|v_buffer_rtl_0 ;
; Top:top0|DSP:dsp|Reverb:Reverb|Schroeder_Allpass:allpass_3|v_buffer_rtl_0_bypass[32] ; Top:top0|DSP:dsp|Reverb:Reverb|Schroeder_Allpass:allpass_3|v_buffer_rtl_0 ;
; Top:top0|DSP:dsp|Reverb:Reverb|Schroeder_Allpass:allpass_3|v_buffer_rtl_0_bypass[33] ; Top:top0|DSP:dsp|Reverb:Reverb|Schroeder_Allpass:allpass_3|v_buffer_rtl_0 ;
; Top:top0|DSP:dsp|Reverb:Reverb|Schroeder_Allpass:allpass_3|v_buffer_rtl_0_bypass[34] ; Top:top0|DSP:dsp|Reverb:Reverb|Schroeder_Allpass:allpass_3|v_buffer_rtl_0 ;
; Top:top0|DSP:dsp|Reverb:Reverb|Schroeder_Allpass:allpass_3|v_buffer_rtl_0_bypass[35] ; Top:top0|DSP:dsp|Reverb:Reverb|Schroeder_Allpass:allpass_3|v_buffer_rtl_0 ;
; Top:top0|DSP:dsp|Reverb:Reverb|Schroeder_Allpass:allpass_3|v_buffer_rtl_0_bypass[36] ; Top:top0|DSP:dsp|Reverb:Reverb|Schroeder_Allpass:allpass_3|v_buffer_rtl_0 ;
; Top:top0|DSP:dsp|Reverb:Reverb|Schroeder_Allpass:allpass_3|v_buffer_rtl_0_bypass[37] ; Top:top0|DSP:dsp|Reverb:Reverb|Schroeder_Allpass:allpass_3|v_buffer_rtl_0 ;
; Top:top0|DSP:dsp|Reverb:Reverb|Schroeder_Allpass:allpass_3|v_buffer_rtl_0_bypass[38] ; Top:top0|DSP:dsp|Reverb:Reverb|Schroeder_Allpass:allpass_3|v_buffer_rtl_0 ;
; Top:top0|DSP:dsp|Reverb:Reverb|Schroeder_Allpass:allpass_3|v_buffer_rtl_0_bypass[39] ; Top:top0|DSP:dsp|Reverb:Reverb|Schroeder_Allpass:allpass_3|v_buffer_rtl_0 ;
; Top:top0|DSP:dsp|Reverb:Reverb|Schroeder_Allpass:allpass_3|v_buffer_rtl_0_bypass[40] ; Top:top0|DSP:dsp|Reverb:Reverb|Schroeder_Allpass:allpass_3|v_buffer_rtl_0 ;
; Top:top0|DSP:dsp|Reverb:Reverb|Schroeder_Allpass:allpass_2|v_buffer_rtl_0_bypass[0]  ; Top:top0|DSP:dsp|Reverb:Reverb|Schroeder_Allpass:allpass_2|v_buffer_rtl_0 ;
; Top:top0|DSP:dsp|Reverb:Reverb|Schroeder_Allpass:allpass_2|v_buffer_rtl_0_bypass[1]  ; Top:top0|DSP:dsp|Reverb:Reverb|Schroeder_Allpass:allpass_2|v_buffer_rtl_0 ;
; Top:top0|DSP:dsp|Reverb:Reverb|Schroeder_Allpass:allpass_2|v_buffer_rtl_0_bypass[2]  ; Top:top0|DSP:dsp|Reverb:Reverb|Schroeder_Allpass:allpass_2|v_buffer_rtl_0 ;
; Top:top0|DSP:dsp|Reverb:Reverb|Schroeder_Allpass:allpass_2|v_buffer_rtl_0_bypass[3]  ; Top:top0|DSP:dsp|Reverb:Reverb|Schroeder_Allpass:allpass_2|v_buffer_rtl_0 ;
; Top:top0|DSP:dsp|Reverb:Reverb|Schroeder_Allpass:allpass_2|v_buffer_rtl_0_bypass[4]  ; Top:top0|DSP:dsp|Reverb:Reverb|Schroeder_Allpass:allpass_2|v_buffer_rtl_0 ;
; Top:top0|DSP:dsp|Reverb:Reverb|Schroeder_Allpass:allpass_2|v_buffer_rtl_0_bypass[5]  ; Top:top0|DSP:dsp|Reverb:Reverb|Schroeder_Allpass:allpass_2|v_buffer_rtl_0 ;
; Top:top0|DSP:dsp|Reverb:Reverb|Schroeder_Allpass:allpass_2|v_buffer_rtl_0_bypass[6]  ; Top:top0|DSP:dsp|Reverb:Reverb|Schroeder_Allpass:allpass_2|v_buffer_rtl_0 ;
; Top:top0|DSP:dsp|Reverb:Reverb|Schroeder_Allpass:allpass_2|v_buffer_rtl_0_bypass[7]  ; Top:top0|DSP:dsp|Reverb:Reverb|Schroeder_Allpass:allpass_2|v_buffer_rtl_0 ;
; Top:top0|DSP:dsp|Reverb:Reverb|Schroeder_Allpass:allpass_2|v_buffer_rtl_0_bypass[8]  ; Top:top0|DSP:dsp|Reverb:Reverb|Schroeder_Allpass:allpass_2|v_buffer_rtl_0 ;
; Top:top0|DSP:dsp|Reverb:Reverb|Schroeder_Allpass:allpass_2|v_buffer_rtl_0_bypass[9]  ; Top:top0|DSP:dsp|Reverb:Reverb|Schroeder_Allpass:allpass_2|v_buffer_rtl_0 ;
; Top:top0|DSP:dsp|Reverb:Reverb|Schroeder_Allpass:allpass_2|v_buffer_rtl_0_bypass[10] ; Top:top0|DSP:dsp|Reverb:Reverb|Schroeder_Allpass:allpass_2|v_buffer_rtl_0 ;
; Top:top0|DSP:dsp|Reverb:Reverb|Schroeder_Allpass:allpass_2|v_buffer_rtl_0_bypass[11] ; Top:top0|DSP:dsp|Reverb:Reverb|Schroeder_Allpass:allpass_2|v_buffer_rtl_0 ;
; Top:top0|DSP:dsp|Reverb:Reverb|Schroeder_Allpass:allpass_2|v_buffer_rtl_0_bypass[12] ; Top:top0|DSP:dsp|Reverb:Reverb|Schroeder_Allpass:allpass_2|v_buffer_rtl_0 ;
; Top:top0|DSP:dsp|Reverb:Reverb|Schroeder_Allpass:allpass_2|v_buffer_rtl_0_bypass[13] ; Top:top0|DSP:dsp|Reverb:Reverb|Schroeder_Allpass:allpass_2|v_buffer_rtl_0 ;
; Top:top0|DSP:dsp|Reverb:Reverb|Schroeder_Allpass:allpass_2|v_buffer_rtl_0_bypass[14] ; Top:top0|DSP:dsp|Reverb:Reverb|Schroeder_Allpass:allpass_2|v_buffer_rtl_0 ;
; Top:top0|DSP:dsp|Reverb:Reverb|Schroeder_Allpass:allpass_2|v_buffer_rtl_0_bypass[15] ; Top:top0|DSP:dsp|Reverb:Reverb|Schroeder_Allpass:allpass_2|v_buffer_rtl_0 ;
; Top:top0|DSP:dsp|Reverb:Reverb|Schroeder_Allpass:allpass_2|v_buffer_rtl_0_bypass[16] ; Top:top0|DSP:dsp|Reverb:Reverb|Schroeder_Allpass:allpass_2|v_buffer_rtl_0 ;
; Top:top0|DSP:dsp|Reverb:Reverb|Schroeder_Allpass:allpass_2|v_buffer_rtl_0_bypass[17] ; Top:top0|DSP:dsp|Reverb:Reverb|Schroeder_Allpass:allpass_2|v_buffer_rtl_0 ;
; Top:top0|DSP:dsp|Reverb:Reverb|Schroeder_Allpass:allpass_2|v_buffer_rtl_0_bypass[18] ; Top:top0|DSP:dsp|Reverb:Reverb|Schroeder_Allpass:allpass_2|v_buffer_rtl_0 ;
; Top:top0|DSP:dsp|Reverb:Reverb|Schroeder_Allpass:allpass_2|v_buffer_rtl_0_bypass[19] ; Top:top0|DSP:dsp|Reverb:Reverb|Schroeder_Allpass:allpass_2|v_buffer_rtl_0 ;
; Top:top0|DSP:dsp|Reverb:Reverb|Schroeder_Allpass:allpass_2|v_buffer_rtl_0_bypass[20] ; Top:top0|DSP:dsp|Reverb:Reverb|Schroeder_Allpass:allpass_2|v_buffer_rtl_0 ;
; Top:top0|DSP:dsp|Reverb:Reverb|Schroeder_Allpass:allpass_2|v_buffer_rtl_0_bypass[21] ; Top:top0|DSP:dsp|Reverb:Reverb|Schroeder_Allpass:allpass_2|v_buffer_rtl_0 ;
; Top:top0|DSP:dsp|Reverb:Reverb|Schroeder_Allpass:allpass_2|v_buffer_rtl_0_bypass[22] ; Top:top0|DSP:dsp|Reverb:Reverb|Schroeder_Allpass:allpass_2|v_buffer_rtl_0 ;
; Top:top0|DSP:dsp|Reverb:Reverb|Schroeder_Allpass:allpass_2|v_buffer_rtl_0_bypass[23] ; Top:top0|DSP:dsp|Reverb:Reverb|Schroeder_Allpass:allpass_2|v_buffer_rtl_0 ;
; Top:top0|DSP:dsp|Reverb:Reverb|Schroeder_Allpass:allpass_2|v_buffer_rtl_0_bypass[24] ; Top:top0|DSP:dsp|Reverb:Reverb|Schroeder_Allpass:allpass_2|v_buffer_rtl_0 ;
; Top:top0|DSP:dsp|Reverb:Reverb|Schroeder_Allpass:allpass_2|v_buffer_rtl_0_bypass[25] ; Top:top0|DSP:dsp|Reverb:Reverb|Schroeder_Allpass:allpass_2|v_buffer_rtl_0 ;
; Top:top0|DSP:dsp|Reverb:Reverb|Schroeder_Allpass:allpass_2|v_buffer_rtl_0_bypass[26] ; Top:top0|DSP:dsp|Reverb:Reverb|Schroeder_Allpass:allpass_2|v_buffer_rtl_0 ;
; Top:top0|DSP:dsp|Reverb:Reverb|Schroeder_Allpass:allpass_2|v_buffer_rtl_0_bypass[27] ; Top:top0|DSP:dsp|Reverb:Reverb|Schroeder_Allpass:allpass_2|v_buffer_rtl_0 ;
; Top:top0|DSP:dsp|Reverb:Reverb|Schroeder_Allpass:allpass_2|v_buffer_rtl_0_bypass[28] ; Top:top0|DSP:dsp|Reverb:Reverb|Schroeder_Allpass:allpass_2|v_buffer_rtl_0 ;
; Top:top0|DSP:dsp|Reverb:Reverb|Schroeder_Allpass:allpass_2|v_buffer_rtl_0_bypass[29] ; Top:top0|DSP:dsp|Reverb:Reverb|Schroeder_Allpass:allpass_2|v_buffer_rtl_0 ;
; Top:top0|DSP:dsp|Reverb:Reverb|Schroeder_Allpass:allpass_2|v_buffer_rtl_0_bypass[30] ; Top:top0|DSP:dsp|Reverb:Reverb|Schroeder_Allpass:allpass_2|v_buffer_rtl_0 ;
; Top:top0|DSP:dsp|Reverb:Reverb|Schroeder_Allpass:allpass_2|v_buffer_rtl_0_bypass[31] ; Top:top0|DSP:dsp|Reverb:Reverb|Schroeder_Allpass:allpass_2|v_buffer_rtl_0 ;
; Top:top0|DSP:dsp|Reverb:Reverb|Schroeder_Allpass:allpass_2|v_buffer_rtl_0_bypass[32] ; Top:top0|DSP:dsp|Reverb:Reverb|Schroeder_Allpass:allpass_2|v_buffer_rtl_0 ;
; Top:top0|DSP:dsp|Reverb:Reverb|Schroeder_Allpass:allpass_2|v_buffer_rtl_0_bypass[33] ; Top:top0|DSP:dsp|Reverb:Reverb|Schroeder_Allpass:allpass_2|v_buffer_rtl_0 ;
; Top:top0|DSP:dsp|Reverb:Reverb|Schroeder_Allpass:allpass_2|v_buffer_rtl_0_bypass[34] ; Top:top0|DSP:dsp|Reverb:Reverb|Schroeder_Allpass:allpass_2|v_buffer_rtl_0 ;
; Top:top0|DSP:dsp|Reverb:Reverb|Schroeder_Allpass:allpass_2|v_buffer_rtl_0_bypass[35] ; Top:top0|DSP:dsp|Reverb:Reverb|Schroeder_Allpass:allpass_2|v_buffer_rtl_0 ;
; Top:top0|DSP:dsp|Reverb:Reverb|Schroeder_Allpass:allpass_2|v_buffer_rtl_0_bypass[36] ; Top:top0|DSP:dsp|Reverb:Reverb|Schroeder_Allpass:allpass_2|v_buffer_rtl_0 ;
; Top:top0|DSP:dsp|Reverb:Reverb|Schroeder_Allpass:allpass_2|v_buffer_rtl_0_bypass[37] ; Top:top0|DSP:dsp|Reverb:Reverb|Schroeder_Allpass:allpass_2|v_buffer_rtl_0 ;
; Top:top0|DSP:dsp|Reverb:Reverb|Schroeder_Allpass:allpass_2|v_buffer_rtl_0_bypass[38] ; Top:top0|DSP:dsp|Reverb:Reverb|Schroeder_Allpass:allpass_2|v_buffer_rtl_0 ;
; Top:top0|DSP:dsp|Reverb:Reverb|Schroeder_Allpass:allpass_2|v_buffer_rtl_0_bypass[39] ; Top:top0|DSP:dsp|Reverb:Reverb|Schroeder_Allpass:allpass_2|v_buffer_rtl_0 ;
; Top:top0|DSP:dsp|Reverb:Reverb|Schroeder_Allpass:allpass_2|v_buffer_rtl_0_bypass[40] ; Top:top0|DSP:dsp|Reverb:Reverb|Schroeder_Allpass:allpass_2|v_buffer_rtl_0 ;
; Top:top0|DSP:dsp|Reverb:Reverb|Schroeder_Allpass:allpass_1|v_buffer_rtl_0_bypass[0]  ; Top:top0|DSP:dsp|Reverb:Reverb|Schroeder_Allpass:allpass_1|v_buffer_rtl_0 ;
; Top:top0|DSP:dsp|Reverb:Reverb|Schroeder_Allpass:allpass_1|v_buffer_rtl_0_bypass[1]  ; Top:top0|DSP:dsp|Reverb:Reverb|Schroeder_Allpass:allpass_1|v_buffer_rtl_0 ;
; Top:top0|DSP:dsp|Reverb:Reverb|Schroeder_Allpass:allpass_1|v_buffer_rtl_0_bypass[2]  ; Top:top0|DSP:dsp|Reverb:Reverb|Schroeder_Allpass:allpass_1|v_buffer_rtl_0 ;
; Top:top0|DSP:dsp|Reverb:Reverb|Schroeder_Allpass:allpass_1|v_buffer_rtl_0_bypass[3]  ; Top:top0|DSP:dsp|Reverb:Reverb|Schroeder_Allpass:allpass_1|v_buffer_rtl_0 ;
; Top:top0|DSP:dsp|Reverb:Reverb|Schroeder_Allpass:allpass_1|v_buffer_rtl_0_bypass[4]  ; Top:top0|DSP:dsp|Reverb:Reverb|Schroeder_Allpass:allpass_1|v_buffer_rtl_0 ;
; Top:top0|DSP:dsp|Reverb:Reverb|Schroeder_Allpass:allpass_1|v_buffer_rtl_0_bypass[5]  ; Top:top0|DSP:dsp|Reverb:Reverb|Schroeder_Allpass:allpass_1|v_buffer_rtl_0 ;
; Top:top0|DSP:dsp|Reverb:Reverb|Schroeder_Allpass:allpass_1|v_buffer_rtl_0_bypass[6]  ; Top:top0|DSP:dsp|Reverb:Reverb|Schroeder_Allpass:allpass_1|v_buffer_rtl_0 ;
; Top:top0|DSP:dsp|Reverb:Reverb|Schroeder_Allpass:allpass_1|v_buffer_rtl_0_bypass[7]  ; Top:top0|DSP:dsp|Reverb:Reverb|Schroeder_Allpass:allpass_1|v_buffer_rtl_0 ;
; Top:top0|DSP:dsp|Reverb:Reverb|Schroeder_Allpass:allpass_1|v_buffer_rtl_0_bypass[8]  ; Top:top0|DSP:dsp|Reverb:Reverb|Schroeder_Allpass:allpass_1|v_buffer_rtl_0 ;
; Top:top0|DSP:dsp|Reverb:Reverb|Schroeder_Allpass:allpass_1|v_buffer_rtl_0_bypass[9]  ; Top:top0|DSP:dsp|Reverb:Reverb|Schroeder_Allpass:allpass_1|v_buffer_rtl_0 ;
; Top:top0|DSP:dsp|Reverb:Reverb|Schroeder_Allpass:allpass_1|v_buffer_rtl_0_bypass[10] ; Top:top0|DSP:dsp|Reverb:Reverb|Schroeder_Allpass:allpass_1|v_buffer_rtl_0 ;
; Top:top0|DSP:dsp|Reverb:Reverb|Schroeder_Allpass:allpass_1|v_buffer_rtl_0_bypass[11] ; Top:top0|DSP:dsp|Reverb:Reverb|Schroeder_Allpass:allpass_1|v_buffer_rtl_0 ;
; Top:top0|DSP:dsp|Reverb:Reverb|Schroeder_Allpass:allpass_1|v_buffer_rtl_0_bypass[12] ; Top:top0|DSP:dsp|Reverb:Reverb|Schroeder_Allpass:allpass_1|v_buffer_rtl_0 ;
; Top:top0|DSP:dsp|Reverb:Reverb|Schroeder_Allpass:allpass_1|v_buffer_rtl_0_bypass[13] ; Top:top0|DSP:dsp|Reverb:Reverb|Schroeder_Allpass:allpass_1|v_buffer_rtl_0 ;
; Top:top0|DSP:dsp|Reverb:Reverb|Schroeder_Allpass:allpass_1|v_buffer_rtl_0_bypass[14] ; Top:top0|DSP:dsp|Reverb:Reverb|Schroeder_Allpass:allpass_1|v_buffer_rtl_0 ;
; Top:top0|DSP:dsp|Reverb:Reverb|Schroeder_Allpass:allpass_1|v_buffer_rtl_0_bypass[15] ; Top:top0|DSP:dsp|Reverb:Reverb|Schroeder_Allpass:allpass_1|v_buffer_rtl_0 ;
; Top:top0|DSP:dsp|Reverb:Reverb|Schroeder_Allpass:allpass_1|v_buffer_rtl_0_bypass[16] ; Top:top0|DSP:dsp|Reverb:Reverb|Schroeder_Allpass:allpass_1|v_buffer_rtl_0 ;
; Top:top0|DSP:dsp|Reverb:Reverb|Schroeder_Allpass:allpass_1|v_buffer_rtl_0_bypass[17] ; Top:top0|DSP:dsp|Reverb:Reverb|Schroeder_Allpass:allpass_1|v_buffer_rtl_0 ;
; Top:top0|DSP:dsp|Reverb:Reverb|Schroeder_Allpass:allpass_1|v_buffer_rtl_0_bypass[18] ; Top:top0|DSP:dsp|Reverb:Reverb|Schroeder_Allpass:allpass_1|v_buffer_rtl_0 ;
; Top:top0|DSP:dsp|Reverb:Reverb|Schroeder_Allpass:allpass_1|v_buffer_rtl_0_bypass[19] ; Top:top0|DSP:dsp|Reverb:Reverb|Schroeder_Allpass:allpass_1|v_buffer_rtl_0 ;
; Top:top0|DSP:dsp|Reverb:Reverb|Schroeder_Allpass:allpass_1|v_buffer_rtl_0_bypass[20] ; Top:top0|DSP:dsp|Reverb:Reverb|Schroeder_Allpass:allpass_1|v_buffer_rtl_0 ;
; Top:top0|DSP:dsp|Reverb:Reverb|Schroeder_Allpass:allpass_1|v_buffer_rtl_0_bypass[21] ; Top:top0|DSP:dsp|Reverb:Reverb|Schroeder_Allpass:allpass_1|v_buffer_rtl_0 ;
; Top:top0|DSP:dsp|Reverb:Reverb|Schroeder_Allpass:allpass_1|v_buffer_rtl_0_bypass[22] ; Top:top0|DSP:dsp|Reverb:Reverb|Schroeder_Allpass:allpass_1|v_buffer_rtl_0 ;
; Top:top0|DSP:dsp|Reverb:Reverb|Schroeder_Allpass:allpass_1|v_buffer_rtl_0_bypass[23] ; Top:top0|DSP:dsp|Reverb:Reverb|Schroeder_Allpass:allpass_1|v_buffer_rtl_0 ;
; Top:top0|DSP:dsp|Reverb:Reverb|Schroeder_Allpass:allpass_1|v_buffer_rtl_0_bypass[24] ; Top:top0|DSP:dsp|Reverb:Reverb|Schroeder_Allpass:allpass_1|v_buffer_rtl_0 ;
; Top:top0|DSP:dsp|Reverb:Reverb|Schroeder_Allpass:allpass_1|v_buffer_rtl_0_bypass[25] ; Top:top0|DSP:dsp|Reverb:Reverb|Schroeder_Allpass:allpass_1|v_buffer_rtl_0 ;
; Top:top0|DSP:dsp|Reverb:Reverb|Schroeder_Allpass:allpass_1|v_buffer_rtl_0_bypass[26] ; Top:top0|DSP:dsp|Reverb:Reverb|Schroeder_Allpass:allpass_1|v_buffer_rtl_0 ;
; Top:top0|DSP:dsp|Reverb:Reverb|Schroeder_Allpass:allpass_1|v_buffer_rtl_0_bypass[27] ; Top:top0|DSP:dsp|Reverb:Reverb|Schroeder_Allpass:allpass_1|v_buffer_rtl_0 ;
; Top:top0|DSP:dsp|Reverb:Reverb|Schroeder_Allpass:allpass_1|v_buffer_rtl_0_bypass[28] ; Top:top0|DSP:dsp|Reverb:Reverb|Schroeder_Allpass:allpass_1|v_buffer_rtl_0 ;
; Top:top0|DSP:dsp|Reverb:Reverb|Schroeder_Allpass:allpass_1|v_buffer_rtl_0_bypass[29] ; Top:top0|DSP:dsp|Reverb:Reverb|Schroeder_Allpass:allpass_1|v_buffer_rtl_0 ;
; Top:top0|DSP:dsp|Reverb:Reverb|Schroeder_Allpass:allpass_1|v_buffer_rtl_0_bypass[30] ; Top:top0|DSP:dsp|Reverb:Reverb|Schroeder_Allpass:allpass_1|v_buffer_rtl_0 ;
; Top:top0|DSP:dsp|Reverb:Reverb|Schroeder_Allpass:allpass_1|v_buffer_rtl_0_bypass[31] ; Top:top0|DSP:dsp|Reverb:Reverb|Schroeder_Allpass:allpass_1|v_buffer_rtl_0 ;
; Top:top0|DSP:dsp|Reverb:Reverb|Schroeder_Allpass:allpass_1|v_buffer_rtl_0_bypass[32] ; Top:top0|DSP:dsp|Reverb:Reverb|Schroeder_Allpass:allpass_1|v_buffer_rtl_0 ;
; Top:top0|DSP:dsp|Reverb:Reverb|Schroeder_Allpass:allpass_1|v_buffer_rtl_0_bypass[33] ; Top:top0|DSP:dsp|Reverb:Reverb|Schroeder_Allpass:allpass_1|v_buffer_rtl_0 ;
; Top:top0|DSP:dsp|Reverb:Reverb|Schroeder_Allpass:allpass_1|v_buffer_rtl_0_bypass[34] ; Top:top0|DSP:dsp|Reverb:Reverb|Schroeder_Allpass:allpass_1|v_buffer_rtl_0 ;
; Top:top0|DSP:dsp|Reverb:Reverb|Schroeder_Allpass:allpass_1|v_buffer_rtl_0_bypass[35] ; Top:top0|DSP:dsp|Reverb:Reverb|Schroeder_Allpass:allpass_1|v_buffer_rtl_0 ;
; Top:top0|DSP:dsp|Reverb:Reverb|Schroeder_Allpass:allpass_1|v_buffer_rtl_0_bypass[36] ; Top:top0|DSP:dsp|Reverb:Reverb|Schroeder_Allpass:allpass_1|v_buffer_rtl_0 ;
; Top:top0|DSP:dsp|Reverb:Reverb|Schroeder_Allpass:allpass_1|v_buffer_rtl_0_bypass[37] ; Top:top0|DSP:dsp|Reverb:Reverb|Schroeder_Allpass:allpass_1|v_buffer_rtl_0 ;
; Top:top0|DSP:dsp|Reverb:Reverb|Schroeder_Allpass:allpass_1|v_buffer_rtl_0_bypass[38] ; Top:top0|DSP:dsp|Reverb:Reverb|Schroeder_Allpass:allpass_1|v_buffer_rtl_0 ;
; Top:top0|DSP:dsp|Reverb:Reverb|Schroeder_Allpass:allpass_0|v_buffer_rtl_0_bypass[0]  ; Top:top0|DSP:dsp|Reverb:Reverb|Schroeder_Allpass:allpass_0|v_buffer_rtl_0 ;
; Top:top0|DSP:dsp|Reverb:Reverb|Schroeder_Allpass:allpass_0|v_buffer_rtl_0_bypass[1]  ; Top:top0|DSP:dsp|Reverb:Reverb|Schroeder_Allpass:allpass_0|v_buffer_rtl_0 ;
; Top:top0|DSP:dsp|Reverb:Reverb|Schroeder_Allpass:allpass_0|v_buffer_rtl_0_bypass[2]  ; Top:top0|DSP:dsp|Reverb:Reverb|Schroeder_Allpass:allpass_0|v_buffer_rtl_0 ;
; Top:top0|DSP:dsp|Reverb:Reverb|Schroeder_Allpass:allpass_0|v_buffer_rtl_0_bypass[3]  ; Top:top0|DSP:dsp|Reverb:Reverb|Schroeder_Allpass:allpass_0|v_buffer_rtl_0 ;
; Top:top0|DSP:dsp|Reverb:Reverb|Schroeder_Allpass:allpass_0|v_buffer_rtl_0_bypass[4]  ; Top:top0|DSP:dsp|Reverb:Reverb|Schroeder_Allpass:allpass_0|v_buffer_rtl_0 ;
; Top:top0|DSP:dsp|Reverb:Reverb|Schroeder_Allpass:allpass_0|v_buffer_rtl_0_bypass[5]  ; Top:top0|DSP:dsp|Reverb:Reverb|Schroeder_Allpass:allpass_0|v_buffer_rtl_0 ;
; Top:top0|DSP:dsp|Reverb:Reverb|Schroeder_Allpass:allpass_0|v_buffer_rtl_0_bypass[6]  ; Top:top0|DSP:dsp|Reverb:Reverb|Schroeder_Allpass:allpass_0|v_buffer_rtl_0 ;
; Top:top0|DSP:dsp|Reverb:Reverb|Schroeder_Allpass:allpass_0|v_buffer_rtl_0_bypass[7]  ; Top:top0|DSP:dsp|Reverb:Reverb|Schroeder_Allpass:allpass_0|v_buffer_rtl_0 ;
; Top:top0|DSP:dsp|Reverb:Reverb|Schroeder_Allpass:allpass_0|v_buffer_rtl_0_bypass[8]  ; Top:top0|DSP:dsp|Reverb:Reverb|Schroeder_Allpass:allpass_0|v_buffer_rtl_0 ;
; Top:top0|DSP:dsp|Reverb:Reverb|Schroeder_Allpass:allpass_0|v_buffer_rtl_0_bypass[9]  ; Top:top0|DSP:dsp|Reverb:Reverb|Schroeder_Allpass:allpass_0|v_buffer_rtl_0 ;
; Top:top0|DSP:dsp|Reverb:Reverb|Schroeder_Allpass:allpass_0|v_buffer_rtl_0_bypass[10] ; Top:top0|DSP:dsp|Reverb:Reverb|Schroeder_Allpass:allpass_0|v_buffer_rtl_0 ;
; Top:top0|DSP:dsp|Reverb:Reverb|Schroeder_Allpass:allpass_0|v_buffer_rtl_0_bypass[11] ; Top:top0|DSP:dsp|Reverb:Reverb|Schroeder_Allpass:allpass_0|v_buffer_rtl_0 ;
; Top:top0|DSP:dsp|Reverb:Reverb|Schroeder_Allpass:allpass_0|v_buffer_rtl_0_bypass[12] ; Top:top0|DSP:dsp|Reverb:Reverb|Schroeder_Allpass:allpass_0|v_buffer_rtl_0 ;
; Top:top0|DSP:dsp|Reverb:Reverb|Schroeder_Allpass:allpass_0|v_buffer_rtl_0_bypass[13] ; Top:top0|DSP:dsp|Reverb:Reverb|Schroeder_Allpass:allpass_0|v_buffer_rtl_0 ;
; Top:top0|DSP:dsp|Reverb:Reverb|Schroeder_Allpass:allpass_0|v_buffer_rtl_0_bypass[14] ; Top:top0|DSP:dsp|Reverb:Reverb|Schroeder_Allpass:allpass_0|v_buffer_rtl_0 ;
; Top:top0|DSP:dsp|Reverb:Reverb|Schroeder_Allpass:allpass_0|v_buffer_rtl_0_bypass[15] ; Top:top0|DSP:dsp|Reverb:Reverb|Schroeder_Allpass:allpass_0|v_buffer_rtl_0 ;
; Top:top0|DSP:dsp|Reverb:Reverb|Schroeder_Allpass:allpass_0|v_buffer_rtl_0_bypass[16] ; Top:top0|DSP:dsp|Reverb:Reverb|Schroeder_Allpass:allpass_0|v_buffer_rtl_0 ;
; Top:top0|DSP:dsp|Reverb:Reverb|Schroeder_Allpass:allpass_0|v_buffer_rtl_0_bypass[17] ; Top:top0|DSP:dsp|Reverb:Reverb|Schroeder_Allpass:allpass_0|v_buffer_rtl_0 ;
; Top:top0|DSP:dsp|Reverb:Reverb|Schroeder_Allpass:allpass_0|v_buffer_rtl_0_bypass[18] ; Top:top0|DSP:dsp|Reverb:Reverb|Schroeder_Allpass:allpass_0|v_buffer_rtl_0 ;
; Top:top0|DSP:dsp|Reverb:Reverb|Schroeder_Allpass:allpass_0|v_buffer_rtl_0_bypass[19] ; Top:top0|DSP:dsp|Reverb:Reverb|Schroeder_Allpass:allpass_0|v_buffer_rtl_0 ;
; Top:top0|DSP:dsp|Reverb:Reverb|Schroeder_Allpass:allpass_0|v_buffer_rtl_0_bypass[20] ; Top:top0|DSP:dsp|Reverb:Reverb|Schroeder_Allpass:allpass_0|v_buffer_rtl_0 ;
; Top:top0|DSP:dsp|Reverb:Reverb|Schroeder_Allpass:allpass_0|v_buffer_rtl_0_bypass[21] ; Top:top0|DSP:dsp|Reverb:Reverb|Schroeder_Allpass:allpass_0|v_buffer_rtl_0 ;
; Top:top0|DSP:dsp|Reverb:Reverb|Schroeder_Allpass:allpass_0|v_buffer_rtl_0_bypass[22] ; Top:top0|DSP:dsp|Reverb:Reverb|Schroeder_Allpass:allpass_0|v_buffer_rtl_0 ;
; Top:top0|DSP:dsp|Reverb:Reverb|Schroeder_Allpass:allpass_0|v_buffer_rtl_0_bypass[23] ; Top:top0|DSP:dsp|Reverb:Reverb|Schroeder_Allpass:allpass_0|v_buffer_rtl_0 ;
; Top:top0|DSP:dsp|Reverb:Reverb|Schroeder_Allpass:allpass_0|v_buffer_rtl_0_bypass[24] ; Top:top0|DSP:dsp|Reverb:Reverb|Schroeder_Allpass:allpass_0|v_buffer_rtl_0 ;
; Top:top0|DSP:dsp|Reverb:Reverb|Schroeder_Allpass:allpass_0|v_buffer_rtl_0_bypass[25] ; Top:top0|DSP:dsp|Reverb:Reverb|Schroeder_Allpass:allpass_0|v_buffer_rtl_0 ;
; Top:top0|DSP:dsp|Reverb:Reverb|Schroeder_Allpass:allpass_0|v_buffer_rtl_0_bypass[26] ; Top:top0|DSP:dsp|Reverb:Reverb|Schroeder_Allpass:allpass_0|v_buffer_rtl_0 ;
; Top:top0|DSP:dsp|Reverb:Reverb|Schroeder_Allpass:allpass_0|v_buffer_rtl_0_bypass[27] ; Top:top0|DSP:dsp|Reverb:Reverb|Schroeder_Allpass:allpass_0|v_buffer_rtl_0 ;
; Top:top0|DSP:dsp|Reverb:Reverb|Schroeder_Allpass:allpass_0|v_buffer_rtl_0_bypass[28] ; Top:top0|DSP:dsp|Reverb:Reverb|Schroeder_Allpass:allpass_0|v_buffer_rtl_0 ;
; Top:top0|DSP:dsp|Reverb:Reverb|Schroeder_Allpass:allpass_0|v_buffer_rtl_0_bypass[29] ; Top:top0|DSP:dsp|Reverb:Reverb|Schroeder_Allpass:allpass_0|v_buffer_rtl_0 ;
; Top:top0|DSP:dsp|Reverb:Reverb|Schroeder_Allpass:allpass_0|v_buffer_rtl_0_bypass[30] ; Top:top0|DSP:dsp|Reverb:Reverb|Schroeder_Allpass:allpass_0|v_buffer_rtl_0 ;
; Top:top0|DSP:dsp|Reverb:Reverb|Schroeder_Allpass:allpass_0|v_buffer_rtl_0_bypass[31] ; Top:top0|DSP:dsp|Reverb:Reverb|Schroeder_Allpass:allpass_0|v_buffer_rtl_0 ;
; Top:top0|DSP:dsp|Reverb:Reverb|Schroeder_Allpass:allpass_0|v_buffer_rtl_0_bypass[32] ; Top:top0|DSP:dsp|Reverb:Reverb|Schroeder_Allpass:allpass_0|v_buffer_rtl_0 ;
; Top:top0|DSP:dsp|Reverb:Reverb|Schroeder_Allpass:allpass_0|v_buffer_rtl_0_bypass[33] ; Top:top0|DSP:dsp|Reverb:Reverb|Schroeder_Allpass:allpass_0|v_buffer_rtl_0 ;
; Top:top0|DSP:dsp|Reverb:Reverb|Schroeder_Allpass:allpass_0|v_buffer_rtl_0_bypass[34] ; Top:top0|DSP:dsp|Reverb:Reverb|Schroeder_Allpass:allpass_0|v_buffer_rtl_0 ;
; Top:top0|DSP:dsp|Reverb:Reverb|Schroeder_Allpass:allpass_0|v_buffer_rtl_0_bypass[35] ; Top:top0|DSP:dsp|Reverb:Reverb|Schroeder_Allpass:allpass_0|v_buffer_rtl_0 ;
; Top:top0|DSP:dsp|Reverb:Reverb|Schroeder_Allpass:allpass_0|v_buffer_rtl_0_bypass[36] ; Top:top0|DSP:dsp|Reverb:Reverb|Schroeder_Allpass:allpass_0|v_buffer_rtl_0 ;
; Top:top0|DSP:dsp|Reverb:Reverb|Schroeder_Allpass:allpass_0|v_buffer_rtl_0_bypass[37] ; Top:top0|DSP:dsp|Reverb:Reverb|Schroeder_Allpass:allpass_0|v_buffer_rtl_0 ;
; Top:top0|DSP:dsp|Reverb:Reverb|Schroeder_Allpass:allpass_0|v_buffer_rtl_0_bypass[38] ; Top:top0|DSP:dsp|Reverb:Reverb|Schroeder_Allpass:allpass_0|v_buffer_rtl_0 ;
+--------------------------------------------------------------------------------------+---------------------------------------------------------------------------+


+------------------------------------------------------------------------------------------------------------------------------+
; Registers Packed Into Inferred Megafunctions                                                                                 ;
+----------------------------------------------------------+------------------------------------------------------------+------+
; Register Name                                            ; Megafunction                                               ; Type ;
+----------------------------------------------------------+------------------------------------------------------------+------+
; Top:top0|DSP:dsp|Chorus:Chorus|data_temp_1[0..15]        ; Top:top0|DSP:dsp|Chorus:Chorus|data_buffer_rtl_0           ; RAM  ;
; Top:top0|DSP:dsp|Chorus:Chorus|data_temp_2[0..15]        ; Top:top0|DSP:dsp|Chorus:Chorus|data_buffer_rtl_1           ; RAM  ;
; Top:top0|DSP:dsp|Delay_Effect:Delay_Effect|r_data[2..15] ; Top:top0|DSP:dsp|Delay_Effect:Delay_Effect|delay_ram_rtl_0 ; RAM  ;
; Top:top0|DSP:dsp|Auto_Wah:Auto_Wah|data_temp_1[0..15]    ; Top:top0|DSP:dsp|Auto_Wah:Auto_Wah|data_buffer_rtl_0       ; RAM  ;
; Top:top0|DSP:dsp|Auto_Wah:Auto_Wah|data_temp_2[0..15]    ; Top:top0|DSP:dsp|Auto_Wah:Auto_Wah|data_buffer_rtl_1       ; RAM  ;
; Top:top0|DSP:dsp|Flanger:Flanger|data_temp_1[0..15]      ; Top:top0|DSP:dsp|Flanger:Flanger|data_buffer_rtl_0         ; RAM  ;
; Top:top0|DSP:dsp|Flanger:Flanger|data_temp_2[0..15]      ; Top:top0|DSP:dsp|Flanger:Flanger|data_buffer_rtl_1         ; RAM  ;
+----------------------------------------------------------+------------------------------------------------------------+------+


+----------------------------------------------------------------------------------------------------------------------------------------------------------------------------------------------+
; Multiplexer Restructuring Statistics (Restructuring Performed)                                                                                                                               ;
+--------------------+-----------+---------------+----------------------+------------------------+------------+--------------------------------------------------------------------------------+
; Multiplexer Inputs ; Bus Width ; Baseline Area ; Area if Restructured ; Saving if Restructured ; Registered ; Example Multiplexer Output                                                     ;
+--------------------+-----------+---------------+----------------------+------------------------+------------+--------------------------------------------------------------------------------+
; 3:1                ; 15 bits   ; 30 LEs        ; 15 LEs               ; 15 LEs                 ; Yes        ; |DE2_115|Top:top0|Player:player|o_DAC_DAT_r[2]                                 ;
; 3:1                ; 5 bits    ; 10 LEs        ; 5 LEs                ; 5 LEs                  ; Yes        ; |DE2_115|Top:top0|Recorder:recorder|counter_r[3]                               ;
; 3:1                ; 16 bits   ; 32 LEs        ; 32 LEs               ; 0 LEs                  ; Yes        ; |DE2_115|Top:top0|DSP:dsp|Delay_Effect:Delay_Effect|o_data_r[1]                ;
; 3:1                ; 16 bits   ; 32 LEs        ; 32 LEs               ; 0 LEs                  ; Yes        ; |DE2_115|Top:top0|DSP:dsp|Reverb:Reverb|Schroeder_Allpass:allpass_4|out[1]     ;
; 3:1                ; 14 bits   ; 28 LEs        ; 28 LEs               ; 0 LEs                  ; Yes        ; |DE2_115|Top:top0|DSP:dsp|Delay_Effect:Delay_Effect|fb_data_r[14]              ;
; 3:1                ; 16 bits   ; 32 LEs        ; 32 LEs               ; 0 LEs                  ; Yes        ; |DE2_115|Top:top0|DSP:dsp|Reverb:Reverb|Schroeder_Allpass:allpass_3|out[11]    ;
; 3:1                ; 16 bits   ; 32 LEs        ; 32 LEs               ; 0 LEs                  ; Yes        ; |DE2_115|Top:top0|DSP:dsp|Reverb:Reverb|Schroeder_Allpass:allpass_2|out[10]    ;
; 3:1                ; 16 bits   ; 32 LEs        ; 32 LEs               ; 0 LEs                  ; Yes        ; |DE2_115|Top:top0|DSP:dsp|Reverb:Reverb|Schroeder_Allpass:allpass_1|out[14]    ;
; 3:1                ; 16 bits   ; 32 LEs        ; 32 LEs               ; 0 LEs                  ; Yes        ; |DE2_115|Top:top0|DSP:dsp|Reverb:Reverb|Schroeder_Allpass:allpass_0|out[13]    ;
; 3:1                ; 16 bits   ; 32 LEs        ; 32 LEs               ; 0 LEs                  ; Yes        ; |DE2_115|Top:top0|DSP:dsp|Reverb:Reverb|FDN_4ch:fdn|ch1_read[7]                ;
; 3:1                ; 16 bits   ; 32 LEs        ; 32 LEs               ; 0 LEs                  ; Yes        ; |DE2_115|Top:top0|DSP:dsp|Reverb:Reverb|FDN_4ch:fdn|ch0_read[5]                ;
; 3:1                ; 16 bits   ; 32 LEs        ; 32 LEs               ; 0 LEs                  ; Yes        ; |DE2_115|Top:top0|DSP:dsp|Reverb:Reverb|FDN_4ch:fdn|ch2_read[1]                ;
; 3:1                ; 16 bits   ; 32 LEs        ; 32 LEs               ; 0 LEs                  ; Yes        ; |DE2_115|Top:top0|DSP:dsp|Reverb:Reverb|FDN_4ch:fdn|ch3_read[12]               ;
; 3:1                ; 16 bits   ; 32 LEs        ; 32 LEs               ; 0 LEs                  ; Yes        ; |DE2_115|Top:top0|DSP:dsp|Reverb:Reverb|Schroeder_Allpass:allpass_4|temp_0[4]  ;
; 3:1                ; 16 bits   ; 32 LEs        ; 32 LEs               ; 0 LEs                  ; Yes        ; |DE2_115|Top:top0|DSP:dsp|Reverb:Reverb|Schroeder_Allpass:allpass_3|temp_0[13] ;
; 3:1                ; 16 bits   ; 32 LEs        ; 32 LEs               ; 0 LEs                  ; Yes        ; |DE2_115|Top:top0|DSP:dsp|Reverb:Reverb|Schroeder_Allpass:allpass_2|temp_0[5]  ;
; 3:1                ; 16 bits   ; 32 LEs        ; 32 LEs               ; 0 LEs                  ; Yes        ; |DE2_115|Top:top0|DSP:dsp|Reverb:Reverb|Schroeder_Allpass:allpass_1|temp_0[12] ;
; 3:1                ; 16 bits   ; 32 LEs        ; 32 LEs               ; 0 LEs                  ; Yes        ; |DE2_115|Top:top0|DSP:dsp|Reverb:Reverb|Schroeder_Allpass:allpass_0|temp_0[1]  ;
; 4:1                ; 16 bits   ; 32 LEs        ; 32 LEs               ; 0 LEs                  ; Yes        ; |DE2_115|Top:top0|DSP:dsp|distortion:Distortion|o_data[2]                      ;
; 9:1                ; 2 bits    ; 12 LEs        ; 10 LEs               ; 2 LEs                  ; Yes        ; |DE2_115|Top:top0|WM8731_init:wm8731_init|state_r[2]                           ;
; 9:1                ; 5 bits    ; 30 LEs        ; 5 LEs                ; 25 LEs                 ; Yes        ; |DE2_115|Top:top0|WM8731_init:wm8731_init|bit_cnt_r[0]                         ;
; 9:1                ; 4 bits    ; 24 LEs        ; 4 LEs                ; 20 LEs                 ; Yes        ; |DE2_115|Top:top0|WM8731_init:wm8731_init|command_cnt_r[0]                     ;
; 7:1                ; 16 bits   ; 64 LEs        ; 64 LEs               ; 0 LEs                  ; Yes        ; |DE2_115|Top:top0|Buffer:buffer|out_data[11]                                   ;
; 6:1                ; 16 bits   ; 64 LEs        ; 16 LEs               ; 48 LEs                 ; Yes        ; |DE2_115|Top:top0|DSP:dsp|Noise_Gate:Noise_Gate|counter_r[5]                   ;
; 4:1                ; 2 bits    ; 4 LEs         ; 4 LEs                ; 0 LEs                  ; No         ; |DE2_115|Top:top0|Recorder:recorder|Selector0                                  ;
; 3:1                ; 15 bits   ; 30 LEs        ; 30 LEs               ; 0 LEs                  ; No         ; |DE2_115|Top:top0|DSP:dsp|Noise_Gate:Noise_Gate|current_volume[2]              ;
; 3:1                ; 21 bits   ; 42 LEs        ; 42 LEs               ; 0 LEs                  ; No         ; |DE2_115|Top:top0|DSP:dsp|Overdrive:Overdrive|tanh:u_tanh|lut_idx[6]           ;
; 3:1                ; 21 bits   ; 42 LEs        ; 42 LEs               ; 0 LEs                  ; No         ; |DE2_115|Top:top0|DSP:dsp|distortion:Distortion|tanh:u_tanh|lut_idx[0]         ;
; 3:1                ; 16 bits   ; 32 LEs        ; 32 LEs               ; 0 LEs                  ; No         ; |DE2_115|Top:top0|DSP:dsp|Reverb:Reverb|FDN_4ch:fdn|ch1_curr[2]                ;
; 3:1                ; 16 bits   ; 32 LEs        ; 32 LEs               ; 0 LEs                  ; No         ; |DE2_115|Top:top0|DSP:dsp|Reverb:Reverb|FDN_4ch:fdn|ch0_curr[15]               ;
; 3:1                ; 16 bits   ; 32 LEs        ; 32 LEs               ; 0 LEs                  ; No         ; |DE2_115|Top:top0|DSP:dsp|Reverb:Reverb|FDN_4ch:fdn|ch2_curr[4]                ;
; 3:1                ; 16 bits   ; 32 LEs        ; 32 LEs               ; 0 LEs                  ; No         ; |DE2_115|Top:top0|DSP:dsp|Reverb:Reverb|FDN_4ch:fdn|ch3_curr[0]                ;
; 3:1                ; 16 bits   ; 32 LEs        ; 32 LEs               ; 0 LEs                  ; No         ; |DE2_115|Top:top0|DSP:dsp|Flanger:Flanger|data_curr[8]                         ;
; 3:1                ; 16 bits   ; 32 LEs        ; 32 LEs               ; 0 LEs                  ; No         ; |DE2_115|Top:top0|DSP:dsp|Reverb:Reverb|Schroeder_Allpass:allpass_4|v_curr[1]  ;
; 3:1                ; 16 bits   ; 32 LEs        ; 32 LEs               ; 0 LEs                  ; No         ; |DE2_115|Top:top0|DSP:dsp|Reverb:Reverb|Schroeder_Allpass:allpass_3|v_curr[12] ;
; 3:1                ; 16 bits   ; 32 LEs        ; 32 LEs               ; 0 LEs                  ; No         ; |DE2_115|Top:top0|DSP:dsp|Reverb:Reverb|Schroeder_Allpass:allpass_2|v_curr[12] ;
; 3:1                ; 16 bits   ; 32 LEs        ; 32 LEs               ; 0 LEs                  ; No         ; |DE2_115|Top:top0|DSP:dsp|Reverb:Reverb|Schroeder_Allpass:allpass_1|v_curr[14] ;
; 3:1                ; 16 bits   ; 32 LEs        ; 32 LEs               ; 0 LEs                  ; No         ; |DE2_115|Top:top0|DSP:dsp|Reverb:Reverb|Schroeder_Allpass:allpass_0|v_curr[15] ;
; 4:1                ; 2 bits    ; 4 LEs         ; 4 LEs                ; 0 LEs                  ; No         ; |DE2_115|Top:top0|state_w.S_SETUP                                              ;
; 16:1               ; 17 bits   ; 170 LEs       ; 102 LEs              ; 68 LEs                 ; No         ; |DE2_115|Top:top0|DSP:dsp|Stager:Stager|o_end_data[4]                          ;
; 5:1                ; 15 bits   ; 45 LEs        ; 45 LEs               ; 0 LEs                  ; No         ; |DE2_115|Top:top0|DSP:dsp|fuzz:Fuzz|y_val                                      ;
; 8:1                ; 2 bits    ; 10 LEs        ; 6 LEs                ; 4 LEs                  ; No         ; |DE2_115|Top:top0|DSP:dsp|Noise_Gate:Noise_Gate|state_w.S_RECOVER              ;
; 10:1               ; 2 bits    ; 12 LEs        ; 6 LEs                ; 6 LEs                  ; No         ; |DE2_115|Top:top0|DSP:dsp|Noise_Gate:Noise_Gate|state_w.S_NORMAL               ;
+--------------------+-----------+---------------+----------------------+------------------------+------------+--------------------------------------------------------------------------------+


+---------------------------------------------------------------------+
; Source assignments for final_qsys:pll0|final_qsys_altpll_0:altpll_0 ;
+----------------+-------+------+-------------------------------------+
; Assignment     ; Value ; From ; To                                  ;
+----------------+-------+------+-------------------------------------+
; POWER_UP_LEVEL ; HIGH  ; -    ; pfdena_reg                          ;
+----------------+-------+------+-------------------------------------+


+-------------------------------------------------------------------------------------------------------------------------------------------------------+
; Source assignments for final_qsys:pll0|final_qsys_altpll_0:altpll_0|final_qsys_altpll_0_stdsync_sv6:stdsync2|final_qsys_altpll_0_dffpipe_l2c:dffpipe3 ;
+---------------------------------+-------+------+------------------------------------------------------------------------------------------------------+
; Assignment                      ; Value ; From ; To                                                                                                   ;
+---------------------------------+-------+------+------------------------------------------------------------------------------------------------------+
; AUTO_SHIFT_REGISTER_RECOGNITION ; OFF   ; -    ; -                                                                                                    ;
+---------------------------------+-------+------+------------------------------------------------------------------------------------------------------+


+--------------------------------------------------------------------------------------------------------------------------+
; Source assignments for final_qsys:pll0|altera_reset_controller:rst_controller|altera_reset_synchronizer:alt_rst_sync_uq1 ;
+-------------------+-------+------+---------------------------------------------------------------------------------------+
; Assignment        ; Value ; From ; To                                                                                    ;
+-------------------+-------+------+---------------------------------------------------------------------------------------+
; PRESERVE_REGISTER ; on    ; -    ; altera_reset_synchronizer_int_chain[1]                                                ;
; PRESERVE_REGISTER ; on    ; -    ; altera_reset_synchronizer_int_chain[0]                                                ;
+-------------------+-------+------+---------------------------------------------------------------------------------------+


+------------------------------------------------------------------------------------------------------------------------------+
; Source assignments for final_qsys:pll0|altera_reset_controller:rst_controller|altera_reset_synchronizer:alt_rst_req_sync_uq1 ;
+-------------------+-------+------+-------------------------------------------------------------------------------------------+
; Assignment        ; Value ; From ; To                                                                                        ;
+-------------------+-------+------+-------------------------------------------------------------------------------------------+
; PRESERVE_REGISTER ; on    ; -    ; altera_reset_synchronizer_int_chain[0]                                                    ;
; PRESERVE_REGISTER ; on    ; -    ; altera_reset_synchronizer_int_chain[1]                                                    ;
+-------------------+-------+------+-------------------------------------------------------------------------------------------+


+----------------------------------------------------------------------------------------------------------+
; Source assignments for Top:top0|Buffer:buffer|altsyncram:buf_data_r_rtl_0|altsyncram_rbi1:auto_generated ;
+---------------------------------+--------------------+------+--------------------------------------------+
; Assignment                      ; Value              ; From ; To                                         ;
+---------------------------------+--------------------+------+--------------------------------------------+
; OPTIMIZE_POWER_DURING_SYNTHESIS ; NORMAL_COMPILATION ; -    ; -                                          ;
+---------------------------------+--------------------+------+--------------------------------------------+


+----------------------------------------------------------------------------------------------------------+
; Source assignments for Top:top0|Buffer:buffer|altsyncram:buf_data_l_rtl_0|altsyncram_rbi1:auto_generated ;
+---------------------------------+--------------------+------+--------------------------------------------+
; Assignment                      ; Value              ; From ; To                                         ;
+---------------------------------+--------------------+------+--------------------------------------------+
; OPTIMIZE_POWER_DURING_SYNTHESIS ; NORMAL_COMPILATION ; -    ; -                                          ;
+---------------------------------+--------------------+------+--------------------------------------------+


+-------------------------------------------------------------------------------------------------------------------+
; Source assignments for Top:top0|DSP:dsp|Chorus:Chorus|altsyncram:data_buffer_rtl_0|altsyncram_03e1:auto_generated ;
+---------------------------------+--------------------+------+-----------------------------------------------------+
; Assignment                      ; Value              ; From ; To                                                  ;
+---------------------------------+--------------------+------+-----------------------------------------------------+
; OPTIMIZE_POWER_DURING_SYNTHESIS ; NORMAL_COMPILATION ; -    ; -                                                   ;
+---------------------------------+--------------------+------+-----------------------------------------------------+


+-------------------------------------------------------------------------------------------------------------------+
; Source assignments for Top:top0|DSP:dsp|Chorus:Chorus|altsyncram:data_buffer_rtl_1|altsyncram_03e1:auto_generated ;
+---------------------------------+--------------------+------+-----------------------------------------------------+
; Assignment                      ; Value              ; From ; To                                                  ;
+---------------------------------+--------------------+------+-----------------------------------------------------+
; OPTIMIZE_POWER_DURING_SYNTHESIS ; NORMAL_COMPILATION ; -    ; -                                                   ;
+---------------------------------+--------------------+------+-----------------------------------------------------+


+------------------------------------------------------------------------------------------------------------------------------+
; Source assignments for Top:top0|DSP:dsp|Reverb:Reverb|FDN_4ch:fdn|altsyncram:ch1_buffer_rtl_0|altsyncram_nli1:auto_generated ;
+---------------------------------+--------------------+------+----------------------------------------------------------------+
; Assignment                      ; Value              ; From ; To                                                             ;
+---------------------------------+--------------------+------+----------------------------------------------------------------+
; OPTIMIZE_POWER_DURING_SYNTHESIS ; NORMAL_COMPILATION ; -    ; -                                                              ;
+---------------------------------+--------------------+------+----------------------------------------------------------------+


+------------------------------------------------------------------------------------------------------------------------------+
; Source assignments for Top:top0|DSP:dsp|Reverb:Reverb|FDN_4ch:fdn|altsyncram:ch0_buffer_rtl_0|altsyncram_tki1:auto_generated ;
+---------------------------------+--------------------+------+----------------------------------------------------------------+
; Assignment                      ; Value              ; From ; To                                                             ;
+---------------------------------+--------------------+------+----------------------------------------------------------------+
; OPTIMIZE_POWER_DURING_SYNTHESIS ; NORMAL_COMPILATION ; -    ; -                                                              ;
+---------------------------------+--------------------+------+----------------------------------------------------------------+


+------------------------------------------------------------------------------------------------------------------------------+
; Source assignments for Top:top0|DSP:dsp|Reverb:Reverb|FDN_4ch:fdn|altsyncram:ch2_buffer_rtl_0|altsyncram_pki1:auto_generated ;
+---------------------------------+--------------------+------+----------------------------------------------------------------+
; Assignment                      ; Value              ; From ; To                                                             ;
+---------------------------------+--------------------+------+----------------------------------------------------------------+
; OPTIMIZE_POWER_DURING_SYNTHESIS ; NORMAL_COMPILATION ; -    ; -                                                              ;
+---------------------------------+--------------------+------+----------------------------------------------------------------+


+------------------------------------------------------------------------------------------------------------------------------+
; Source assignments for Top:top0|DSP:dsp|Reverb:Reverb|FDN_4ch:fdn|altsyncram:ch3_buffer_rtl_0|altsyncram_1li1:auto_generated ;
+---------------------------------+--------------------+------+----------------------------------------------------------------+
; Assignment                      ; Value              ; From ; To                                                             ;
+---------------------------------+--------------------+------+----------------------------------------------------------------+
; OPTIMIZE_POWER_DURING_SYNTHESIS ; NORMAL_COMPILATION ; -    ; -                                                              ;
+---------------------------------+--------------------+------+----------------------------------------------------------------+


+-----------------------------------------------------------------------------------------------------------------------------+
; Source assignments for Top:top0|DSP:dsp|Delay_Effect:Delay_Effect|altsyncram:delay_ram_rtl_0|altsyncram_n5j1:auto_generated ;
+---------------------------------+--------------------+------+---------------------------------------------------------------+
; Assignment                      ; Value              ; From ; To                                                            ;
+---------------------------------+--------------------+------+---------------------------------------------------------------+
; OPTIMIZE_POWER_DURING_SYNTHESIS ; NORMAL_COMPILATION ; -    ; -                                                             ;
+---------------------------------+--------------------+------+---------------------------------------------------------------+


+-----------------------------------------------------------------------------------------------------------------------+
; Source assignments for Top:top0|DSP:dsp|Auto_Wah:Auto_Wah|altsyncram:data_buffer_rtl_0|altsyncram_42e1:auto_generated ;
+---------------------------------+--------------------+------+---------------------------------------------------------+
; Assignment                      ; Value              ; From ; To                                                      ;
+---------------------------------+--------------------+------+---------------------------------------------------------+
; OPTIMIZE_POWER_DURING_SYNTHESIS ; NORMAL_COMPILATION ; -    ; -                                                       ;
+---------------------------------+--------------------+------+---------------------------------------------------------+


+-----------------------------------------------------------------------------------------------------------------------+
; Source assignments for Top:top0|DSP:dsp|Auto_Wah:Auto_Wah|altsyncram:data_buffer_rtl_1|altsyncram_42e1:auto_generated ;
+---------------------------------+--------------------+------+---------------------------------------------------------+
; Assignment                      ; Value              ; From ; To                                                      ;
+---------------------------------+--------------------+------+---------------------------------------------------------+
; OPTIMIZE_POWER_DURING_SYNTHESIS ; NORMAL_COMPILATION ; -    ; -                                                       ;
+---------------------------------+--------------------+------+---------------------------------------------------------+


+---------------------------------------------------------------------------------------------------------------------+
; Source assignments for Top:top0|DSP:dsp|Flanger:Flanger|altsyncram:data_buffer_rtl_0|altsyncram_42e1:auto_generated ;
+---------------------------------+--------------------+------+-------------------------------------------------------+
; Assignment                      ; Value              ; From ; To                                                    ;
+---------------------------------+--------------------+------+-------------------------------------------------------+
; OPTIMIZE_POWER_DURING_SYNTHESIS ; NORMAL_COMPILATION ; -    ; -                                                     ;
+---------------------------------+--------------------+------+-------------------------------------------------------+


+---------------------------------------------------------------------------------------------------------------------+
; Source assignments for Top:top0|DSP:dsp|Flanger:Flanger|altsyncram:data_buffer_rtl_1|altsyncram_42e1:auto_generated ;
+---------------------------------+--------------------+------+-------------------------------------------------------+
; Assignment                      ; Value              ; From ; To                                                    ;
+---------------------------------+--------------------+------+-------------------------------------------------------+
; OPTIMIZE_POWER_DURING_SYNTHESIS ; NORMAL_COMPILATION ; -    ; -                                                     ;
+---------------------------------+--------------------+------+-------------------------------------------------------+


+--------------------------------------------------------------------------------------------------------------------------------------------+
; Source assignments for Top:top0|DSP:dsp|Reverb:Reverb|Schroeder_Allpass:allpass_4|altsyncram:v_buffer_rtl_0|altsyncram_dli1:auto_generated ;
+---------------------------------+--------------------+------+------------------------------------------------------------------------------+
; Assignment                      ; Value              ; From ; To                                                                           ;
+---------------------------------+--------------------+------+------------------------------------------------------------------------------+
; OPTIMIZE_POWER_DURING_SYNTHESIS ; NORMAL_COMPILATION ; -    ; -                                                                            ;
+---------------------------------+--------------------+------+------------------------------------------------------------------------------+


+--------------------------------------------------------------------------------------------------------------------------------------------+
; Source assignments for Top:top0|DSP:dsp|Reverb:Reverb|Schroeder_Allpass:allpass_3|altsyncram:v_buffer_rtl_0|altsyncram_1li1:auto_generated ;
+---------------------------------+--------------------+------+------------------------------------------------------------------------------+
; Assignment                      ; Value              ; From ; To                                                                           ;
+---------------------------------+--------------------+------+------------------------------------------------------------------------------+
; OPTIMIZE_POWER_DURING_SYNTHESIS ; NORMAL_COMPILATION ; -    ; -                                                                            ;
+---------------------------------+--------------------+------+------------------------------------------------------------------------------+


+--------------------------------------------------------------------------------------------------------------------------------------------+
; Source assignments for Top:top0|DSP:dsp|Reverb:Reverb|Schroeder_Allpass:allpass_2|altsyncram:v_buffer_rtl_0|altsyncram_pki1:auto_generated ;
+---------------------------------+--------------------+------+------------------------------------------------------------------------------+
; Assignment                      ; Value              ; From ; To                                                                           ;
+---------------------------------+--------------------+------+------------------------------------------------------------------------------+
; OPTIMIZE_POWER_DURING_SYNTHESIS ; NORMAL_COMPILATION ; -    ; -                                                                            ;
+---------------------------------+--------------------+------+------------------------------------------------------------------------------+


+--------------------------------------------------------------------------------------------------------------------------------------------+
; Source assignments for Top:top0|DSP:dsp|Reverb:Reverb|Schroeder_Allpass:allpass_1|altsyncram:v_buffer_rtl_0|altsyncram_nli1:auto_generated ;
+---------------------------------+--------------------+------+------------------------------------------------------------------------------+
; Assignment                      ; Value              ; From ; To                                                                           ;
+---------------------------------+--------------------+------+------------------------------------------------------------------------------+
; OPTIMIZE_POWER_DURING_SYNTHESIS ; NORMAL_COMPILATION ; -    ; -                                                                            ;
+---------------------------------+--------------------+------+------------------------------------------------------------------------------+


+--------------------------------------------------------------------------------------------------------------------------------------------+
; Source assignments for Top:top0|DSP:dsp|Reverb:Reverb|Schroeder_Allpass:allpass_0|altsyncram:v_buffer_rtl_0|altsyncram_tki1:auto_generated ;
+---------------------------------+--------------------+------+------------------------------------------------------------------------------+
; Assignment                      ; Value              ; From ; To                                                                           ;
+---------------------------------+--------------------+------+------------------------------------------------------------------------------+
; OPTIMIZE_POWER_DURING_SYNTHESIS ; NORMAL_COMPILATION ; -    ; -                                                                            ;
+---------------------------------+--------------------+------+------------------------------------------------------------------------------+


+-----------------------------------------------------------------------------------------------------+
; Parameter Settings for User Entity Instance: final_qsys:pll0|altera_reset_controller:rst_controller ;
+---------------------------+----------+--------------------------------------------------------------+
; Parameter Name            ; Value    ; Type                                                         ;
+---------------------------+----------+--------------------------------------------------------------+
; NUM_RESET_INPUTS          ; 1        ; Signed Integer                                               ;
; USE_RESET_REQUEST_IN0     ; 0        ; Signed Integer                                               ;
; USE_RESET_REQUEST_IN1     ; 0        ; Signed Integer                                               ;
; USE_RESET_REQUEST_IN2     ; 0        ; Signed Integer                                               ;
; USE_RESET_REQUEST_IN3     ; 0        ; Signed Integer                                               ;
; USE_RESET_REQUEST_IN4     ; 0        ; Signed Integer                                               ;
; USE_RESET_REQUEST_IN5     ; 0        ; Signed Integer                                               ;
; USE_RESET_REQUEST_IN6     ; 0        ; Signed Integer                                               ;
; USE_RESET_REQUEST_IN7     ; 0        ; Signed Integer                                               ;
; USE_RESET_REQUEST_IN8     ; 0        ; Signed Integer                                               ;
; USE_RESET_REQUEST_IN9     ; 0        ; Signed Integer                                               ;
; USE_RESET_REQUEST_IN10    ; 0        ; Signed Integer                                               ;
; USE_RESET_REQUEST_IN11    ; 0        ; Signed Integer                                               ;
; USE_RESET_REQUEST_IN12    ; 0        ; Signed Integer                                               ;
; USE_RESET_REQUEST_IN13    ; 0        ; Signed Integer                                               ;
; USE_RESET_REQUEST_IN14    ; 0        ; Signed Integer                                               ;
; USE_RESET_REQUEST_IN15    ; 0        ; Signed Integer                                               ;
; OUTPUT_RESET_SYNC_EDGES   ; deassert ; String                                                       ;
; SYNC_DEPTH                ; 2        ; Signed Integer                                               ;
; RESET_REQUEST_PRESENT     ; 0        ; Signed Integer                                               ;
; RESET_REQ_WAIT_TIME       ; 1        ; Signed Integer                                               ;
; MIN_RST_ASSERTION_TIME    ; 3        ; Signed Integer                                               ;
; RESET_REQ_EARLY_DSRT_TIME ; 1        ; Signed Integer                                               ;
; ADAPT_RESET_REQUEST       ; 0        ; Signed Integer                                               ;
+---------------------------+----------+--------------------------------------------------------------+
Note: In order to hide this table in the UI and the text report file, please set the "Show Parameter Settings in Synthesis Report" option in "Analysis and Synthesis Settings -> More Settings" to "Off".


+------------------------------------------------------------------------------------------------------------------------------------------------+
; Parameter Settings for User Entity Instance: final_qsys:pll0|altera_reset_controller:rst_controller|altera_reset_synchronizer:alt_rst_sync_uq1 ;
+----------------+-------+-----------------------------------------------------------------------------------------------------------------------+
; Parameter Name ; Value ; Type                                                                                                                  ;
+----------------+-------+-----------------------------------------------------------------------------------------------------------------------+
; ASYNC_RESET    ; 1     ; Unsigned Binary                                                                                                       ;
; DEPTH          ; 2     ; Signed Integer                                                                                                        ;
+----------------+-------+-----------------------------------------------------------------------------------------------------------------------+
Note: In order to hide this table in the UI and the text report file, please set the "Show Parameter Settings in Synthesis Report" option in "Analysis and Synthesis Settings -> More Settings" to "Off".


+----------------------------------------------------------------------------------------------------------------------------------------------------+
; Parameter Settings for User Entity Instance: final_qsys:pll0|altera_reset_controller:rst_controller|altera_reset_synchronizer:alt_rst_req_sync_uq1 ;
+----------------+-------+---------------------------------------------------------------------------------------------------------------------------+
; Parameter Name ; Value ; Type                                                                                                                      ;
+----------------+-------+---------------------------------------------------------------------------------------------------------------------------+
; ASYNC_RESET    ; 0     ; Signed Integer                                                                                                            ;
; DEPTH          ; 2     ; Signed Integer                                                                                                            ;
+----------------+-------+---------------------------------------------------------------------------------------------------------------------------+
Note: In order to hide this table in the UI and the text report file, please set the "Show Parameter Settings in Synthesis Report" option in "Analysis and Synthesis Settings -> More Settings" to "Off".


+------------------------------------------------------------+
; Parameter Settings for User Entity Instance: Debounce:deb0 ;
+----------------+-------+-----------------------------------+
; Parameter Name ; Value ; Type                              ;
+----------------+-------+-----------------------------------+
; CNT_N          ; 7     ; Signed Integer                    ;
+----------------+-------+-----------------------------------+
Note: In order to hide this table in the UI and the text report file, please set the "Show Parameter Settings in Synthesis Report" option in "Analysis and Synthesis Settings -> More Settings" to "Off".


+------------------------------------------------------------+
; Parameter Settings for User Entity Instance: Debounce:deb1 ;
+----------------+-------+-----------------------------------+
; Parameter Name ; Value ; Type                              ;
+----------------+-------+-----------------------------------+
; CNT_N          ; 7     ; Signed Integer                    ;
+----------------+-------+-----------------------------------+
Note: In order to hide this table in the UI and the text report file, please set the "Show Parameter Settings in Synthesis Report" option in "Analysis and Synthesis Settings -> More Settings" to "Off".


+------------------------------------------------------------+
; Parameter Settings for User Entity Instance: Debounce:deb2 ;
+----------------+-------+-----------------------------------+
; Parameter Name ; Value ; Type                              ;
+----------------+-------+-----------------------------------+
; CNT_N          ; 7     ; Signed Integer                    ;
+----------------+-------+-----------------------------------+
Note: In order to hide this table in the UI and the text report file, please set the "Show Parameter Settings in Synthesis Report" option in "Analysis and Synthesis Settings -> More Settings" to "Off".


+-----------------------------------------------------------------------------+
; Parameter Settings for User Entity Instance: Top:top0|DSP:dsp|Reverb:Reverb ;
+--------------------+----------+---------------------------------------------+
; Parameter Name     ; Value    ; Type                                        ;
+--------------------+----------+---------------------------------------------+
; ap_delay_sample_0  ; 1423     ; Signed Integer                              ;
; ap_delay_sample_1  ; 1787     ; Signed Integer                              ;
; ap_delay_sample_2  ; 2131     ; Signed Integer                              ;
; ap_delay_sample_3  ; 2531     ; Signed Integer                              ;
; ap_delay_sample_4  ; 2663     ; Signed Integer                              ;
; fdn_delay_sample_0 ; 1423     ; Signed Integer                              ;
; fdn_delay_sample_1 ; 1787     ; Signed Integer                              ;
; fdn_delay_sample_2 ; 2131     ; Signed Integer                              ;
; fdn_delay_sample_3 ; 2531     ; Signed Integer                              ;
; fdn_gain           ; 01010000 ; Signed Binary                               ;
+--------------------+----------+---------------------------------------------+
Note: In order to hide this table in the UI and the text report file, please set the "Show Parameter Settings in Synthesis Report" option in "Analysis and Synthesis Settings -> More Settings" to "Off".


+---------------------------------------------------------------------------------------------------------+
; Parameter Settings for User Entity Instance: Top:top0|DSP:dsp|Reverb:Reverb|Schroeder_Allpass:allpass_0 ;
+----------------+-------+--------------------------------------------------------------------------------+
; Parameter Name ; Value ; Type                                                                           ;
+----------------+-------+--------------------------------------------------------------------------------+
; delay_sample   ; 1423  ; Signed Integer                                                                 ;
+----------------+-------+--------------------------------------------------------------------------------+
Note: In order to hide this table in the UI and the text report file, please set the "Show Parameter Settings in Synthesis Report" option in "Analysis and Synthesis Settings -> More Settings" to "Off".


+---------------------------------------------------------------------------------------------------------+
; Parameter Settings for User Entity Instance: Top:top0|DSP:dsp|Reverb:Reverb|Schroeder_Allpass:allpass_1 ;
+----------------+-------+--------------------------------------------------------------------------------+
; Parameter Name ; Value ; Type                                                                           ;
+----------------+-------+--------------------------------------------------------------------------------+
; delay_sample   ; 1787  ; Signed Integer                                                                 ;
+----------------+-------+--------------------------------------------------------------------------------+
Note: In order to hide this table in the UI and the text report file, please set the "Show Parameter Settings in Synthesis Report" option in "Analysis and Synthesis Settings -> More Settings" to "Off".


+---------------------------------------------------------------------------------------------------------+
; Parameter Settings for User Entity Instance: Top:top0|DSP:dsp|Reverb:Reverb|Schroeder_Allpass:allpass_2 ;
+----------------+-------+--------------------------------------------------------------------------------+
; Parameter Name ; Value ; Type                                                                           ;
+----------------+-------+--------------------------------------------------------------------------------+
; delay_sample   ; 2131  ; Signed Integer                                                                 ;
+----------------+-------+--------------------------------------------------------------------------------+
Note: In order to hide this table in the UI and the text report file, please set the "Show Parameter Settings in Synthesis Report" option in "Analysis and Synthesis Settings -> More Settings" to "Off".


+---------------------------------------------------------------------------------------------------------+
; Parameter Settings for User Entity Instance: Top:top0|DSP:dsp|Reverb:Reverb|Schroeder_Allpass:allpass_3 ;
+----------------+-------+--------------------------------------------------------------------------------+
; Parameter Name ; Value ; Type                                                                           ;
+----------------+-------+--------------------------------------------------------------------------------+
; delay_sample   ; 2531  ; Signed Integer                                                                 ;
+----------------+-------+--------------------------------------------------------------------------------+
Note: In order to hide this table in the UI and the text report file, please set the "Show Parameter Settings in Synthesis Report" option in "Analysis and Synthesis Settings -> More Settings" to "Off".


+---------------------------------------------------------------------------------------------------------+
; Parameter Settings for User Entity Instance: Top:top0|DSP:dsp|Reverb:Reverb|Schroeder_Allpass:allpass_4 ;
+----------------+-------+--------------------------------------------------------------------------------+
; Parameter Name ; Value ; Type                                                                           ;
+----------------+-------+--------------------------------------------------------------------------------+
; delay_sample   ; 2663  ; Signed Integer                                                                 ;
+----------------+-------+--------------------------------------------------------------------------------+
Note: In order to hide this table in the UI and the text report file, please set the "Show Parameter Settings in Synthesis Report" option in "Analysis and Synthesis Settings -> More Settings" to "Off".


+-----------------------------------------------------------------------------------------+
; Parameter Settings for User Entity Instance: Top:top0|DSP:dsp|Reverb:Reverb|FDN_4ch:fdn ;
+----------------+----------+-------------------------------------------------------------+
; Parameter Name ; Value    ; Type                                                        ;
+----------------+----------+-------------------------------------------------------------+
; delay_sample_0 ; 1423     ; Signed Integer                                              ;
; delay_sample_1 ; 1787     ; Signed Integer                                              ;
; delay_sample_2 ; 2131     ; Signed Integer                                              ;
; delay_sample_3 ; 2531     ; Signed Integer                                              ;
; gain           ; 01010000 ; Signed Binary                                               ;
+----------------+----------+-------------------------------------------------------------+
Note: In order to hide this table in the UI and the text report file, please set the "Show Parameter Settings in Synthesis Report" option in "Analysis and Synthesis Settings -> More Settings" to "Off".


+-------------------------------------------------------------------------------+
; Parameter Settings for User Entity Instance: Top:top0|DSP:dsp|Flanger:Flanger ;
+-------------------+-------+---------------------------------------------------+
; Parameter Name    ; Value ; Type                                              ;
+-------------------+-------+---------------------------------------------------+
; delay_upper_bound ; 1024  ; Signed Integer                                    ;
+-------------------+-------+---------------------------------------------------+
Note: In order to hide this table in the UI and the text report file, please set the "Show Parameter Settings in Synthesis Report" option in "Analysis and Synthesis Settings -> More Settings" to "Off".


+-----------------------------------------------------------------------------+
; Parameter Settings for User Entity Instance: Top:top0|DSP:dsp|Chorus:Chorus ;
+-------------------+-------+-------------------------------------------------+
; Parameter Name    ; Value ; Type                                            ;
+-------------------+-------+-------------------------------------------------+
; delay_upper_bound ; 4096  ; Signed Integer                                  ;
+-------------------+-------+-------------------------------------------------+
Note: In order to hide this table in the UI and the text report file, please set the "Show Parameter Settings in Synthesis Report" option in "Analysis and Synthesis Settings -> More Settings" to "Off".


+---------------------------------------------------------------------------------+
; Parameter Settings for User Entity Instance: Top:top0|DSP:dsp|Auto_Wah:Auto_Wah ;
+-------------------+-------+-----------------------------------------------------+
; Parameter Name    ; Value ; Type                                                ;
+-------------------+-------+-----------------------------------------------------+
; delay_upper_bound ; 1024  ; Signed Integer                                      ;
+-------------------+-------+-----------------------------------------------------+
Note: In order to hide this table in the UI and the text report file, please set the "Show Parameter Settings in Synthesis Report" option in "Analysis and Synthesis Settings -> More Settings" to "Off".


+-------------------------------------------------------------------------+
; Parameter Settings for User Entity Instance: SevenHexDecoder:seven_dec4 ;
+----------------+---------+----------------------------------------------+
; Parameter Name ; Value   ; Type                                         ;
+----------------+---------+----------------------------------------------+
; D0             ; 1000000 ; Unsigned Binary                              ;
; D1             ; 1111001 ; Unsigned Binary                              ;
; D2             ; 0100100 ; Unsigned Binary                              ;
; D3             ; 0110000 ; Unsigned Binary                              ;
; D4             ; 0011001 ; Unsigned Binary                              ;
; D5             ; 0010010 ; Unsigned Binary                              ;
; D6             ; 0000010 ; Unsigned Binary                              ;
; D7             ; 1111000 ; Unsigned Binary                              ;
; D8             ; 0000000 ; Unsigned Binary                              ;
; D9             ; 0010000 ; Unsigned Binary                              ;
+----------------+---------+----------------------------------------------+
Note: In order to hide this table in the UI and the text report file, please set the "Show Parameter Settings in Synthesis Report" option in "Analysis and Synthesis Settings -> More Settings" to "Off".


+-------------------------------------------------------------------------+
; Parameter Settings for User Entity Instance: SevenHexDecoder:seven_dec5 ;
+----------------+---------+----------------------------------------------+
; Parameter Name ; Value   ; Type                                         ;
+----------------+---------+----------------------------------------------+
; D0             ; 1000000 ; Unsigned Binary                              ;
; D1             ; 1111001 ; Unsigned Binary                              ;
; D2             ; 0100100 ; Unsigned Binary                              ;
; D3             ; 0110000 ; Unsigned Binary                              ;
; D4             ; 0011001 ; Unsigned Binary                              ;
; D5             ; 0010010 ; Unsigned Binary                              ;
; D6             ; 0000010 ; Unsigned Binary                              ;
; D7             ; 1111000 ; Unsigned Binary                              ;
; D8             ; 0000000 ; Unsigned Binary                              ;
; D9             ; 0010000 ; Unsigned Binary                              ;
+----------------+---------+----------------------------------------------+
Note: In order to hide this table in the UI and the text report file, please set the "Show Parameter Settings in Synthesis Report" option in "Analysis and Synthesis Settings -> More Settings" to "Off".


+-------------------------------------------------------------------------+
; Parameter Settings for User Entity Instance: SevenHexDecoder:seven_dec6 ;
+----------------+---------+----------------------------------------------+
; Parameter Name ; Value   ; Type                                         ;
+----------------+---------+----------------------------------------------+
; D0             ; 1000000 ; Unsigned Binary                              ;
; D1             ; 1111001 ; Unsigned Binary                              ;
; D2             ; 0100100 ; Unsigned Binary                              ;
; D3             ; 0110000 ; Unsigned Binary                              ;
; D4             ; 0011001 ; Unsigned Binary                              ;
; D5             ; 0010010 ; Unsigned Binary                              ;
; D6             ; 0000010 ; Unsigned Binary                              ;
; D7             ; 1111000 ; Unsigned Binary                              ;
; D8             ; 0000000 ; Unsigned Binary                              ;
; D9             ; 0010000 ; Unsigned Binary                              ;
+----------------+---------+----------------------------------------------+
Note: In order to hide this table in the UI and the text report file, please set the "Show Parameter Settings in Synthesis Report" option in "Analysis and Synthesis Settings -> More Settings" to "Off".


+-------------------------------------------------------------------------+
; Parameter Settings for User Entity Instance: SevenHexDecoder:seven_dec7 ;
+----------------+---------+----------------------------------------------+
; Parameter Name ; Value   ; Type                                         ;
+----------------+---------+----------------------------------------------+
; D0             ; 1000000 ; Unsigned Binary                              ;
; D1             ; 1111001 ; Unsigned Binary                              ;
; D2             ; 0100100 ; Unsigned Binary                              ;
; D3             ; 0110000 ; Unsigned Binary                              ;
; D4             ; 0011001 ; Unsigned Binary                              ;
; D5             ; 0010010 ; Unsigned Binary                              ;
; D6             ; 0000010 ; Unsigned Binary                              ;
; D7             ; 1111000 ; Unsigned Binary                              ;
; D8             ; 0000000 ; Unsigned Binary                              ;
; D9             ; 0010000 ; Unsigned Binary                              ;
+----------------+---------+----------------------------------------------+
Note: In order to hide this table in the UI and the text report file, please set the "Show Parameter Settings in Synthesis Report" option in "Analysis and Synthesis Settings -> More Settings" to "Off".


+-------------------------------------------------------------------------+
; Parameter Settings for User Entity Instance: SevenHexDecoder:seven_dec0 ;
+----------------+---------+----------------------------------------------+
; Parameter Name ; Value   ; Type                                         ;
+----------------+---------+----------------------------------------------+
; D0             ; 1000000 ; Unsigned Binary                              ;
; D1             ; 1111001 ; Unsigned Binary                              ;
; D2             ; 0100100 ; Unsigned Binary                              ;
; D3             ; 0110000 ; Unsigned Binary                              ;
; D4             ; 0011001 ; Unsigned Binary                              ;
; D5             ; 0010010 ; Unsigned Binary                              ;
; D6             ; 0000010 ; Unsigned Binary                              ;
; D7             ; 1111000 ; Unsigned Binary                              ;
; D8             ; 0000000 ; Unsigned Binary                              ;
; D9             ; 0010000 ; Unsigned Binary                              ;
+----------------+---------+----------------------------------------------+
Note: In order to hide this table in the UI and the text report file, please set the "Show Parameter Settings in Synthesis Report" option in "Analysis and Synthesis Settings -> More Settings" to "Off".


+-------------------------------------------------------------------------+
; Parameter Settings for User Entity Instance: SevenHexDecoder:seven_dec1 ;
+----------------+---------+----------------------------------------------+
; Parameter Name ; Value   ; Type                                         ;
+----------------+---------+----------------------------------------------+
; D0             ; 1000000 ; Unsigned Binary                              ;
; D1             ; 1111001 ; Unsigned Binary                              ;
; D2             ; 0100100 ; Unsigned Binary                              ;
; D3             ; 0110000 ; Unsigned Binary                              ;
; D4             ; 0011001 ; Unsigned Binary                              ;
; D5             ; 0010010 ; Unsigned Binary                              ;
; D6             ; 0000010 ; Unsigned Binary                              ;
; D7             ; 1111000 ; Unsigned Binary                              ;
; D8             ; 0000000 ; Unsigned Binary                              ;
; D9             ; 0010000 ; Unsigned Binary                              ;
+----------------+---------+----------------------------------------------+
Note: In order to hide this table in the UI and the text report file, please set the "Show Parameter Settings in Synthesis Report" option in "Analysis and Synthesis Settings -> More Settings" to "Off".


+-----------------------------------------------------------------------------------------------------+
; Parameter Settings for Inferred Entity Instance: Top:top0|Buffer:buffer|altsyncram:buf_data_r_rtl_0 ;
+------------------------------------+----------------------+-----------------------------------------+
; Parameter Name                     ; Value                ; Type                                    ;
+------------------------------------+----------------------+-----------------------------------------+
; BYTE_SIZE_BLOCK                    ; 8                    ; Untyped                                 ;
; AUTO_CARRY_CHAINS                  ; ON                   ; AUTO_CARRY                              ;
; IGNORE_CARRY_BUFFERS               ; OFF                  ; IGNORE_CARRY                            ;
; AUTO_CASCADE_CHAINS                ; ON                   ; AUTO_CASCADE                            ;
; IGNORE_CASCADE_BUFFERS             ; OFF                  ; IGNORE_CASCADE                          ;
; WIDTH_BYTEENA                      ; 1                    ; Untyped                                 ;
; OPERATION_MODE                     ; DUAL_PORT            ; Untyped                                 ;
; WIDTH_A                            ; 16                   ; Untyped                                 ;
; WIDTHAD_A                          ; 4                    ; Untyped                                 ;
; NUMWORDS_A                         ; 16                   ; Untyped                                 ;
; OUTDATA_REG_A                      ; UNREGISTERED         ; Untyped                                 ;
; ADDRESS_ACLR_A                     ; NONE                 ; Untyped                                 ;
; OUTDATA_ACLR_A                     ; NONE                 ; Untyped                                 ;
; WRCONTROL_ACLR_A                   ; NONE                 ; Untyped                                 ;
; INDATA_ACLR_A                      ; NONE                 ; Untyped                                 ;
; BYTEENA_ACLR_A                     ; NONE                 ; Untyped                                 ;
; WIDTH_B                            ; 16                   ; Untyped                                 ;
; WIDTHAD_B                          ; 4                    ; Untyped                                 ;
; NUMWORDS_B                         ; 16                   ; Untyped                                 ;
; INDATA_REG_B                       ; CLOCK1               ; Untyped                                 ;
; WRCONTROL_WRADDRESS_REG_B          ; CLOCK1               ; Untyped                                 ;
; RDCONTROL_REG_B                    ; CLOCK1               ; Untyped                                 ;
; ADDRESS_REG_B                      ; CLOCK0               ; Untyped                                 ;
; OUTDATA_REG_B                      ; UNREGISTERED         ; Untyped                                 ;
; BYTEENA_REG_B                      ; CLOCK1               ; Untyped                                 ;
; INDATA_ACLR_B                      ; NONE                 ; Untyped                                 ;
; WRCONTROL_ACLR_B                   ; NONE                 ; Untyped                                 ;
; ADDRESS_ACLR_B                     ; NONE                 ; Untyped                                 ;
; OUTDATA_ACLR_B                     ; NONE                 ; Untyped                                 ;
; RDCONTROL_ACLR_B                   ; NONE                 ; Untyped                                 ;
; BYTEENA_ACLR_B                     ; NONE                 ; Untyped                                 ;
; WIDTH_BYTEENA_A                    ; 1                    ; Untyped                                 ;
; WIDTH_BYTEENA_B                    ; 1                    ; Untyped                                 ;
; RAM_BLOCK_TYPE                     ; AUTO                 ; Untyped                                 ;
; BYTE_SIZE                          ; 8                    ; Untyped                                 ;
; READ_DURING_WRITE_MODE_MIXED_PORTS ; OLD_DATA             ; Untyped                                 ;
; READ_DURING_WRITE_MODE_PORT_A      ; NEW_DATA_NO_NBE_READ ; Untyped                                 ;
; READ_DURING_WRITE_MODE_PORT_B      ; NEW_DATA_NO_NBE_READ ; Untyped                                 ;
; INIT_FILE                          ; UNUSED               ; Untyped                                 ;
; INIT_FILE_LAYOUT                   ; PORT_A               ; Untyped                                 ;
; MAXIMUM_DEPTH                      ; 0                    ; Untyped                                 ;
; CLOCK_ENABLE_INPUT_A               ; NORMAL               ; Untyped                                 ;
; CLOCK_ENABLE_INPUT_B               ; NORMAL               ; Untyped                                 ;
; CLOCK_ENABLE_OUTPUT_A              ; NORMAL               ; Untyped                                 ;
; CLOCK_ENABLE_OUTPUT_B              ; NORMAL               ; Untyped                                 ;
; CLOCK_ENABLE_CORE_A                ; USE_INPUT_CLKEN      ; Untyped                                 ;
; CLOCK_ENABLE_CORE_B                ; USE_INPUT_CLKEN      ; Untyped                                 ;
; ENABLE_ECC                         ; FALSE                ; Untyped                                 ;
; ECC_PIPELINE_STAGE_ENABLED         ; FALSE                ; Untyped                                 ;
; WIDTH_ECCSTATUS                    ; 3                    ; Untyped                                 ;
; DEVICE_FAMILY                      ; Cyclone IV E         ; Untyped                                 ;
; CBXI_PARAMETER                     ; altsyncram_rbi1      ; Untyped                                 ;
+------------------------------------+----------------------+-----------------------------------------+
Note: In order to hide this table in the UI and the text report file, please set the "Show Parameter Settings in Synthesis Report" option in "Analysis and Synthesis Settings -> More Settings" to "Off".


+-----------------------------------------------------------------------------------------------------+
; Parameter Settings for Inferred Entity Instance: Top:top0|Buffer:buffer|altsyncram:buf_data_l_rtl_0 ;
+------------------------------------+----------------------+-----------------------------------------+
; Parameter Name                     ; Value                ; Type                                    ;
+------------------------------------+----------------------+-----------------------------------------+
; BYTE_SIZE_BLOCK                    ; 8                    ; Untyped                                 ;
; AUTO_CARRY_CHAINS                  ; ON                   ; AUTO_CARRY                              ;
; IGNORE_CARRY_BUFFERS               ; OFF                  ; IGNORE_CARRY                            ;
; AUTO_CASCADE_CHAINS                ; ON                   ; AUTO_CASCADE                            ;
; IGNORE_CASCADE_BUFFERS             ; OFF                  ; IGNORE_CASCADE                          ;
; WIDTH_BYTEENA                      ; 1                    ; Untyped                                 ;
; OPERATION_MODE                     ; DUAL_PORT            ; Untyped                                 ;
; WIDTH_A                            ; 16                   ; Untyped                                 ;
; WIDTHAD_A                          ; 4                    ; Untyped                                 ;
; NUMWORDS_A                         ; 16                   ; Untyped                                 ;
; OUTDATA_REG_A                      ; UNREGISTERED         ; Untyped                                 ;
; ADDRESS_ACLR_A                     ; NONE                 ; Untyped                                 ;
; OUTDATA_ACLR_A                     ; NONE                 ; Untyped                                 ;
; WRCONTROL_ACLR_A                   ; NONE                 ; Untyped                                 ;
; INDATA_ACLR_A                      ; NONE                 ; Untyped                                 ;
; BYTEENA_ACLR_A                     ; NONE                 ; Untyped                                 ;
; WIDTH_B                            ; 16                   ; Untyped                                 ;
; WIDTHAD_B                          ; 4                    ; Untyped                                 ;
; NUMWORDS_B                         ; 16                   ; Untyped                                 ;
; INDATA_REG_B                       ; CLOCK1               ; Untyped                                 ;
; WRCONTROL_WRADDRESS_REG_B          ; CLOCK1               ; Untyped                                 ;
; RDCONTROL_REG_B                    ; CLOCK1               ; Untyped                                 ;
; ADDRESS_REG_B                      ; CLOCK0               ; Untyped                                 ;
; OUTDATA_REG_B                      ; UNREGISTERED         ; Untyped                                 ;
; BYTEENA_REG_B                      ; CLOCK1               ; Untyped                                 ;
; INDATA_ACLR_B                      ; NONE                 ; Untyped                                 ;
; WRCONTROL_ACLR_B                   ; NONE                 ; Untyped                                 ;
; ADDRESS_ACLR_B                     ; NONE                 ; Untyped                                 ;
; OUTDATA_ACLR_B                     ; NONE                 ; Untyped                                 ;
; RDCONTROL_ACLR_B                   ; NONE                 ; Untyped                                 ;
; BYTEENA_ACLR_B                     ; NONE                 ; Untyped                                 ;
; WIDTH_BYTEENA_A                    ; 1                    ; Untyped                                 ;
; WIDTH_BYTEENA_B                    ; 1                    ; Untyped                                 ;
; RAM_BLOCK_TYPE                     ; AUTO                 ; Untyped                                 ;
; BYTE_SIZE                          ; 8                    ; Untyped                                 ;
; READ_DURING_WRITE_MODE_MIXED_PORTS ; OLD_DATA             ; Untyped                                 ;
; READ_DURING_WRITE_MODE_PORT_A      ; NEW_DATA_NO_NBE_READ ; Untyped                                 ;
; READ_DURING_WRITE_MODE_PORT_B      ; NEW_DATA_NO_NBE_READ ; Untyped                                 ;
; INIT_FILE                          ; UNUSED               ; Untyped                                 ;
; INIT_FILE_LAYOUT                   ; PORT_A               ; Untyped                                 ;
; MAXIMUM_DEPTH                      ; 0                    ; Untyped                                 ;
; CLOCK_ENABLE_INPUT_A               ; NORMAL               ; Untyped                                 ;
; CLOCK_ENABLE_INPUT_B               ; NORMAL               ; Untyped                                 ;
; CLOCK_ENABLE_OUTPUT_A              ; NORMAL               ; Untyped                                 ;
; CLOCK_ENABLE_OUTPUT_B              ; NORMAL               ; Untyped                                 ;
; CLOCK_ENABLE_CORE_A                ; USE_INPUT_CLKEN      ; Untyped                                 ;
; CLOCK_ENABLE_CORE_B                ; USE_INPUT_CLKEN      ; Untyped                                 ;
; ENABLE_ECC                         ; FALSE                ; Untyped                                 ;
; ECC_PIPELINE_STAGE_ENABLED         ; FALSE                ; Untyped                                 ;
; WIDTH_ECCSTATUS                    ; 3                    ; Untyped                                 ;
; DEVICE_FAMILY                      ; Cyclone IV E         ; Untyped                                 ;
; CBXI_PARAMETER                     ; altsyncram_rbi1      ; Untyped                                 ;
+------------------------------------+----------------------+-----------------------------------------+
Note: In order to hide this table in the UI and the text report file, please set the "Show Parameter Settings in Synthesis Report" option in "Analysis and Synthesis Settings -> More Settings" to "Off".


+--------------------------------------------------------------------------------------------------------------+
; Parameter Settings for Inferred Entity Instance: Top:top0|DSP:dsp|Chorus:Chorus|altsyncram:data_buffer_rtl_0 ;
+------------------------------------+----------------------+--------------------------------------------------+
; Parameter Name                     ; Value                ; Type                                             ;
+------------------------------------+----------------------+--------------------------------------------------+
; BYTE_SIZE_BLOCK                    ; 8                    ; Untyped                                          ;
; AUTO_CARRY_CHAINS                  ; ON                   ; AUTO_CARRY                                       ;
; IGNORE_CARRY_BUFFERS               ; OFF                  ; IGNORE_CARRY                                     ;
; AUTO_CASCADE_CHAINS                ; ON                   ; AUTO_CASCADE                                     ;
; IGNORE_CASCADE_BUFFERS             ; OFF                  ; IGNORE_CASCADE                                   ;
; WIDTH_BYTEENA                      ; 1                    ; Untyped                                          ;
; OPERATION_MODE                     ; DUAL_PORT            ; Untyped                                          ;
; WIDTH_A                            ; 16                   ; Untyped                                          ;
; WIDTHAD_A                          ; 12                   ; Untyped                                          ;
; NUMWORDS_A                         ; 4096                 ; Untyped                                          ;
; OUTDATA_REG_A                      ; UNREGISTERED         ; Untyped                                          ;
; ADDRESS_ACLR_A                     ; NONE                 ; Untyped                                          ;
; OUTDATA_ACLR_A                     ; NONE                 ; Untyped                                          ;
; WRCONTROL_ACLR_A                   ; NONE                 ; Untyped                                          ;
; INDATA_ACLR_A                      ; NONE                 ; Untyped                                          ;
; BYTEENA_ACLR_A                     ; NONE                 ; Untyped                                          ;
; WIDTH_B                            ; 16                   ; Untyped                                          ;
; WIDTHAD_B                          ; 12                   ; Untyped                                          ;
; NUMWORDS_B                         ; 4096                 ; Untyped                                          ;
; INDATA_REG_B                       ; CLOCK1               ; Untyped                                          ;
; WRCONTROL_WRADDRESS_REG_B          ; CLOCK1               ; Untyped                                          ;
; RDCONTROL_REG_B                    ; CLOCK1               ; Untyped                                          ;
; ADDRESS_REG_B                      ; CLOCK1               ; Untyped                                          ;
; OUTDATA_REG_B                      ; UNREGISTERED         ; Untyped                                          ;
; BYTEENA_REG_B                      ; CLOCK1               ; Untyped                                          ;
; INDATA_ACLR_B                      ; NONE                 ; Untyped                                          ;
; WRCONTROL_ACLR_B                   ; NONE                 ; Untyped                                          ;
; ADDRESS_ACLR_B                     ; NONE                 ; Untyped                                          ;
; OUTDATA_ACLR_B                     ; NONE                 ; Untyped                                          ;
; RDCONTROL_ACLR_B                   ; NONE                 ; Untyped                                          ;
; BYTEENA_ACLR_B                     ; NONE                 ; Untyped                                          ;
; WIDTH_BYTEENA_A                    ; 1                    ; Untyped                                          ;
; WIDTH_BYTEENA_B                    ; 1                    ; Untyped                                          ;
; RAM_BLOCK_TYPE                     ; AUTO                 ; Untyped                                          ;
; BYTE_SIZE                          ; 8                    ; Untyped                                          ;
; READ_DURING_WRITE_MODE_MIXED_PORTS ; DONT_CARE            ; Untyped                                          ;
; READ_DURING_WRITE_MODE_PORT_A      ; NEW_DATA_NO_NBE_READ ; Untyped                                          ;
; READ_DURING_WRITE_MODE_PORT_B      ; NEW_DATA_NO_NBE_READ ; Untyped                                          ;
; INIT_FILE                          ; UNUSED               ; Untyped                                          ;
; INIT_FILE_LAYOUT                   ; PORT_A               ; Untyped                                          ;
; MAXIMUM_DEPTH                      ; 0                    ; Untyped                                          ;
; CLOCK_ENABLE_INPUT_A               ; NORMAL               ; Untyped                                          ;
; CLOCK_ENABLE_INPUT_B               ; NORMAL               ; Untyped                                          ;
; CLOCK_ENABLE_OUTPUT_A              ; NORMAL               ; Untyped                                          ;
; CLOCK_ENABLE_OUTPUT_B              ; NORMAL               ; Untyped                                          ;
; CLOCK_ENABLE_CORE_A                ; USE_INPUT_CLKEN      ; Untyped                                          ;
; CLOCK_ENABLE_CORE_B                ; USE_INPUT_CLKEN      ; Untyped                                          ;
; ENABLE_ECC                         ; FALSE                ; Untyped                                          ;
; ECC_PIPELINE_STAGE_ENABLED         ; FALSE                ; Untyped                                          ;
; WIDTH_ECCSTATUS                    ; 3                    ; Untyped                                          ;
; DEVICE_FAMILY                      ; Cyclone IV E         ; Untyped                                          ;
; CBXI_PARAMETER                     ; altsyncram_03e1      ; Untyped                                          ;
+------------------------------------+----------------------+--------------------------------------------------+
Note: In order to hide this table in the UI and the text report file, please set the "Show Parameter Settings in Synthesis Report" option in "Analysis and Synthesis Settings -> More Settings" to "Off".


+--------------------------------------------------------------------------------------------------------------+
; Parameter Settings for Inferred Entity Instance: Top:top0|DSP:dsp|Chorus:Chorus|altsyncram:data_buffer_rtl_1 ;
+------------------------------------+----------------------+--------------------------------------------------+
; Parameter Name                     ; Value                ; Type                                             ;
+------------------------------------+----------------------+--------------------------------------------------+
; BYTE_SIZE_BLOCK                    ; 8                    ; Untyped                                          ;
; AUTO_CARRY_CHAINS                  ; ON                   ; AUTO_CARRY                                       ;
; IGNORE_CARRY_BUFFERS               ; OFF                  ; IGNORE_CARRY                                     ;
; AUTO_CASCADE_CHAINS                ; ON                   ; AUTO_CASCADE                                     ;
; IGNORE_CASCADE_BUFFERS             ; OFF                  ; IGNORE_CASCADE                                   ;
; WIDTH_BYTEENA                      ; 1                    ; Untyped                                          ;
; OPERATION_MODE                     ; DUAL_PORT            ; Untyped                                          ;
; WIDTH_A                            ; 16                   ; Untyped                                          ;
; WIDTHAD_A                          ; 12                   ; Untyped                                          ;
; NUMWORDS_A                         ; 4096                 ; Untyped                                          ;
; OUTDATA_REG_A                      ; UNREGISTERED         ; Untyped                                          ;
; ADDRESS_ACLR_A                     ; NONE                 ; Untyped                                          ;
; OUTDATA_ACLR_A                     ; NONE                 ; Untyped                                          ;
; WRCONTROL_ACLR_A                   ; NONE                 ; Untyped                                          ;
; INDATA_ACLR_A                      ; NONE                 ; Untyped                                          ;
; BYTEENA_ACLR_A                     ; NONE                 ; Untyped                                          ;
; WIDTH_B                            ; 16                   ; Untyped                                          ;
; WIDTHAD_B                          ; 12                   ; Untyped                                          ;
; NUMWORDS_B                         ; 4096                 ; Untyped                                          ;
; INDATA_REG_B                       ; CLOCK1               ; Untyped                                          ;
; WRCONTROL_WRADDRESS_REG_B          ; CLOCK1               ; Untyped                                          ;
; RDCONTROL_REG_B                    ; CLOCK1               ; Untyped                                          ;
; ADDRESS_REG_B                      ; CLOCK1               ; Untyped                                          ;
; OUTDATA_REG_B                      ; UNREGISTERED         ; Untyped                                          ;
; BYTEENA_REG_B                      ; CLOCK1               ; Untyped                                          ;
; INDATA_ACLR_B                      ; NONE                 ; Untyped                                          ;
; WRCONTROL_ACLR_B                   ; NONE                 ; Untyped                                          ;
; ADDRESS_ACLR_B                     ; NONE                 ; Untyped                                          ;
; OUTDATA_ACLR_B                     ; NONE                 ; Untyped                                          ;
; RDCONTROL_ACLR_B                   ; NONE                 ; Untyped                                          ;
; BYTEENA_ACLR_B                     ; NONE                 ; Untyped                                          ;
; WIDTH_BYTEENA_A                    ; 1                    ; Untyped                                          ;
; WIDTH_BYTEENA_B                    ; 1                    ; Untyped                                          ;
; RAM_BLOCK_TYPE                     ; AUTO                 ; Untyped                                          ;
; BYTE_SIZE                          ; 8                    ; Untyped                                          ;
; READ_DURING_WRITE_MODE_MIXED_PORTS ; DONT_CARE            ; Untyped                                          ;
; READ_DURING_WRITE_MODE_PORT_A      ; NEW_DATA_NO_NBE_READ ; Untyped                                          ;
; READ_DURING_WRITE_MODE_PORT_B      ; NEW_DATA_NO_NBE_READ ; Untyped                                          ;
; INIT_FILE                          ; UNUSED               ; Untyped                                          ;
; INIT_FILE_LAYOUT                   ; PORT_A               ; Untyped                                          ;
; MAXIMUM_DEPTH                      ; 0                    ; Untyped                                          ;
; CLOCK_ENABLE_INPUT_A               ; NORMAL               ; Untyped                                          ;
; CLOCK_ENABLE_INPUT_B               ; NORMAL               ; Untyped                                          ;
; CLOCK_ENABLE_OUTPUT_A              ; NORMAL               ; Untyped                                          ;
; CLOCK_ENABLE_OUTPUT_B              ; NORMAL               ; Untyped                                          ;
; CLOCK_ENABLE_CORE_A                ; USE_INPUT_CLKEN      ; Untyped                                          ;
; CLOCK_ENABLE_CORE_B                ; USE_INPUT_CLKEN      ; Untyped                                          ;
; ENABLE_ECC                         ; FALSE                ; Untyped                                          ;
; ECC_PIPELINE_STAGE_ENABLED         ; FALSE                ; Untyped                                          ;
; WIDTH_ECCSTATUS                    ; 3                    ; Untyped                                          ;
; DEVICE_FAMILY                      ; Cyclone IV E         ; Untyped                                          ;
; CBXI_PARAMETER                     ; altsyncram_03e1      ; Untyped                                          ;
+------------------------------------+----------------------+--------------------------------------------------+
Note: In order to hide this table in the UI and the text report file, please set the "Show Parameter Settings in Synthesis Report" option in "Analysis and Synthesis Settings -> More Settings" to "Off".


+-------------------------------------------------------------------------------------------------------------------------+
; Parameter Settings for Inferred Entity Instance: Top:top0|DSP:dsp|Reverb:Reverb|FDN_4ch:fdn|altsyncram:ch1_buffer_rtl_0 ;
+------------------------------------+----------------------+-------------------------------------------------------------+
; Parameter Name                     ; Value                ; Type                                                        ;
+------------------------------------+----------------------+-------------------------------------------------------------+
; BYTE_SIZE_BLOCK                    ; 8                    ; Untyped                                                     ;
; AUTO_CARRY_CHAINS                  ; ON                   ; AUTO_CARRY                                                  ;
; IGNORE_CARRY_BUFFERS               ; OFF                  ; IGNORE_CARRY                                                ;
; AUTO_CASCADE_CHAINS                ; ON                   ; AUTO_CASCADE                                                ;
; IGNORE_CASCADE_BUFFERS             ; OFF                  ; IGNORE_CASCADE                                              ;
; WIDTH_BYTEENA                      ; 1                    ; Untyped                                                     ;
; OPERATION_MODE                     ; DUAL_PORT            ; Untyped                                                     ;
; WIDTH_A                            ; 16                   ; Untyped                                                     ;
; WIDTHAD_A                          ; 11                   ; Untyped                                                     ;
; NUMWORDS_A                         ; 1787                 ; Untyped                                                     ;
; OUTDATA_REG_A                      ; UNREGISTERED         ; Untyped                                                     ;
; ADDRESS_ACLR_A                     ; NONE                 ; Untyped                                                     ;
; OUTDATA_ACLR_A                     ; NONE                 ; Untyped                                                     ;
; WRCONTROL_ACLR_A                   ; NONE                 ; Untyped                                                     ;
; INDATA_ACLR_A                      ; NONE                 ; Untyped                                                     ;
; BYTEENA_ACLR_A                     ; NONE                 ; Untyped                                                     ;
; WIDTH_B                            ; 16                   ; Untyped                                                     ;
; WIDTHAD_B                          ; 11                   ; Untyped                                                     ;
; NUMWORDS_B                         ; 1787                 ; Untyped                                                     ;
; INDATA_REG_B                       ; CLOCK1               ; Untyped                                                     ;
; WRCONTROL_WRADDRESS_REG_B          ; CLOCK1               ; Untyped                                                     ;
; RDCONTROL_REG_B                    ; CLOCK1               ; Untyped                                                     ;
; ADDRESS_REG_B                      ; CLOCK0               ; Untyped                                                     ;
; OUTDATA_REG_B                      ; UNREGISTERED         ; Untyped                                                     ;
; BYTEENA_REG_B                      ; CLOCK1               ; Untyped                                                     ;
; INDATA_ACLR_B                      ; NONE                 ; Untyped                                                     ;
; WRCONTROL_ACLR_B                   ; NONE                 ; Untyped                                                     ;
; ADDRESS_ACLR_B                     ; NONE                 ; Untyped                                                     ;
; OUTDATA_ACLR_B                     ; NONE                 ; Untyped                                                     ;
; RDCONTROL_ACLR_B                   ; NONE                 ; Untyped                                                     ;
; BYTEENA_ACLR_B                     ; NONE                 ; Untyped                                                     ;
; WIDTH_BYTEENA_A                    ; 1                    ; Untyped                                                     ;
; WIDTH_BYTEENA_B                    ; 1                    ; Untyped                                                     ;
; RAM_BLOCK_TYPE                     ; AUTO                 ; Untyped                                                     ;
; BYTE_SIZE                          ; 8                    ; Untyped                                                     ;
; READ_DURING_WRITE_MODE_MIXED_PORTS ; OLD_DATA             ; Untyped                                                     ;
; READ_DURING_WRITE_MODE_PORT_A      ; NEW_DATA_NO_NBE_READ ; Untyped                                                     ;
; READ_DURING_WRITE_MODE_PORT_B      ; NEW_DATA_NO_NBE_READ ; Untyped                                                     ;
; INIT_FILE                          ; UNUSED               ; Untyped                                                     ;
; INIT_FILE_LAYOUT                   ; PORT_A               ; Untyped                                                     ;
; MAXIMUM_DEPTH                      ; 0                    ; Untyped                                                     ;
; CLOCK_ENABLE_INPUT_A               ; NORMAL               ; Untyped                                                     ;
; CLOCK_ENABLE_INPUT_B               ; NORMAL               ; Untyped                                                     ;
; CLOCK_ENABLE_OUTPUT_A              ; NORMAL               ; Untyped                                                     ;
; CLOCK_ENABLE_OUTPUT_B              ; NORMAL               ; Untyped                                                     ;
; CLOCK_ENABLE_CORE_A                ; USE_INPUT_CLKEN      ; Untyped                                                     ;
; CLOCK_ENABLE_CORE_B                ; USE_INPUT_CLKEN      ; Untyped                                                     ;
; ENABLE_ECC                         ; FALSE                ; Untyped                                                     ;
; ECC_PIPELINE_STAGE_ENABLED         ; FALSE                ; Untyped                                                     ;
; WIDTH_ECCSTATUS                    ; 3                    ; Untyped                                                     ;
; DEVICE_FAMILY                      ; Cyclone IV E         ; Untyped                                                     ;
; CBXI_PARAMETER                     ; altsyncram_nli1      ; Untyped                                                     ;
+------------------------------------+----------------------+-------------------------------------------------------------+
Note: In order to hide this table in the UI and the text report file, please set the "Show Parameter Settings in Synthesis Report" option in "Analysis and Synthesis Settings -> More Settings" to "Off".


+-------------------------------------------------------------------------------------------------------------------------+
; Parameter Settings for Inferred Entity Instance: Top:top0|DSP:dsp|Reverb:Reverb|FDN_4ch:fdn|altsyncram:ch0_buffer_rtl_0 ;
+------------------------------------+----------------------+-------------------------------------------------------------+
; Parameter Name                     ; Value                ; Type                                                        ;
+------------------------------------+----------------------+-------------------------------------------------------------+
; BYTE_SIZE_BLOCK                    ; 8                    ; Untyped                                                     ;
; AUTO_CARRY_CHAINS                  ; ON                   ; AUTO_CARRY                                                  ;
; IGNORE_CARRY_BUFFERS               ; OFF                  ; IGNORE_CARRY                                                ;
; AUTO_CASCADE_CHAINS                ; ON                   ; AUTO_CASCADE                                                ;
; IGNORE_CASCADE_BUFFERS             ; OFF                  ; IGNORE_CASCADE                                              ;
; WIDTH_BYTEENA                      ; 1                    ; Untyped                                                     ;
; OPERATION_MODE                     ; DUAL_PORT            ; Untyped                                                     ;
; WIDTH_A                            ; 16                   ; Untyped                                                     ;
; WIDTHAD_A                          ; 11                   ; Untyped                                                     ;
; NUMWORDS_A                         ; 1423                 ; Untyped                                                     ;
; OUTDATA_REG_A                      ; UNREGISTERED         ; Untyped                                                     ;
; ADDRESS_ACLR_A                     ; NONE                 ; Untyped                                                     ;
; OUTDATA_ACLR_A                     ; NONE                 ; Untyped                                                     ;
; WRCONTROL_ACLR_A                   ; NONE                 ; Untyped                                                     ;
; INDATA_ACLR_A                      ; NONE                 ; Untyped                                                     ;
; BYTEENA_ACLR_A                     ; NONE                 ; Untyped                                                     ;
; WIDTH_B                            ; 16                   ; Untyped                                                     ;
; WIDTHAD_B                          ; 11                   ; Untyped                                                     ;
; NUMWORDS_B                         ; 1423                 ; Untyped                                                     ;
; INDATA_REG_B                       ; CLOCK1               ; Untyped                                                     ;
; WRCONTROL_WRADDRESS_REG_B          ; CLOCK1               ; Untyped                                                     ;
; RDCONTROL_REG_B                    ; CLOCK1               ; Untyped                                                     ;
; ADDRESS_REG_B                      ; CLOCK0               ; Untyped                                                     ;
; OUTDATA_REG_B                      ; UNREGISTERED         ; Untyped                                                     ;
; BYTEENA_REG_B                      ; CLOCK1               ; Untyped                                                     ;
; INDATA_ACLR_B                      ; NONE                 ; Untyped                                                     ;
; WRCONTROL_ACLR_B                   ; NONE                 ; Untyped                                                     ;
; ADDRESS_ACLR_B                     ; NONE                 ; Untyped                                                     ;
; OUTDATA_ACLR_B                     ; NONE                 ; Untyped                                                     ;
; RDCONTROL_ACLR_B                   ; NONE                 ; Untyped                                                     ;
; BYTEENA_ACLR_B                     ; NONE                 ; Untyped                                                     ;
; WIDTH_BYTEENA_A                    ; 1                    ; Untyped                                                     ;
; WIDTH_BYTEENA_B                    ; 1                    ; Untyped                                                     ;
; RAM_BLOCK_TYPE                     ; AUTO                 ; Untyped                                                     ;
; BYTE_SIZE                          ; 8                    ; Untyped                                                     ;
; READ_DURING_WRITE_MODE_MIXED_PORTS ; OLD_DATA             ; Untyped                                                     ;
; READ_DURING_WRITE_MODE_PORT_A      ; NEW_DATA_NO_NBE_READ ; Untyped                                                     ;
; READ_DURING_WRITE_MODE_PORT_B      ; NEW_DATA_NO_NBE_READ ; Untyped                                                     ;
; INIT_FILE                          ; UNUSED               ; Untyped                                                     ;
; INIT_FILE_LAYOUT                   ; PORT_A               ; Untyped                                                     ;
; MAXIMUM_DEPTH                      ; 0                    ; Untyped                                                     ;
; CLOCK_ENABLE_INPUT_A               ; NORMAL               ; Untyped                                                     ;
; CLOCK_ENABLE_INPUT_B               ; NORMAL               ; Untyped                                                     ;
; CLOCK_ENABLE_OUTPUT_A              ; NORMAL               ; Untyped                                                     ;
; CLOCK_ENABLE_OUTPUT_B              ; NORMAL               ; Untyped                                                     ;
; CLOCK_ENABLE_CORE_A                ; USE_INPUT_CLKEN      ; Untyped                                                     ;
; CLOCK_ENABLE_CORE_B                ; USE_INPUT_CLKEN      ; Untyped                                                     ;
; ENABLE_ECC                         ; FALSE                ; Untyped                                                     ;
; ECC_PIPELINE_STAGE_ENABLED         ; FALSE                ; Untyped                                                     ;
; WIDTH_ECCSTATUS                    ; 3                    ; Untyped                                                     ;
; DEVICE_FAMILY                      ; Cyclone IV E         ; Untyped                                                     ;
; CBXI_PARAMETER                     ; altsyncram_tki1      ; Untyped                                                     ;
+------------------------------------+----------------------+-------------------------------------------------------------+
Note: In order to hide this table in the UI and the text report file, please set the "Show Parameter Settings in Synthesis Report" option in "Analysis and Synthesis Settings -> More Settings" to "Off".


+-------------------------------------------------------------------------------------------------------------------------+
; Parameter Settings for Inferred Entity Instance: Top:top0|DSP:dsp|Reverb:Reverb|FDN_4ch:fdn|altsyncram:ch2_buffer_rtl_0 ;
+------------------------------------+----------------------+-------------------------------------------------------------+
; Parameter Name                     ; Value                ; Type                                                        ;
+------------------------------------+----------------------+-------------------------------------------------------------+
; BYTE_SIZE_BLOCK                    ; 8                    ; Untyped                                                     ;
; AUTO_CARRY_CHAINS                  ; ON                   ; AUTO_CARRY                                                  ;
; IGNORE_CARRY_BUFFERS               ; OFF                  ; IGNORE_CARRY                                                ;
; AUTO_CASCADE_CHAINS                ; ON                   ; AUTO_CASCADE                                                ;
; IGNORE_CASCADE_BUFFERS             ; OFF                  ; IGNORE_CASCADE                                              ;
; WIDTH_BYTEENA                      ; 1                    ; Untyped                                                     ;
; OPERATION_MODE                     ; DUAL_PORT            ; Untyped                                                     ;
; WIDTH_A                            ; 16                   ; Untyped                                                     ;
; WIDTHAD_A                          ; 12                   ; Untyped                                                     ;
; NUMWORDS_A                         ; 2131                 ; Untyped                                                     ;
; OUTDATA_REG_A                      ; UNREGISTERED         ; Untyped                                                     ;
; ADDRESS_ACLR_A                     ; NONE                 ; Untyped                                                     ;
; OUTDATA_ACLR_A                     ; NONE                 ; Untyped                                                     ;
; WRCONTROL_ACLR_A                   ; NONE                 ; Untyped                                                     ;
; INDATA_ACLR_A                      ; NONE                 ; Untyped                                                     ;
; BYTEENA_ACLR_A                     ; NONE                 ; Untyped                                                     ;
; WIDTH_B                            ; 16                   ; Untyped                                                     ;
; WIDTHAD_B                          ; 12                   ; Untyped                                                     ;
; NUMWORDS_B                         ; 2131                 ; Untyped                                                     ;
; INDATA_REG_B                       ; CLOCK1               ; Untyped                                                     ;
; WRCONTROL_WRADDRESS_REG_B          ; CLOCK1               ; Untyped                                                     ;
; RDCONTROL_REG_B                    ; CLOCK1               ; Untyped                                                     ;
; ADDRESS_REG_B                      ; CLOCK0               ; Untyped                                                     ;
; OUTDATA_REG_B                      ; UNREGISTERED         ; Untyped                                                     ;
; BYTEENA_REG_B                      ; CLOCK1               ; Untyped                                                     ;
; INDATA_ACLR_B                      ; NONE                 ; Untyped                                                     ;
; WRCONTROL_ACLR_B                   ; NONE                 ; Untyped                                                     ;
; ADDRESS_ACLR_B                     ; NONE                 ; Untyped                                                     ;
; OUTDATA_ACLR_B                     ; NONE                 ; Untyped                                                     ;
; RDCONTROL_ACLR_B                   ; NONE                 ; Untyped                                                     ;
; BYTEENA_ACLR_B                     ; NONE                 ; Untyped                                                     ;
; WIDTH_BYTEENA_A                    ; 1                    ; Untyped                                                     ;
; WIDTH_BYTEENA_B                    ; 1                    ; Untyped                                                     ;
; RAM_BLOCK_TYPE                     ; AUTO                 ; Untyped                                                     ;
; BYTE_SIZE                          ; 8                    ; Untyped                                                     ;
; READ_DURING_WRITE_MODE_MIXED_PORTS ; OLD_DATA             ; Untyped                                                     ;
; READ_DURING_WRITE_MODE_PORT_A      ; NEW_DATA_NO_NBE_READ ; Untyped                                                     ;
; READ_DURING_WRITE_MODE_PORT_B      ; NEW_DATA_NO_NBE_READ ; Untyped                                                     ;
; INIT_FILE                          ; UNUSED               ; Untyped                                                     ;
; INIT_FILE_LAYOUT                   ; PORT_A               ; Untyped                                                     ;
; MAXIMUM_DEPTH                      ; 0                    ; Untyped                                                     ;
; CLOCK_ENABLE_INPUT_A               ; NORMAL               ; Untyped                                                     ;
; CLOCK_ENABLE_INPUT_B               ; NORMAL               ; Untyped                                                     ;
; CLOCK_ENABLE_OUTPUT_A              ; NORMAL               ; Untyped                                                     ;
; CLOCK_ENABLE_OUTPUT_B              ; NORMAL               ; Untyped                                                     ;
; CLOCK_ENABLE_CORE_A                ; USE_INPUT_CLKEN      ; Untyped                                                     ;
; CLOCK_ENABLE_CORE_B                ; USE_INPUT_CLKEN      ; Untyped                                                     ;
; ENABLE_ECC                         ; FALSE                ; Untyped                                                     ;
; ECC_PIPELINE_STAGE_ENABLED         ; FALSE                ; Untyped                                                     ;
; WIDTH_ECCSTATUS                    ; 3                    ; Untyped                                                     ;
; DEVICE_FAMILY                      ; Cyclone IV E         ; Untyped                                                     ;
; CBXI_PARAMETER                     ; altsyncram_pki1      ; Untyped                                                     ;
+------------------------------------+----------------------+-------------------------------------------------------------+
Note: In order to hide this table in the UI and the text report file, please set the "Show Parameter Settings in Synthesis Report" option in "Analysis and Synthesis Settings -> More Settings" to "Off".


+-------------------------------------------------------------------------------------------------------------------------+
; Parameter Settings for Inferred Entity Instance: Top:top0|DSP:dsp|Reverb:Reverb|FDN_4ch:fdn|altsyncram:ch3_buffer_rtl_0 ;
+------------------------------------+----------------------+-------------------------------------------------------------+
; Parameter Name                     ; Value                ; Type                                                        ;
+------------------------------------+----------------------+-------------------------------------------------------------+
; BYTE_SIZE_BLOCK                    ; 8                    ; Untyped                                                     ;
; AUTO_CARRY_CHAINS                  ; ON                   ; AUTO_CARRY                                                  ;
; IGNORE_CARRY_BUFFERS               ; OFF                  ; IGNORE_CARRY                                                ;
; AUTO_CASCADE_CHAINS                ; ON                   ; AUTO_CASCADE                                                ;
; IGNORE_CASCADE_BUFFERS             ; OFF                  ; IGNORE_CASCADE                                              ;
; WIDTH_BYTEENA                      ; 1                    ; Untyped                                                     ;
; OPERATION_MODE                     ; DUAL_PORT            ; Untyped                                                     ;
; WIDTH_A                            ; 16                   ; Untyped                                                     ;
; WIDTHAD_A                          ; 12                   ; Untyped                                                     ;
; NUMWORDS_A                         ; 2531                 ; Untyped                                                     ;
; OUTDATA_REG_A                      ; UNREGISTERED         ; Untyped                                                     ;
; ADDRESS_ACLR_A                     ; NONE                 ; Untyped                                                     ;
; OUTDATA_ACLR_A                     ; NONE                 ; Untyped                                                     ;
; WRCONTROL_ACLR_A                   ; NONE                 ; Untyped                                                     ;
; INDATA_ACLR_A                      ; NONE                 ; Untyped                                                     ;
; BYTEENA_ACLR_A                     ; NONE                 ; Untyped                                                     ;
; WIDTH_B                            ; 16                   ; Untyped                                                     ;
; WIDTHAD_B                          ; 12                   ; Untyped                                                     ;
; NUMWORDS_B                         ; 2531                 ; Untyped                                                     ;
; INDATA_REG_B                       ; CLOCK1               ; Untyped                                                     ;
; WRCONTROL_WRADDRESS_REG_B          ; CLOCK1               ; Untyped                                                     ;
; RDCONTROL_REG_B                    ; CLOCK1               ; Untyped                                                     ;
; ADDRESS_REG_B                      ; CLOCK0               ; Untyped                                                     ;
; OUTDATA_REG_B                      ; UNREGISTERED         ; Untyped                                                     ;
; BYTEENA_REG_B                      ; CLOCK1               ; Untyped                                                     ;
; INDATA_ACLR_B                      ; NONE                 ; Untyped                                                     ;
; WRCONTROL_ACLR_B                   ; NONE                 ; Untyped                                                     ;
; ADDRESS_ACLR_B                     ; NONE                 ; Untyped                                                     ;
; OUTDATA_ACLR_B                     ; NONE                 ; Untyped                                                     ;
; RDCONTROL_ACLR_B                   ; NONE                 ; Untyped                                                     ;
; BYTEENA_ACLR_B                     ; NONE                 ; Untyped                                                     ;
; WIDTH_BYTEENA_A                    ; 1                    ; Untyped                                                     ;
; WIDTH_BYTEENA_B                    ; 1                    ; Untyped                                                     ;
; RAM_BLOCK_TYPE                     ; AUTO                 ; Untyped                                                     ;
; BYTE_SIZE                          ; 8                    ; Untyped                                                     ;
; READ_DURING_WRITE_MODE_MIXED_PORTS ; OLD_DATA             ; Untyped                                                     ;
; READ_DURING_WRITE_MODE_PORT_A      ; NEW_DATA_NO_NBE_READ ; Untyped                                                     ;
; READ_DURING_WRITE_MODE_PORT_B      ; NEW_DATA_NO_NBE_READ ; Untyped                                                     ;
; INIT_FILE                          ; UNUSED               ; Untyped                                                     ;
; INIT_FILE_LAYOUT                   ; PORT_A               ; Untyped                                                     ;
; MAXIMUM_DEPTH                      ; 0                    ; Untyped                                                     ;
; CLOCK_ENABLE_INPUT_A               ; NORMAL               ; Untyped                                                     ;
; CLOCK_ENABLE_INPUT_B               ; NORMAL               ; Untyped                                                     ;
; CLOCK_ENABLE_OUTPUT_A              ; NORMAL               ; Untyped                                                     ;
; CLOCK_ENABLE_OUTPUT_B              ; NORMAL               ; Untyped                                                     ;
; CLOCK_ENABLE_CORE_A                ; USE_INPUT_CLKEN      ; Untyped                                                     ;
; CLOCK_ENABLE_CORE_B                ; USE_INPUT_CLKEN      ; Untyped                                                     ;
; ENABLE_ECC                         ; FALSE                ; Untyped                                                     ;
; ECC_PIPELINE_STAGE_ENABLED         ; FALSE                ; Untyped                                                     ;
; WIDTH_ECCSTATUS                    ; 3                    ; Untyped                                                     ;
; DEVICE_FAMILY                      ; Cyclone IV E         ; Untyped                                                     ;
; CBXI_PARAMETER                     ; altsyncram_1li1      ; Untyped                                                     ;
+------------------------------------+----------------------+-------------------------------------------------------------+
Note: In order to hide this table in the UI and the text report file, please set the "Show Parameter Settings in Synthesis Report" option in "Analysis and Synthesis Settings -> More Settings" to "Off".


+------------------------------------------------------------------------------------------------------------------------+
; Parameter Settings for Inferred Entity Instance: Top:top0|DSP:dsp|Delay_Effect:Delay_Effect|altsyncram:delay_ram_rtl_0 ;
+------------------------------------+----------------------+------------------------------------------------------------+
; Parameter Name                     ; Value                ; Type                                                       ;
+------------------------------------+----------------------+------------------------------------------------------------+
; BYTE_SIZE_BLOCK                    ; 8                    ; Untyped                                                    ;
; AUTO_CARRY_CHAINS                  ; ON                   ; AUTO_CARRY                                                 ;
; IGNORE_CARRY_BUFFERS               ; OFF                  ; IGNORE_CARRY                                               ;
; AUTO_CASCADE_CHAINS                ; ON                   ; AUTO_CASCADE                                               ;
; IGNORE_CASCADE_BUFFERS             ; OFF                  ; IGNORE_CASCADE                                             ;
; WIDTH_BYTEENA                      ; 1                    ; Untyped                                                    ;
; OPERATION_MODE                     ; DUAL_PORT            ; Untyped                                                    ;
; WIDTH_A                            ; 14                   ; Untyped                                                    ;
; WIDTHAD_A                          ; 16                   ; Untyped                                                    ;
; NUMWORDS_A                         ; 65536                ; Untyped                                                    ;
; OUTDATA_REG_A                      ; UNREGISTERED         ; Untyped                                                    ;
; ADDRESS_ACLR_A                     ; NONE                 ; Untyped                                                    ;
; OUTDATA_ACLR_A                     ; NONE                 ; Untyped                                                    ;
; WRCONTROL_ACLR_A                   ; NONE                 ; Untyped                                                    ;
; INDATA_ACLR_A                      ; NONE                 ; Untyped                                                    ;
; BYTEENA_ACLR_A                     ; NONE                 ; Untyped                                                    ;
; WIDTH_B                            ; 14                   ; Untyped                                                    ;
; WIDTHAD_B                          ; 16                   ; Untyped                                                    ;
; NUMWORDS_B                         ; 65536                ; Untyped                                                    ;
; INDATA_REG_B                       ; CLOCK1               ; Untyped                                                    ;
; WRCONTROL_WRADDRESS_REG_B          ; CLOCK1               ; Untyped                                                    ;
; RDCONTROL_REG_B                    ; CLOCK1               ; Untyped                                                    ;
; ADDRESS_REG_B                      ; CLOCK0               ; Untyped                                                    ;
; OUTDATA_REG_B                      ; UNREGISTERED         ; Untyped                                                    ;
; BYTEENA_REG_B                      ; CLOCK1               ; Untyped                                                    ;
; INDATA_ACLR_B                      ; NONE                 ; Untyped                                                    ;
; WRCONTROL_ACLR_B                   ; NONE                 ; Untyped                                                    ;
; ADDRESS_ACLR_B                     ; NONE                 ; Untyped                                                    ;
; OUTDATA_ACLR_B                     ; NONE                 ; Untyped                                                    ;
; RDCONTROL_ACLR_B                   ; NONE                 ; Untyped                                                    ;
; BYTEENA_ACLR_B                     ; NONE                 ; Untyped                                                    ;
; WIDTH_BYTEENA_A                    ; 1                    ; Untyped                                                    ;
; WIDTH_BYTEENA_B                    ; 1                    ; Untyped                                                    ;
; RAM_BLOCK_TYPE                     ; M9K                  ; Untyped                                                    ;
; BYTE_SIZE                          ; 8                    ; Untyped                                                    ;
; READ_DURING_WRITE_MODE_MIXED_PORTS ; OLD_DATA             ; Untyped                                                    ;
; READ_DURING_WRITE_MODE_PORT_A      ; NEW_DATA_NO_NBE_READ ; Untyped                                                    ;
; READ_DURING_WRITE_MODE_PORT_B      ; NEW_DATA_NO_NBE_READ ; Untyped                                                    ;
; INIT_FILE                          ; UNUSED               ; Untyped                                                    ;
; INIT_FILE_LAYOUT                   ; PORT_A               ; Untyped                                                    ;
; MAXIMUM_DEPTH                      ; 0                    ; Untyped                                                    ;
; CLOCK_ENABLE_INPUT_A               ; NORMAL               ; Untyped                                                    ;
; CLOCK_ENABLE_INPUT_B               ; NORMAL               ; Untyped                                                    ;
; CLOCK_ENABLE_OUTPUT_A              ; NORMAL               ; Untyped                                                    ;
; CLOCK_ENABLE_OUTPUT_B              ; NORMAL               ; Untyped                                                    ;
; CLOCK_ENABLE_CORE_A                ; USE_INPUT_CLKEN      ; Untyped                                                    ;
; CLOCK_ENABLE_CORE_B                ; USE_INPUT_CLKEN      ; Untyped                                                    ;
; ENABLE_ECC                         ; FALSE                ; Untyped                                                    ;
; ECC_PIPELINE_STAGE_ENABLED         ; FALSE                ; Untyped                                                    ;
; WIDTH_ECCSTATUS                    ; 3                    ; Untyped                                                    ;
; DEVICE_FAMILY                      ; Cyclone IV E         ; Untyped                                                    ;
; CBXI_PARAMETER                     ; altsyncram_n5j1      ; Untyped                                                    ;
+------------------------------------+----------------------+------------------------------------------------------------+
Note: In order to hide this table in the UI and the text report file, please set the "Show Parameter Settings in Synthesis Report" option in "Analysis and Synthesis Settings -> More Settings" to "Off".


+------------------------------------------------------------------------------------------------------------------+
; Parameter Settings for Inferred Entity Instance: Top:top0|DSP:dsp|Auto_Wah:Auto_Wah|altsyncram:data_buffer_rtl_0 ;
+------------------------------------+----------------------+------------------------------------------------------+
; Parameter Name                     ; Value                ; Type                                                 ;
+------------------------------------+----------------------+------------------------------------------------------+
; BYTE_SIZE_BLOCK                    ; 8                    ; Untyped                                              ;
; AUTO_CARRY_CHAINS                  ; ON                   ; AUTO_CARRY                                           ;
; IGNORE_CARRY_BUFFERS               ; OFF                  ; IGNORE_CARRY                                         ;
; AUTO_CASCADE_CHAINS                ; ON                   ; AUTO_CASCADE                                         ;
; IGNORE_CASCADE_BUFFERS             ; OFF                  ; IGNORE_CASCADE                                       ;
; WIDTH_BYTEENA                      ; 1                    ; Untyped                                              ;
; OPERATION_MODE                     ; DUAL_PORT            ; Untyped                                              ;
; WIDTH_A                            ; 16                   ; Untyped                                              ;
; WIDTHAD_A                          ; 10                   ; Untyped                                              ;
; NUMWORDS_A                         ; 1024                 ; Untyped                                              ;
; OUTDATA_REG_A                      ; UNREGISTERED         ; Untyped                                              ;
; ADDRESS_ACLR_A                     ; NONE                 ; Untyped                                              ;
; OUTDATA_ACLR_A                     ; NONE                 ; Untyped                                              ;
; WRCONTROL_ACLR_A                   ; NONE                 ; Untyped                                              ;
; INDATA_ACLR_A                      ; NONE                 ; Untyped                                              ;
; BYTEENA_ACLR_A                     ; NONE                 ; Untyped                                              ;
; WIDTH_B                            ; 16                   ; Untyped                                              ;
; WIDTHAD_B                          ; 10                   ; Untyped                                              ;
; NUMWORDS_B                         ; 1024                 ; Untyped                                              ;
; INDATA_REG_B                       ; CLOCK1               ; Untyped                                              ;
; WRCONTROL_WRADDRESS_REG_B          ; CLOCK1               ; Untyped                                              ;
; RDCONTROL_REG_B                    ; CLOCK1               ; Untyped                                              ;
; ADDRESS_REG_B                      ; CLOCK1               ; Untyped                                              ;
; OUTDATA_REG_B                      ; UNREGISTERED         ; Untyped                                              ;
; BYTEENA_REG_B                      ; CLOCK1               ; Untyped                                              ;
; INDATA_ACLR_B                      ; NONE                 ; Untyped                                              ;
; WRCONTROL_ACLR_B                   ; NONE                 ; Untyped                                              ;
; ADDRESS_ACLR_B                     ; NONE                 ; Untyped                                              ;
; OUTDATA_ACLR_B                     ; NONE                 ; Untyped                                              ;
; RDCONTROL_ACLR_B                   ; NONE                 ; Untyped                                              ;
; BYTEENA_ACLR_B                     ; NONE                 ; Untyped                                              ;
; WIDTH_BYTEENA_A                    ; 1                    ; Untyped                                              ;
; WIDTH_BYTEENA_B                    ; 1                    ; Untyped                                              ;
; RAM_BLOCK_TYPE                     ; AUTO                 ; Untyped                                              ;
; BYTE_SIZE                          ; 8                    ; Untyped                                              ;
; READ_DURING_WRITE_MODE_MIXED_PORTS ; DONT_CARE            ; Untyped                                              ;
; READ_DURING_WRITE_MODE_PORT_A      ; NEW_DATA_NO_NBE_READ ; Untyped                                              ;
; READ_DURING_WRITE_MODE_PORT_B      ; NEW_DATA_NO_NBE_READ ; Untyped                                              ;
; INIT_FILE                          ; UNUSED               ; Untyped                                              ;
; INIT_FILE_LAYOUT                   ; PORT_A               ; Untyped                                              ;
; MAXIMUM_DEPTH                      ; 0                    ; Untyped                                              ;
; CLOCK_ENABLE_INPUT_A               ; NORMAL               ; Untyped                                              ;
; CLOCK_ENABLE_INPUT_B               ; NORMAL               ; Untyped                                              ;
; CLOCK_ENABLE_OUTPUT_A              ; NORMAL               ; Untyped                                              ;
; CLOCK_ENABLE_OUTPUT_B              ; NORMAL               ; Untyped                                              ;
; CLOCK_ENABLE_CORE_A                ; USE_INPUT_CLKEN      ; Untyped                                              ;
; CLOCK_ENABLE_CORE_B                ; USE_INPUT_CLKEN      ; Untyped                                              ;
; ENABLE_ECC                         ; FALSE                ; Untyped                                              ;
; ECC_PIPELINE_STAGE_ENABLED         ; FALSE                ; Untyped                                              ;
; WIDTH_ECCSTATUS                    ; 3                    ; Untyped                                              ;
; DEVICE_FAMILY                      ; Cyclone IV E         ; Untyped                                              ;
; CBXI_PARAMETER                     ; altsyncram_42e1      ; Untyped                                              ;
+------------------------------------+----------------------+------------------------------------------------------+
Note: In order to hide this table in the UI and the text report file, please set the "Show Parameter Settings in Synthesis Report" option in "Analysis and Synthesis Settings -> More Settings" to "Off".


+------------------------------------------------------------------------------------------------------------------+
; Parameter Settings for Inferred Entity Instance: Top:top0|DSP:dsp|Auto_Wah:Auto_Wah|altsyncram:data_buffer_rtl_1 ;
+------------------------------------+----------------------+------------------------------------------------------+
; Parameter Name                     ; Value                ; Type                                                 ;
+------------------------------------+----------------------+------------------------------------------------------+
; BYTE_SIZE_BLOCK                    ; 8                    ; Untyped                                              ;
; AUTO_CARRY_CHAINS                  ; ON                   ; AUTO_CARRY                                           ;
; IGNORE_CARRY_BUFFERS               ; OFF                  ; IGNORE_CARRY                                         ;
; AUTO_CASCADE_CHAINS                ; ON                   ; AUTO_CASCADE                                         ;
; IGNORE_CASCADE_BUFFERS             ; OFF                  ; IGNORE_CASCADE                                       ;
; WIDTH_BYTEENA                      ; 1                    ; Untyped                                              ;
; OPERATION_MODE                     ; DUAL_PORT            ; Untyped                                              ;
; WIDTH_A                            ; 16                   ; Untyped                                              ;
; WIDTHAD_A                          ; 10                   ; Untyped                                              ;
; NUMWORDS_A                         ; 1024                 ; Untyped                                              ;
; OUTDATA_REG_A                      ; UNREGISTERED         ; Untyped                                              ;
; ADDRESS_ACLR_A                     ; NONE                 ; Untyped                                              ;
; OUTDATA_ACLR_A                     ; NONE                 ; Untyped                                              ;
; WRCONTROL_ACLR_A                   ; NONE                 ; Untyped                                              ;
; INDATA_ACLR_A                      ; NONE                 ; Untyped                                              ;
; BYTEENA_ACLR_A                     ; NONE                 ; Untyped                                              ;
; WIDTH_B                            ; 16                   ; Untyped                                              ;
; WIDTHAD_B                          ; 10                   ; Untyped                                              ;
; NUMWORDS_B                         ; 1024                 ; Untyped                                              ;
; INDATA_REG_B                       ; CLOCK1               ; Untyped                                              ;
; WRCONTROL_WRADDRESS_REG_B          ; CLOCK1               ; Untyped                                              ;
; RDCONTROL_REG_B                    ; CLOCK1               ; Untyped                                              ;
; ADDRESS_REG_B                      ; CLOCK1               ; Untyped                                              ;
; OUTDATA_REG_B                      ; UNREGISTERED         ; Untyped                                              ;
; BYTEENA_REG_B                      ; CLOCK1               ; Untyped                                              ;
; INDATA_ACLR_B                      ; NONE                 ; Untyped                                              ;
; WRCONTROL_ACLR_B                   ; NONE                 ; Untyped                                              ;
; ADDRESS_ACLR_B                     ; NONE                 ; Untyped                                              ;
; OUTDATA_ACLR_B                     ; NONE                 ; Untyped                                              ;
; RDCONTROL_ACLR_B                   ; NONE                 ; Untyped                                              ;
; BYTEENA_ACLR_B                     ; NONE                 ; Untyped                                              ;
; WIDTH_BYTEENA_A                    ; 1                    ; Untyped                                              ;
; WIDTH_BYTEENA_B                    ; 1                    ; Untyped                                              ;
; RAM_BLOCK_TYPE                     ; AUTO                 ; Untyped                                              ;
; BYTE_SIZE                          ; 8                    ; Untyped                                              ;
; READ_DURING_WRITE_MODE_MIXED_PORTS ; DONT_CARE            ; Untyped                                              ;
; READ_DURING_WRITE_MODE_PORT_A      ; NEW_DATA_NO_NBE_READ ; Untyped                                              ;
; READ_DURING_WRITE_MODE_PORT_B      ; NEW_DATA_NO_NBE_READ ; Untyped                                              ;
; INIT_FILE                          ; UNUSED               ; Untyped                                              ;
; INIT_FILE_LAYOUT                   ; PORT_A               ; Untyped                                              ;
; MAXIMUM_DEPTH                      ; 0                    ; Untyped                                              ;
; CLOCK_ENABLE_INPUT_A               ; NORMAL               ; Untyped                                              ;
; CLOCK_ENABLE_INPUT_B               ; NORMAL               ; Untyped                                              ;
; CLOCK_ENABLE_OUTPUT_A              ; NORMAL               ; Untyped                                              ;
; CLOCK_ENABLE_OUTPUT_B              ; NORMAL               ; Untyped                                              ;
; CLOCK_ENABLE_CORE_A                ; USE_INPUT_CLKEN      ; Untyped                                              ;
; CLOCK_ENABLE_CORE_B                ; USE_INPUT_CLKEN      ; Untyped                                              ;
; ENABLE_ECC                         ; FALSE                ; Untyped                                              ;
; ECC_PIPELINE_STAGE_ENABLED         ; FALSE                ; Untyped                                              ;
; WIDTH_ECCSTATUS                    ; 3                    ; Untyped                                              ;
; DEVICE_FAMILY                      ; Cyclone IV E         ; Untyped                                              ;
; CBXI_PARAMETER                     ; altsyncram_42e1      ; Untyped                                              ;
+------------------------------------+----------------------+------------------------------------------------------+
Note: In order to hide this table in the UI and the text report file, please set the "Show Parameter Settings in Synthesis Report" option in "Analysis and Synthesis Settings -> More Settings" to "Off".


+----------------------------------------------------------------------------------------------------------------+
; Parameter Settings for Inferred Entity Instance: Top:top0|DSP:dsp|Flanger:Flanger|altsyncram:data_buffer_rtl_0 ;
+------------------------------------+----------------------+----------------------------------------------------+
; Parameter Name                     ; Value                ; Type                                               ;
+------------------------------------+----------------------+----------------------------------------------------+
; BYTE_SIZE_BLOCK                    ; 8                    ; Untyped                                            ;
; AUTO_CARRY_CHAINS                  ; ON                   ; AUTO_CARRY                                         ;
; IGNORE_CARRY_BUFFERS               ; OFF                  ; IGNORE_CARRY                                       ;
; AUTO_CASCADE_CHAINS                ; ON                   ; AUTO_CASCADE                                       ;
; IGNORE_CASCADE_BUFFERS             ; OFF                  ; IGNORE_CASCADE                                     ;
; WIDTH_BYTEENA                      ; 1                    ; Untyped                                            ;
; OPERATION_MODE                     ; DUAL_PORT            ; Untyped                                            ;
; WIDTH_A                            ; 16                   ; Untyped                                            ;
; WIDTHAD_A                          ; 10                   ; Untyped                                            ;
; NUMWORDS_A                         ; 1024                 ; Untyped                                            ;
; OUTDATA_REG_A                      ; UNREGISTERED         ; Untyped                                            ;
; ADDRESS_ACLR_A                     ; NONE                 ; Untyped                                            ;
; OUTDATA_ACLR_A                     ; NONE                 ; Untyped                                            ;
; WRCONTROL_ACLR_A                   ; NONE                 ; Untyped                                            ;
; INDATA_ACLR_A                      ; NONE                 ; Untyped                                            ;
; BYTEENA_ACLR_A                     ; NONE                 ; Untyped                                            ;
; WIDTH_B                            ; 16                   ; Untyped                                            ;
; WIDTHAD_B                          ; 10                   ; Untyped                                            ;
; NUMWORDS_B                         ; 1024                 ; Untyped                                            ;
; INDATA_REG_B                       ; CLOCK1               ; Untyped                                            ;
; WRCONTROL_WRADDRESS_REG_B          ; CLOCK1               ; Untyped                                            ;
; RDCONTROL_REG_B                    ; CLOCK1               ; Untyped                                            ;
; ADDRESS_REG_B                      ; CLOCK1               ; Untyped                                            ;
; OUTDATA_REG_B                      ; UNREGISTERED         ; Untyped                                            ;
; BYTEENA_REG_B                      ; CLOCK1               ; Untyped                                            ;
; INDATA_ACLR_B                      ; NONE                 ; Untyped                                            ;
; WRCONTROL_ACLR_B                   ; NONE                 ; Untyped                                            ;
; ADDRESS_ACLR_B                     ; NONE                 ; Untyped                                            ;
; OUTDATA_ACLR_B                     ; NONE                 ; Untyped                                            ;
; RDCONTROL_ACLR_B                   ; NONE                 ; Untyped                                            ;
; BYTEENA_ACLR_B                     ; NONE                 ; Untyped                                            ;
; WIDTH_BYTEENA_A                    ; 1                    ; Untyped                                            ;
; WIDTH_BYTEENA_B                    ; 1                    ; Untyped                                            ;
; RAM_BLOCK_TYPE                     ; AUTO                 ; Untyped                                            ;
; BYTE_SIZE                          ; 8                    ; Untyped                                            ;
; READ_DURING_WRITE_MODE_MIXED_PORTS ; DONT_CARE            ; Untyped                                            ;
; READ_DURING_WRITE_MODE_PORT_A      ; NEW_DATA_NO_NBE_READ ; Untyped                                            ;
; READ_DURING_WRITE_MODE_PORT_B      ; NEW_DATA_NO_NBE_READ ; Untyped                                            ;
; INIT_FILE                          ; UNUSED               ; Untyped                                            ;
; INIT_FILE_LAYOUT                   ; PORT_A               ; Untyped                                            ;
; MAXIMUM_DEPTH                      ; 0                    ; Untyped                                            ;
; CLOCK_ENABLE_INPUT_A               ; NORMAL               ; Untyped                                            ;
; CLOCK_ENABLE_INPUT_B               ; NORMAL               ; Untyped                                            ;
; CLOCK_ENABLE_OUTPUT_A              ; NORMAL               ; Untyped                                            ;
; CLOCK_ENABLE_OUTPUT_B              ; NORMAL               ; Untyped                                            ;
; CLOCK_ENABLE_CORE_A                ; USE_INPUT_CLKEN      ; Untyped                                            ;
; CLOCK_ENABLE_CORE_B                ; USE_INPUT_CLKEN      ; Untyped                                            ;
; ENABLE_ECC                         ; FALSE                ; Untyped                                            ;
; ECC_PIPELINE_STAGE_ENABLED         ; FALSE                ; Untyped                                            ;
; WIDTH_ECCSTATUS                    ; 3                    ; Untyped                                            ;
; DEVICE_FAMILY                      ; Cyclone IV E         ; Untyped                                            ;
; CBXI_PARAMETER                     ; altsyncram_42e1      ; Untyped                                            ;
+------------------------------------+----------------------+----------------------------------------------------+
Note: In order to hide this table in the UI and the text report file, please set the "Show Parameter Settings in Synthesis Report" option in "Analysis and Synthesis Settings -> More Settings" to "Off".


+----------------------------------------------------------------------------------------------------------------+
; Parameter Settings for Inferred Entity Instance: Top:top0|DSP:dsp|Flanger:Flanger|altsyncram:data_buffer_rtl_1 ;
+------------------------------------+----------------------+----------------------------------------------------+
; Parameter Name                     ; Value                ; Type                                               ;
+------------------------------------+----------------------+----------------------------------------------------+
; BYTE_SIZE_BLOCK                    ; 8                    ; Untyped                                            ;
; AUTO_CARRY_CHAINS                  ; ON                   ; AUTO_CARRY                                         ;
; IGNORE_CARRY_BUFFERS               ; OFF                  ; IGNORE_CARRY                                       ;
; AUTO_CASCADE_CHAINS                ; ON                   ; AUTO_CASCADE                                       ;
; IGNORE_CASCADE_BUFFERS             ; OFF                  ; IGNORE_CASCADE                                     ;
; WIDTH_BYTEENA                      ; 1                    ; Untyped                                            ;
; OPERATION_MODE                     ; DUAL_PORT            ; Untyped                                            ;
; WIDTH_A                            ; 16                   ; Untyped                                            ;
; WIDTHAD_A                          ; 10                   ; Untyped                                            ;
; NUMWORDS_A                         ; 1024                 ; Untyped                                            ;
; OUTDATA_REG_A                      ; UNREGISTERED         ; Untyped                                            ;
; ADDRESS_ACLR_A                     ; NONE                 ; Untyped                                            ;
; OUTDATA_ACLR_A                     ; NONE                 ; Untyped                                            ;
; WRCONTROL_ACLR_A                   ; NONE                 ; Untyped                                            ;
; INDATA_ACLR_A                      ; NONE                 ; Untyped                                            ;
; BYTEENA_ACLR_A                     ; NONE                 ; Untyped                                            ;
; WIDTH_B                            ; 16                   ; Untyped                                            ;
; WIDTHAD_B                          ; 10                   ; Untyped                                            ;
; NUMWORDS_B                         ; 1024                 ; Untyped                                            ;
; INDATA_REG_B                       ; CLOCK1               ; Untyped                                            ;
; WRCONTROL_WRADDRESS_REG_B          ; CLOCK1               ; Untyped                                            ;
; RDCONTROL_REG_B                    ; CLOCK1               ; Untyped                                            ;
; ADDRESS_REG_B                      ; CLOCK1               ; Untyped                                            ;
; OUTDATA_REG_B                      ; UNREGISTERED         ; Untyped                                            ;
; BYTEENA_REG_B                      ; CLOCK1               ; Untyped                                            ;
; INDATA_ACLR_B                      ; NONE                 ; Untyped                                            ;
; WRCONTROL_ACLR_B                   ; NONE                 ; Untyped                                            ;
; ADDRESS_ACLR_B                     ; NONE                 ; Untyped                                            ;
; OUTDATA_ACLR_B                     ; NONE                 ; Untyped                                            ;
; RDCONTROL_ACLR_B                   ; NONE                 ; Untyped                                            ;
; BYTEENA_ACLR_B                     ; NONE                 ; Untyped                                            ;
; WIDTH_BYTEENA_A                    ; 1                    ; Untyped                                            ;
; WIDTH_BYTEENA_B                    ; 1                    ; Untyped                                            ;
; RAM_BLOCK_TYPE                     ; AUTO                 ; Untyped                                            ;
; BYTE_SIZE                          ; 8                    ; Untyped                                            ;
; READ_DURING_WRITE_MODE_MIXED_PORTS ; DONT_CARE            ; Untyped                                            ;
; READ_DURING_WRITE_MODE_PORT_A      ; NEW_DATA_NO_NBE_READ ; Untyped                                            ;
; READ_DURING_WRITE_MODE_PORT_B      ; NEW_DATA_NO_NBE_READ ; Untyped                                            ;
; INIT_FILE                          ; UNUSED               ; Untyped                                            ;
; INIT_FILE_LAYOUT                   ; PORT_A               ; Untyped                                            ;
; MAXIMUM_DEPTH                      ; 0                    ; Untyped                                            ;
; CLOCK_ENABLE_INPUT_A               ; NORMAL               ; Untyped                                            ;
; CLOCK_ENABLE_INPUT_B               ; NORMAL               ; Untyped                                            ;
; CLOCK_ENABLE_OUTPUT_A              ; NORMAL               ; Untyped                                            ;
; CLOCK_ENABLE_OUTPUT_B              ; NORMAL               ; Untyped                                            ;
; CLOCK_ENABLE_CORE_A                ; USE_INPUT_CLKEN      ; Untyped                                            ;
; CLOCK_ENABLE_CORE_B                ; USE_INPUT_CLKEN      ; Untyped                                            ;
; ENABLE_ECC                         ; FALSE                ; Untyped                                            ;
; ECC_PIPELINE_STAGE_ENABLED         ; FALSE                ; Untyped                                            ;
; WIDTH_ECCSTATUS                    ; 3                    ; Untyped                                            ;
; DEVICE_FAMILY                      ; Cyclone IV E         ; Untyped                                            ;
; CBXI_PARAMETER                     ; altsyncram_42e1      ; Untyped                                            ;
+------------------------------------+----------------------+----------------------------------------------------+
Note: In order to hide this table in the UI and the text report file, please set the "Show Parameter Settings in Synthesis Report" option in "Analysis and Synthesis Settings -> More Settings" to "Off".


+---------------------------------------------------------------------------------------------------------------------------------------+
; Parameter Settings for Inferred Entity Instance: Top:top0|DSP:dsp|Reverb:Reverb|Schroeder_Allpass:allpass_4|altsyncram:v_buffer_rtl_0 ;
+------------------------------------+----------------------+---------------------------------------------------------------------------+
; Parameter Name                     ; Value                ; Type                                                                      ;
+------------------------------------+----------------------+---------------------------------------------------------------------------+
; BYTE_SIZE_BLOCK                    ; 8                    ; Untyped                                                                   ;
; AUTO_CARRY_CHAINS                  ; ON                   ; AUTO_CARRY                                                                ;
; IGNORE_CARRY_BUFFERS               ; OFF                  ; IGNORE_CARRY                                                              ;
; AUTO_CASCADE_CHAINS                ; ON                   ; AUTO_CASCADE                                                              ;
; IGNORE_CASCADE_BUFFERS             ; OFF                  ; IGNORE_CASCADE                                                            ;
; WIDTH_BYTEENA                      ; 1                    ; Untyped                                                                   ;
; OPERATION_MODE                     ; DUAL_PORT            ; Untyped                                                                   ;
; WIDTH_A                            ; 16                   ; Untyped                                                                   ;
; WIDTHAD_A                          ; 12                   ; Untyped                                                                   ;
; NUMWORDS_A                         ; 2663                 ; Untyped                                                                   ;
; OUTDATA_REG_A                      ; UNREGISTERED         ; Untyped                                                                   ;
; ADDRESS_ACLR_A                     ; NONE                 ; Untyped                                                                   ;
; OUTDATA_ACLR_A                     ; NONE                 ; Untyped                                                                   ;
; WRCONTROL_ACLR_A                   ; NONE                 ; Untyped                                                                   ;
; INDATA_ACLR_A                      ; NONE                 ; Untyped                                                                   ;
; BYTEENA_ACLR_A                     ; NONE                 ; Untyped                                                                   ;
; WIDTH_B                            ; 16                   ; Untyped                                                                   ;
; WIDTHAD_B                          ; 12                   ; Untyped                                                                   ;
; NUMWORDS_B                         ; 2663                 ; Untyped                                                                   ;
; INDATA_REG_B                       ; CLOCK1               ; Untyped                                                                   ;
; WRCONTROL_WRADDRESS_REG_B          ; CLOCK1               ; Untyped                                                                   ;
; RDCONTROL_REG_B                    ; CLOCK1               ; Untyped                                                                   ;
; ADDRESS_REG_B                      ; CLOCK0               ; Untyped                                                                   ;
; OUTDATA_REG_B                      ; UNREGISTERED         ; Untyped                                                                   ;
; BYTEENA_REG_B                      ; CLOCK1               ; Untyped                                                                   ;
; INDATA_ACLR_B                      ; NONE                 ; Untyped                                                                   ;
; WRCONTROL_ACLR_B                   ; NONE                 ; Untyped                                                                   ;
; ADDRESS_ACLR_B                     ; NONE                 ; Untyped                                                                   ;
; OUTDATA_ACLR_B                     ; NONE                 ; Untyped                                                                   ;
; RDCONTROL_ACLR_B                   ; NONE                 ; Untyped                                                                   ;
; BYTEENA_ACLR_B                     ; NONE                 ; Untyped                                                                   ;
; WIDTH_BYTEENA_A                    ; 1                    ; Untyped                                                                   ;
; WIDTH_BYTEENA_B                    ; 1                    ; Untyped                                                                   ;
; RAM_BLOCK_TYPE                     ; AUTO                 ; Untyped                                                                   ;
; BYTE_SIZE                          ; 8                    ; Untyped                                                                   ;
; READ_DURING_WRITE_MODE_MIXED_PORTS ; OLD_DATA             ; Untyped                                                                   ;
; READ_DURING_WRITE_MODE_PORT_A      ; NEW_DATA_NO_NBE_READ ; Untyped                                                                   ;
; READ_DURING_WRITE_MODE_PORT_B      ; NEW_DATA_NO_NBE_READ ; Untyped                                                                   ;
; INIT_FILE                          ; UNUSED               ; Untyped                                                                   ;
; INIT_FILE_LAYOUT                   ; PORT_A               ; Untyped                                                                   ;
; MAXIMUM_DEPTH                      ; 0                    ; Untyped                                                                   ;
; CLOCK_ENABLE_INPUT_A               ; NORMAL               ; Untyped                                                                   ;
; CLOCK_ENABLE_INPUT_B               ; NORMAL               ; Untyped                                                                   ;
; CLOCK_ENABLE_OUTPUT_A              ; NORMAL               ; Untyped                                                                   ;
; CLOCK_ENABLE_OUTPUT_B              ; NORMAL               ; Untyped                                                                   ;
; CLOCK_ENABLE_CORE_A                ; USE_INPUT_CLKEN      ; Untyped                                                                   ;
; CLOCK_ENABLE_CORE_B                ; USE_INPUT_CLKEN      ; Untyped                                                                   ;
; ENABLE_ECC                         ; FALSE                ; Untyped                                                                   ;
; ECC_PIPELINE_STAGE_ENABLED         ; FALSE                ; Untyped                                                                   ;
; WIDTH_ECCSTATUS                    ; 3                    ; Untyped                                                                   ;
; DEVICE_FAMILY                      ; Cyclone IV E         ; Untyped                                                                   ;
; CBXI_PARAMETER                     ; altsyncram_dli1      ; Untyped                                                                   ;
+------------------------------------+----------------------+---------------------------------------------------------------------------+
Note: In order to hide this table in the UI and the text report file, please set the "Show Parameter Settings in Synthesis Report" option in "Analysis and Synthesis Settings -> More Settings" to "Off".


+---------------------------------------------------------------------------------------------------------------------------------------+
; Parameter Settings for Inferred Entity Instance: Top:top0|DSP:dsp|Reverb:Reverb|Schroeder_Allpass:allpass_3|altsyncram:v_buffer_rtl_0 ;
+------------------------------------+----------------------+---------------------------------------------------------------------------+
; Parameter Name                     ; Value                ; Type                                                                      ;
+------------------------------------+----------------------+---------------------------------------------------------------------------+
; BYTE_SIZE_BLOCK                    ; 8                    ; Untyped                                                                   ;
; AUTO_CARRY_CHAINS                  ; ON                   ; AUTO_CARRY                                                                ;
; IGNORE_CARRY_BUFFERS               ; OFF                  ; IGNORE_CARRY                                                              ;
; AUTO_CASCADE_CHAINS                ; ON                   ; AUTO_CASCADE                                                              ;
; IGNORE_CASCADE_BUFFERS             ; OFF                  ; IGNORE_CASCADE                                                            ;
; WIDTH_BYTEENA                      ; 1                    ; Untyped                                                                   ;
; OPERATION_MODE                     ; DUAL_PORT            ; Untyped                                                                   ;
; WIDTH_A                            ; 16                   ; Untyped                                                                   ;
; WIDTHAD_A                          ; 12                   ; Untyped                                                                   ;
; NUMWORDS_A                         ; 2531                 ; Untyped                                                                   ;
; OUTDATA_REG_A                      ; UNREGISTERED         ; Untyped                                                                   ;
; ADDRESS_ACLR_A                     ; NONE                 ; Untyped                                                                   ;
; OUTDATA_ACLR_A                     ; NONE                 ; Untyped                                                                   ;
; WRCONTROL_ACLR_A                   ; NONE                 ; Untyped                                                                   ;
; INDATA_ACLR_A                      ; NONE                 ; Untyped                                                                   ;
; BYTEENA_ACLR_A                     ; NONE                 ; Untyped                                                                   ;
; WIDTH_B                            ; 16                   ; Untyped                                                                   ;
; WIDTHAD_B                          ; 12                   ; Untyped                                                                   ;
; NUMWORDS_B                         ; 2531                 ; Untyped                                                                   ;
; INDATA_REG_B                       ; CLOCK1               ; Untyped                                                                   ;
; WRCONTROL_WRADDRESS_REG_B          ; CLOCK1               ; Untyped                                                                   ;
; RDCONTROL_REG_B                    ; CLOCK1               ; Untyped                                                                   ;
; ADDRESS_REG_B                      ; CLOCK0               ; Untyped                                                                   ;
; OUTDATA_REG_B                      ; UNREGISTERED         ; Untyped                                                                   ;
; BYTEENA_REG_B                      ; CLOCK1               ; Untyped                                                                   ;
; INDATA_ACLR_B                      ; NONE                 ; Untyped                                                                   ;
; WRCONTROL_ACLR_B                   ; NONE                 ; Untyped                                                                   ;
; ADDRESS_ACLR_B                     ; NONE                 ; Untyped                                                                   ;
; OUTDATA_ACLR_B                     ; NONE                 ; Untyped                                                                   ;
; RDCONTROL_ACLR_B                   ; NONE                 ; Untyped                                                                   ;
; BYTEENA_ACLR_B                     ; NONE                 ; Untyped                                                                   ;
; WIDTH_BYTEENA_A                    ; 1                    ; Untyped                                                                   ;
; WIDTH_BYTEENA_B                    ; 1                    ; Untyped                                                                   ;
; RAM_BLOCK_TYPE                     ; AUTO                 ; Untyped                                                                   ;
; BYTE_SIZE                          ; 8                    ; Untyped                                                                   ;
; READ_DURING_WRITE_MODE_MIXED_PORTS ; OLD_DATA             ; Untyped                                                                   ;
; READ_DURING_WRITE_MODE_PORT_A      ; NEW_DATA_NO_NBE_READ ; Untyped                                                                   ;
; READ_DURING_WRITE_MODE_PORT_B      ; NEW_DATA_NO_NBE_READ ; Untyped                                                                   ;
; INIT_FILE                          ; UNUSED               ; Untyped                                                                   ;
; INIT_FILE_LAYOUT                   ; PORT_A               ; Untyped                                                                   ;
; MAXIMUM_DEPTH                      ; 0                    ; Untyped                                                                   ;
; CLOCK_ENABLE_INPUT_A               ; NORMAL               ; Untyped                                                                   ;
; CLOCK_ENABLE_INPUT_B               ; NORMAL               ; Untyped                                                                   ;
; CLOCK_ENABLE_OUTPUT_A              ; NORMAL               ; Untyped                                                                   ;
; CLOCK_ENABLE_OUTPUT_B              ; NORMAL               ; Untyped                                                                   ;
; CLOCK_ENABLE_CORE_A                ; USE_INPUT_CLKEN      ; Untyped                                                                   ;
; CLOCK_ENABLE_CORE_B                ; USE_INPUT_CLKEN      ; Untyped                                                                   ;
; ENABLE_ECC                         ; FALSE                ; Untyped                                                                   ;
; ECC_PIPELINE_STAGE_ENABLED         ; FALSE                ; Untyped                                                                   ;
; WIDTH_ECCSTATUS                    ; 3                    ; Untyped                                                                   ;
; DEVICE_FAMILY                      ; Cyclone IV E         ; Untyped                                                                   ;
; CBXI_PARAMETER                     ; altsyncram_1li1      ; Untyped                                                                   ;
+------------------------------------+----------------------+---------------------------------------------------------------------------+
Note: In order to hide this table in the UI and the text report file, please set the "Show Parameter Settings in Synthesis Report" option in "Analysis and Synthesis Settings -> More Settings" to "Off".


+---------------------------------------------------------------------------------------------------------------------------------------+
; Parameter Settings for Inferred Entity Instance: Top:top0|DSP:dsp|Reverb:Reverb|Schroeder_Allpass:allpass_2|altsyncram:v_buffer_rtl_0 ;
+------------------------------------+----------------------+---------------------------------------------------------------------------+
; Parameter Name                     ; Value                ; Type                                                                      ;
+------------------------------------+----------------------+---------------------------------------------------------------------------+
; BYTE_SIZE_BLOCK                    ; 8                    ; Untyped                                                                   ;
; AUTO_CARRY_CHAINS                  ; ON                   ; AUTO_CARRY                                                                ;
; IGNORE_CARRY_BUFFERS               ; OFF                  ; IGNORE_CARRY                                                              ;
; AUTO_CASCADE_CHAINS                ; ON                   ; AUTO_CASCADE                                                              ;
; IGNORE_CASCADE_BUFFERS             ; OFF                  ; IGNORE_CASCADE                                                            ;
; WIDTH_BYTEENA                      ; 1                    ; Untyped                                                                   ;
; OPERATION_MODE                     ; DUAL_PORT            ; Untyped                                                                   ;
; WIDTH_A                            ; 16                   ; Untyped                                                                   ;
; WIDTHAD_A                          ; 12                   ; Untyped                                                                   ;
; NUMWORDS_A                         ; 2131                 ; Untyped                                                                   ;
; OUTDATA_REG_A                      ; UNREGISTERED         ; Untyped                                                                   ;
; ADDRESS_ACLR_A                     ; NONE                 ; Untyped                                                                   ;
; OUTDATA_ACLR_A                     ; NONE                 ; Untyped                                                                   ;
; WRCONTROL_ACLR_A                   ; NONE                 ; Untyped                                                                   ;
; INDATA_ACLR_A                      ; NONE                 ; Untyped                                                                   ;
; BYTEENA_ACLR_A                     ; NONE                 ; Untyped                                                                   ;
; WIDTH_B                            ; 16                   ; Untyped                                                                   ;
; WIDTHAD_B                          ; 12                   ; Untyped                                                                   ;
; NUMWORDS_B                         ; 2131                 ; Untyped                                                                   ;
; INDATA_REG_B                       ; CLOCK1               ; Untyped                                                                   ;
; WRCONTROL_WRADDRESS_REG_B          ; CLOCK1               ; Untyped                                                                   ;
; RDCONTROL_REG_B                    ; CLOCK1               ; Untyped                                                                   ;
; ADDRESS_REG_B                      ; CLOCK0               ; Untyped                                                                   ;
; OUTDATA_REG_B                      ; UNREGISTERED         ; Untyped                                                                   ;
; BYTEENA_REG_B                      ; CLOCK1               ; Untyped                                                                   ;
; INDATA_ACLR_B                      ; NONE                 ; Untyped                                                                   ;
; WRCONTROL_ACLR_B                   ; NONE                 ; Untyped                                                                   ;
; ADDRESS_ACLR_B                     ; NONE                 ; Untyped                                                                   ;
; OUTDATA_ACLR_B                     ; NONE                 ; Untyped                                                                   ;
; RDCONTROL_ACLR_B                   ; NONE                 ; Untyped                                                                   ;
; BYTEENA_ACLR_B                     ; NONE                 ; Untyped                                                                   ;
; WIDTH_BYTEENA_A                    ; 1                    ; Untyped                                                                   ;
; WIDTH_BYTEENA_B                    ; 1                    ; Untyped                                                                   ;
; RAM_BLOCK_TYPE                     ; AUTO                 ; Untyped                                                                   ;
; BYTE_SIZE                          ; 8                    ; Untyped                                                                   ;
; READ_DURING_WRITE_MODE_MIXED_PORTS ; OLD_DATA             ; Untyped                                                                   ;
; READ_DURING_WRITE_MODE_PORT_A      ; NEW_DATA_NO_NBE_READ ; Untyped                                                                   ;
; READ_DURING_WRITE_MODE_PORT_B      ; NEW_DATA_NO_NBE_READ ; Untyped                                                                   ;
; INIT_FILE                          ; UNUSED               ; Untyped                                                                   ;
; INIT_FILE_LAYOUT                   ; PORT_A               ; Untyped                                                                   ;
; MAXIMUM_DEPTH                      ; 0                    ; Untyped                                                                   ;
; CLOCK_ENABLE_INPUT_A               ; NORMAL               ; Untyped                                                                   ;
; CLOCK_ENABLE_INPUT_B               ; NORMAL               ; Untyped                                                                   ;
; CLOCK_ENABLE_OUTPUT_A              ; NORMAL               ; Untyped                                                                   ;
; CLOCK_ENABLE_OUTPUT_B              ; NORMAL               ; Untyped                                                                   ;
; CLOCK_ENABLE_CORE_A                ; USE_INPUT_CLKEN      ; Untyped                                                                   ;
; CLOCK_ENABLE_CORE_B                ; USE_INPUT_CLKEN      ; Untyped                                                                   ;
; ENABLE_ECC                         ; FALSE                ; Untyped                                                                   ;
; ECC_PIPELINE_STAGE_ENABLED         ; FALSE                ; Untyped                                                                   ;
; WIDTH_ECCSTATUS                    ; 3                    ; Untyped                                                                   ;
; DEVICE_FAMILY                      ; Cyclone IV E         ; Untyped                                                                   ;
; CBXI_PARAMETER                     ; altsyncram_pki1      ; Untyped                                                                   ;
+------------------------------------+----------------------+---------------------------------------------------------------------------+
Note: In order to hide this table in the UI and the text report file, please set the "Show Parameter Settings in Synthesis Report" option in "Analysis and Synthesis Settings -> More Settings" to "Off".


+---------------------------------------------------------------------------------------------------------------------------------------+
; Parameter Settings for Inferred Entity Instance: Top:top0|DSP:dsp|Reverb:Reverb|Schroeder_Allpass:allpass_1|altsyncram:v_buffer_rtl_0 ;
+------------------------------------+----------------------+---------------------------------------------------------------------------+
; Parameter Name                     ; Value                ; Type                                                                      ;
+------------------------------------+----------------------+---------------------------------------------------------------------------+
; BYTE_SIZE_BLOCK                    ; 8                    ; Untyped                                                                   ;
; AUTO_CARRY_CHAINS                  ; ON                   ; AUTO_CARRY                                                                ;
; IGNORE_CARRY_BUFFERS               ; OFF                  ; IGNORE_CARRY                                                              ;
; AUTO_CASCADE_CHAINS                ; ON                   ; AUTO_CASCADE                                                              ;
; IGNORE_CASCADE_BUFFERS             ; OFF                  ; IGNORE_CASCADE                                                            ;
; WIDTH_BYTEENA                      ; 1                    ; Untyped                                                                   ;
; OPERATION_MODE                     ; DUAL_PORT            ; Untyped                                                                   ;
; WIDTH_A                            ; 16                   ; Untyped                                                                   ;
; WIDTHAD_A                          ; 11                   ; Untyped                                                                   ;
; NUMWORDS_A                         ; 1787                 ; Untyped                                                                   ;
; OUTDATA_REG_A                      ; UNREGISTERED         ; Untyped                                                                   ;
; ADDRESS_ACLR_A                     ; NONE                 ; Untyped                                                                   ;
; OUTDATA_ACLR_A                     ; NONE                 ; Untyped                                                                   ;
; WRCONTROL_ACLR_A                   ; NONE                 ; Untyped                                                                   ;
; INDATA_ACLR_A                      ; NONE                 ; Untyped                                                                   ;
; BYTEENA_ACLR_A                     ; NONE                 ; Untyped                                                                   ;
; WIDTH_B                            ; 16                   ; Untyped                                                                   ;
; WIDTHAD_B                          ; 11                   ; Untyped                                                                   ;
; NUMWORDS_B                         ; 1787                 ; Untyped                                                                   ;
; INDATA_REG_B                       ; CLOCK1               ; Untyped                                                                   ;
; WRCONTROL_WRADDRESS_REG_B          ; CLOCK1               ; Untyped                                                                   ;
; RDCONTROL_REG_B                    ; CLOCK1               ; Untyped                                                                   ;
; ADDRESS_REG_B                      ; CLOCK0               ; Untyped                                                                   ;
; OUTDATA_REG_B                      ; UNREGISTERED         ; Untyped                                                                   ;
; BYTEENA_REG_B                      ; CLOCK1               ; Untyped                                                                   ;
; INDATA_ACLR_B                      ; NONE                 ; Untyped                                                                   ;
; WRCONTROL_ACLR_B                   ; NONE                 ; Untyped                                                                   ;
; ADDRESS_ACLR_B                     ; NONE                 ; Untyped                                                                   ;
; OUTDATA_ACLR_B                     ; NONE                 ; Untyped                                                                   ;
; RDCONTROL_ACLR_B                   ; NONE                 ; Untyped                                                                   ;
; BYTEENA_ACLR_B                     ; NONE                 ; Untyped                                                                   ;
; WIDTH_BYTEENA_A                    ; 1                    ; Untyped                                                                   ;
; WIDTH_BYTEENA_B                    ; 1                    ; Untyped                                                                   ;
; RAM_BLOCK_TYPE                     ; AUTO                 ; Untyped                                                                   ;
; BYTE_SIZE                          ; 8                    ; Untyped                                                                   ;
; READ_DURING_WRITE_MODE_MIXED_PORTS ; OLD_DATA             ; Untyped                                                                   ;
; READ_DURING_WRITE_MODE_PORT_A      ; NEW_DATA_NO_NBE_READ ; Untyped                                                                   ;
; READ_DURING_WRITE_MODE_PORT_B      ; NEW_DATA_NO_NBE_READ ; Untyped                                                                   ;
; INIT_FILE                          ; UNUSED               ; Untyped                                                                   ;
; INIT_FILE_LAYOUT                   ; PORT_A               ; Untyped                                                                   ;
; MAXIMUM_DEPTH                      ; 0                    ; Untyped                                                                   ;
; CLOCK_ENABLE_INPUT_A               ; NORMAL               ; Untyped                                                                   ;
; CLOCK_ENABLE_INPUT_B               ; NORMAL               ; Untyped                                                                   ;
; CLOCK_ENABLE_OUTPUT_A              ; NORMAL               ; Untyped                                                                   ;
; CLOCK_ENABLE_OUTPUT_B              ; NORMAL               ; Untyped                                                                   ;
; CLOCK_ENABLE_CORE_A                ; USE_INPUT_CLKEN      ; Untyped                                                                   ;
; CLOCK_ENABLE_CORE_B                ; USE_INPUT_CLKEN      ; Untyped                                                                   ;
; ENABLE_ECC                         ; FALSE                ; Untyped                                                                   ;
; ECC_PIPELINE_STAGE_ENABLED         ; FALSE                ; Untyped                                                                   ;
; WIDTH_ECCSTATUS                    ; 3                    ; Untyped                                                                   ;
; DEVICE_FAMILY                      ; Cyclone IV E         ; Untyped                                                                   ;
; CBXI_PARAMETER                     ; altsyncram_nli1      ; Untyped                                                                   ;
+------------------------------------+----------------------+---------------------------------------------------------------------------+
Note: In order to hide this table in the UI and the text report file, please set the "Show Parameter Settings in Synthesis Report" option in "Analysis and Synthesis Settings -> More Settings" to "Off".


+---------------------------------------------------------------------------------------------------------------------------------------+
; Parameter Settings for Inferred Entity Instance: Top:top0|DSP:dsp|Reverb:Reverb|Schroeder_Allpass:allpass_0|altsyncram:v_buffer_rtl_0 ;
+------------------------------------+----------------------+---------------------------------------------------------------------------+
; Parameter Name                     ; Value                ; Type                                                                      ;
+------------------------------------+----------------------+---------------------------------------------------------------------------+
; BYTE_SIZE_BLOCK                    ; 8                    ; Untyped                                                                   ;
; AUTO_CARRY_CHAINS                  ; ON                   ; AUTO_CARRY                                                                ;
; IGNORE_CARRY_BUFFERS               ; OFF                  ; IGNORE_CARRY                                                              ;
; AUTO_CASCADE_CHAINS                ; ON                   ; AUTO_CASCADE                                                              ;
; IGNORE_CASCADE_BUFFERS             ; OFF                  ; IGNORE_CASCADE                                                            ;
; WIDTH_BYTEENA                      ; 1                    ; Untyped                                                                   ;
; OPERATION_MODE                     ; DUAL_PORT            ; Untyped                                                                   ;
; WIDTH_A                            ; 16                   ; Untyped                                                                   ;
; WIDTHAD_A                          ; 11                   ; Untyped                                                                   ;
; NUMWORDS_A                         ; 1423                 ; Untyped                                                                   ;
; OUTDATA_REG_A                      ; UNREGISTERED         ; Untyped                                                                   ;
; ADDRESS_ACLR_A                     ; NONE                 ; Untyped                                                                   ;
; OUTDATA_ACLR_A                     ; NONE                 ; Untyped                                                                   ;
; WRCONTROL_ACLR_A                   ; NONE                 ; Untyped                                                                   ;
; INDATA_ACLR_A                      ; NONE                 ; Untyped                                                                   ;
; BYTEENA_ACLR_A                     ; NONE                 ; Untyped                                                                   ;
; WIDTH_B                            ; 16                   ; Untyped                                                                   ;
; WIDTHAD_B                          ; 11                   ; Untyped                                                                   ;
; NUMWORDS_B                         ; 1423                 ; Untyped                                                                   ;
; INDATA_REG_B                       ; CLOCK1               ; Untyped                                                                   ;
; WRCONTROL_WRADDRESS_REG_B          ; CLOCK1               ; Untyped                                                                   ;
; RDCONTROL_REG_B                    ; CLOCK1               ; Untyped                                                                   ;
; ADDRESS_REG_B                      ; CLOCK0               ; Untyped                                                                   ;
; OUTDATA_REG_B                      ; UNREGISTERED         ; Untyped                                                                   ;
; BYTEENA_REG_B                      ; CLOCK1               ; Untyped                                                                   ;
; INDATA_ACLR_B                      ; NONE                 ; Untyped                                                                   ;
; WRCONTROL_ACLR_B                   ; NONE                 ; Untyped                                                                   ;
; ADDRESS_ACLR_B                     ; NONE                 ; Untyped                                                                   ;
; OUTDATA_ACLR_B                     ; NONE                 ; Untyped                                                                   ;
; RDCONTROL_ACLR_B                   ; NONE                 ; Untyped                                                                   ;
; BYTEENA_ACLR_B                     ; NONE                 ; Untyped                                                                   ;
; WIDTH_BYTEENA_A                    ; 1                    ; Untyped                                                                   ;
; WIDTH_BYTEENA_B                    ; 1                    ; Untyped                                                                   ;
; RAM_BLOCK_TYPE                     ; AUTO                 ; Untyped                                                                   ;
; BYTE_SIZE                          ; 8                    ; Untyped                                                                   ;
; READ_DURING_WRITE_MODE_MIXED_PORTS ; OLD_DATA             ; Untyped                                                                   ;
; READ_DURING_WRITE_MODE_PORT_A      ; NEW_DATA_NO_NBE_READ ; Untyped                                                                   ;
; READ_DURING_WRITE_MODE_PORT_B      ; NEW_DATA_NO_NBE_READ ; Untyped                                                                   ;
; INIT_FILE                          ; UNUSED               ; Untyped                                                                   ;
; INIT_FILE_LAYOUT                   ; PORT_A               ; Untyped                                                                   ;
; MAXIMUM_DEPTH                      ; 0                    ; Untyped                                                                   ;
; CLOCK_ENABLE_INPUT_A               ; NORMAL               ; Untyped                                                                   ;
; CLOCK_ENABLE_INPUT_B               ; NORMAL               ; Untyped                                                                   ;
; CLOCK_ENABLE_OUTPUT_A              ; NORMAL               ; Untyped                                                                   ;
; CLOCK_ENABLE_OUTPUT_B              ; NORMAL               ; Untyped                                                                   ;
; CLOCK_ENABLE_CORE_A                ; USE_INPUT_CLKEN      ; Untyped                                                                   ;
; CLOCK_ENABLE_CORE_B                ; USE_INPUT_CLKEN      ; Untyped                                                                   ;
; ENABLE_ECC                         ; FALSE                ; Untyped                                                                   ;
; ECC_PIPELINE_STAGE_ENABLED         ; FALSE                ; Untyped                                                                   ;
; WIDTH_ECCSTATUS                    ; 3                    ; Untyped                                                                   ;
; DEVICE_FAMILY                      ; Cyclone IV E         ; Untyped                                                                   ;
; CBXI_PARAMETER                     ; altsyncram_tki1      ; Untyped                                                                   ;
+------------------------------------+----------------------+---------------------------------------------------------------------------+
Note: In order to hide this table in the UI and the text report file, please set the "Show Parameter Settings in Synthesis Report" option in "Analysis and Synthesis Settings -> More Settings" to "Off".


+------------------------------------------------------------------+
; Parameter Settings for Inferred Entity Instance: lpm_divide:Mod2 ;
+------------------------+----------------+------------------------+
; Parameter Name         ; Value          ; Type                   ;
+------------------------+----------------+------------------------+
; LPM_WIDTHN             ; 4              ; Untyped                ;
; LPM_WIDTHD             ; 4              ; Untyped                ;
; LPM_NREPRESENTATION    ; UNSIGNED       ; Untyped                ;
; LPM_DREPRESENTATION    ; UNSIGNED       ; Untyped                ;
; LPM_PIPELINE           ; 0              ; Untyped                ;
; LPM_REMAINDERPOSITIVE  ; TRUE           ; Untyped                ;
; MAXIMIZE_SPEED         ; 5              ; Untyped                ;
; CBXI_PARAMETER         ; lpm_divide_i9m ; Untyped                ;
; CARRY_CHAIN            ; MANUAL         ; Untyped                ;
; OPTIMIZE_FOR_SPEED     ; 5              ; Untyped                ;
; AUTO_CARRY_CHAINS      ; ON             ; AUTO_CARRY             ;
; IGNORE_CARRY_BUFFERS   ; OFF            ; IGNORE_CARRY           ;
; AUTO_CASCADE_CHAINS    ; ON             ; AUTO_CASCADE           ;
; IGNORE_CASCADE_BUFFERS ; OFF            ; IGNORE_CASCADE         ;
+------------------------+----------------+------------------------+
Note: In order to hide this table in the UI and the text report file, please set the "Show Parameter Settings in Synthesis Report" option in "Analysis and Synthesis Settings -> More Settings" to "Off".


+------------------------------------------------------------------+
; Parameter Settings for Inferred Entity Instance: lpm_divide:Mod0 ;
+------------------------+----------------+------------------------+
; Parameter Name         ; Value          ; Type                   ;
+------------------------+----------------+------------------------+
; LPM_WIDTHN             ; 4              ; Untyped                ;
; LPM_WIDTHD             ; 4              ; Untyped                ;
; LPM_NREPRESENTATION    ; UNSIGNED       ; Untyped                ;
; LPM_DREPRESENTATION    ; UNSIGNED       ; Untyped                ;
; LPM_PIPELINE           ; 0              ; Untyped                ;
; LPM_REMAINDERPOSITIVE  ; TRUE           ; Untyped                ;
; MAXIMIZE_SPEED         ; 5              ; Untyped                ;
; CBXI_PARAMETER         ; lpm_divide_i9m ; Untyped                ;
; CARRY_CHAIN            ; MANUAL         ; Untyped                ;
; OPTIMIZE_FOR_SPEED     ; 5              ; Untyped                ;
; AUTO_CARRY_CHAINS      ; ON             ; AUTO_CARRY             ;
; IGNORE_CARRY_BUFFERS   ; OFF            ; IGNORE_CARRY           ;
; AUTO_CASCADE_CHAINS    ; ON             ; AUTO_CASCADE           ;
; IGNORE_CASCADE_BUFFERS ; OFF            ; IGNORE_CASCADE         ;
+------------------------+----------------+------------------------+
Note: In order to hide this table in the UI and the text report file, please set the "Show Parameter Settings in Synthesis Report" option in "Analysis and Synthesis Settings -> More Settings" to "Off".


+------------------------------------------------------------------+
; Parameter Settings for Inferred Entity Instance: lpm_divide:Mod1 ;
+------------------------+----------------+------------------------+
; Parameter Name         ; Value          ; Type                   ;
+------------------------+----------------+------------------------+
; LPM_WIDTHN             ; 4              ; Untyped                ;
; LPM_WIDTHD             ; 4              ; Untyped                ;
; LPM_NREPRESENTATION    ; UNSIGNED       ; Untyped                ;
; LPM_DREPRESENTATION    ; UNSIGNED       ; Untyped                ;
; LPM_PIPELINE           ; 0              ; Untyped                ;
; LPM_REMAINDERPOSITIVE  ; TRUE           ; Untyped                ;
; MAXIMIZE_SPEED         ; 5              ; Untyped                ;
; CBXI_PARAMETER         ; lpm_divide_i9m ; Untyped                ;
; CARRY_CHAIN            ; MANUAL         ; Untyped                ;
; OPTIMIZE_FOR_SPEED     ; 5              ; Untyped                ;
; AUTO_CARRY_CHAINS      ; ON             ; AUTO_CARRY             ;
; IGNORE_CARRY_BUFFERS   ; OFF            ; IGNORE_CARRY           ;
; AUTO_CASCADE_CHAINS    ; ON             ; AUTO_CASCADE           ;
; IGNORE_CASCADE_BUFFERS ; OFF            ; IGNORE_CASCADE         ;
+------------------------+----------------+------------------------+
Note: In order to hide this table in the UI and the text report file, please set the "Show Parameter Settings in Synthesis Report" option in "Analysis and Synthesis Settings -> More Settings" to "Off".


+--------------------------------------------------------------------------------------------+
; Parameter Settings for Inferred Entity Instance: Top:top0|DSP:dsp|fuzz:Fuzz|lpm_mult:Mult2 ;
+------------------------------------------------+--------------+----------------------------+
; Parameter Name                                 ; Value        ; Type                       ;
+------------------------------------------------+--------------+----------------------------+
; AUTO_CARRY_CHAINS                              ; ON           ; AUTO_CARRY                 ;
; IGNORE_CARRY_BUFFERS                           ; OFF          ; IGNORE_CARRY               ;
; AUTO_CASCADE_CHAINS                            ; ON           ; AUTO_CASCADE               ;
; IGNORE_CASCADE_BUFFERS                         ; OFF          ; IGNORE_CASCADE             ;
; LPM_WIDTHA                                     ; 16           ; Untyped                    ;
; LPM_WIDTHB                                     ; 17           ; Untyped                    ;
; LPM_WIDTHP                                     ; 33           ; Untyped                    ;
; LPM_WIDTHR                                     ; 33           ; Untyped                    ;
; LPM_WIDTHS                                     ; 1            ; Untyped                    ;
; LPM_REPRESENTATION                             ; SIGNED       ; Untyped                    ;
; LPM_PIPELINE                                   ; 0            ; Untyped                    ;
; LATENCY                                        ; 0            ; Untyped                    ;
; INPUT_A_IS_CONSTANT                            ; NO           ; Untyped                    ;
; INPUT_B_IS_CONSTANT                            ; NO           ; Untyped                    ;
; USE_EAB                                        ; OFF          ; Untyped                    ;
; MAXIMIZE_SPEED                                 ; 5            ; Untyped                    ;
; DEVICE_FAMILY                                  ; Cyclone IV E ; Untyped                    ;
; CARRY_CHAIN                                    ; MANUAL       ; Untyped                    ;
; APEX20K_TECHNOLOGY_MAPPER                      ; LUT          ; TECH_MAPPER_APEX20K        ;
; DEDICATED_MULTIPLIER_CIRCUITRY                 ; AUTO         ; Untyped                    ;
; DEDICATED_MULTIPLIER_MIN_INPUT_WIDTH_FOR_AUTO  ; 0            ; Untyped                    ;
; DEDICATED_MULTIPLIER_MIN_OUTPUT_WIDTH_FOR_AUTO ; 0            ; Untyped                    ;
; CBXI_PARAMETER                                 ; mult_e6t     ; Untyped                    ;
; INPUT_A_FIXED_VALUE                            ; Bx           ; Untyped                    ;
; INPUT_B_FIXED_VALUE                            ; Bx           ; Untyped                    ;
; USE_AHDL_IMPLEMENTATION                        ; OFF          ; Untyped                    ;
+------------------------------------------------+--------------+----------------------------+
Note: In order to hide this table in the UI and the text report file, please set the "Show Parameter Settings in Synthesis Report" option in "Analysis and Synthesis Settings -> More Settings" to "Off".


+--------------------------------------------------------------------------------------------------------+
; Parameter Settings for Inferred Entity Instance: Top:top0|DSP:dsp|Noise_Gate:Noise_Gate|lpm_mult:Mult0 ;
+------------------------------------------------+--------------+----------------------------------------+
; Parameter Name                                 ; Value        ; Type                                   ;
+------------------------------------------------+--------------+----------------------------------------+
; AUTO_CARRY_CHAINS                              ; ON           ; AUTO_CARRY                             ;
; IGNORE_CARRY_BUFFERS                           ; OFF          ; IGNORE_CARRY                           ;
; AUTO_CASCADE_CHAINS                            ; ON           ; AUTO_CASCADE                           ;
; IGNORE_CASCADE_BUFFERS                         ; OFF          ; IGNORE_CASCADE                         ;
; LPM_WIDTHA                                     ; 16           ; Untyped                                ;
; LPM_WIDTHB                                     ; 16           ; Untyped                                ;
; LPM_WIDTHP                                     ; 32           ; Untyped                                ;
; LPM_WIDTHR                                     ; 32           ; Untyped                                ;
; LPM_WIDTHS                                     ; 1            ; Untyped                                ;
; LPM_REPRESENTATION                             ; SIGNED       ; Untyped                                ;
; LPM_PIPELINE                                   ; 0            ; Untyped                                ;
; LATENCY                                        ; 0            ; Untyped                                ;
; INPUT_A_IS_CONSTANT                            ; NO           ; Untyped                                ;
; INPUT_B_IS_CONSTANT                            ; NO           ; Untyped                                ;
; USE_EAB                                        ; OFF          ; Untyped                                ;
; MAXIMIZE_SPEED                                 ; 5            ; Untyped                                ;
; DEVICE_FAMILY                                  ; Cyclone IV E ; Untyped                                ;
; CARRY_CHAIN                                    ; MANUAL       ; Untyped                                ;
; APEX20K_TECHNOLOGY_MAPPER                      ; LUT          ; TECH_MAPPER_APEX20K                    ;
; DEDICATED_MULTIPLIER_CIRCUITRY                 ; AUTO         ; Untyped                                ;
; DEDICATED_MULTIPLIER_MIN_INPUT_WIDTH_FOR_AUTO  ; 0            ; Untyped                                ;
; DEDICATED_MULTIPLIER_MIN_OUTPUT_WIDTH_FOR_AUTO ; 0            ; Untyped                                ;
; CBXI_PARAMETER                                 ; mult_86t     ; Untyped                                ;
; INPUT_A_FIXED_VALUE                            ; Bx           ; Untyped                                ;
; INPUT_B_FIXED_VALUE                            ; Bx           ; Untyped                                ;
; USE_AHDL_IMPLEMENTATION                        ; OFF          ; Untyped                                ;
+------------------------------------------------+--------------+----------------------------------------+
Note: In order to hide this table in the UI and the text report file, please set the "Show Parameter Settings in Synthesis Report" option in "Analysis and Synthesis Settings -> More Settings" to "Off".


+--------------------------------------------------------------------------------------------------------+
; Parameter Settings for Inferred Entity Instance: Top:top0|DSP:dsp|distortion:Distortion|lpm_mult:Mult0 ;
+------------------------------------------------+--------------+----------------------------------------+
; Parameter Name                                 ; Value        ; Type                                   ;
+------------------------------------------------+--------------+----------------------------------------+
; AUTO_CARRY_CHAINS                              ; ON           ; AUTO_CARRY                             ;
; IGNORE_CARRY_BUFFERS                           ; OFF          ; IGNORE_CARRY                           ;
; AUTO_CASCADE_CHAINS                            ; ON           ; AUTO_CASCADE                           ;
; IGNORE_CASCADE_BUFFERS                         ; OFF          ; IGNORE_CASCADE                         ;
; LPM_WIDTHA                                     ; 17           ; Untyped                                ;
; LPM_WIDTHB                                     ; 17           ; Untyped                                ;
; LPM_WIDTHP                                     ; 34           ; Untyped                                ;
; LPM_WIDTHR                                     ; 34           ; Untyped                                ;
; LPM_WIDTHS                                     ; 1            ; Untyped                                ;
; LPM_REPRESENTATION                             ; SIGNED       ; Untyped                                ;
; LPM_PIPELINE                                   ; 0            ; Untyped                                ;
; LATENCY                                        ; 0            ; Untyped                                ;
; INPUT_A_IS_CONSTANT                            ; NO           ; Untyped                                ;
; INPUT_B_IS_CONSTANT                            ; NO           ; Untyped                                ;
; USE_EAB                                        ; OFF          ; Untyped                                ;
; MAXIMIZE_SPEED                                 ; 5            ; Untyped                                ;
; DEVICE_FAMILY                                  ; Cyclone IV E ; Untyped                                ;
; CARRY_CHAIN                                    ; MANUAL       ; Untyped                                ;
; APEX20K_TECHNOLOGY_MAPPER                      ; LUT          ; TECH_MAPPER_APEX20K                    ;
; DEDICATED_MULTIPLIER_CIRCUITRY                 ; AUTO         ; Untyped                                ;
; DEDICATED_MULTIPLIER_MIN_INPUT_WIDTH_FOR_AUTO  ; 0            ; Untyped                                ;
; DEDICATED_MULTIPLIER_MIN_OUTPUT_WIDTH_FOR_AUTO ; 0            ; Untyped                                ;
; CBXI_PARAMETER                                 ; mult_96t     ; Untyped                                ;
; INPUT_A_FIXED_VALUE                            ; Bx           ; Untyped                                ;
; INPUT_B_FIXED_VALUE                            ; Bx           ; Untyped                                ;
; USE_AHDL_IMPLEMENTATION                        ; OFF          ; Untyped                                ;
+------------------------------------------------+--------------+----------------------------------------+
Note: In order to hide this table in the UI and the text report file, please set the "Show Parameter Settings in Synthesis Report" option in "Analysis and Synthesis Settings -> More Settings" to "Off".


+------------------------------------------------------------------------------------------------------+
; Parameter Settings for Inferred Entity Instance: Top:top0|DSP:dsp|Overdrive:Overdrive|lpm_mult:Mult0 ;
+------------------------------------------------+--------------+--------------------------------------+
; Parameter Name                                 ; Value        ; Type                                 ;
+------------------------------------------------+--------------+--------------------------------------+
; AUTO_CARRY_CHAINS                              ; ON           ; AUTO_CARRY                           ;
; IGNORE_CARRY_BUFFERS                           ; OFF          ; IGNORE_CARRY                         ;
; AUTO_CASCADE_CHAINS                            ; ON           ; AUTO_CASCADE                         ;
; IGNORE_CASCADE_BUFFERS                         ; OFF          ; IGNORE_CASCADE                       ;
; LPM_WIDTHA                                     ; 16           ; Untyped                              ;
; LPM_WIDTHB                                     ; 17           ; Untyped                              ;
; LPM_WIDTHP                                     ; 33           ; Untyped                              ;
; LPM_WIDTHR                                     ; 33           ; Untyped                              ;
; LPM_WIDTHS                                     ; 1            ; Untyped                              ;
; LPM_REPRESENTATION                             ; SIGNED       ; Untyped                              ;
; LPM_PIPELINE                                   ; 0            ; Untyped                              ;
; LATENCY                                        ; 0            ; Untyped                              ;
; INPUT_A_IS_CONSTANT                            ; NO           ; Untyped                              ;
; INPUT_B_IS_CONSTANT                            ; NO           ; Untyped                              ;
; USE_EAB                                        ; OFF          ; Untyped                              ;
; MAXIMIZE_SPEED                                 ; 5            ; Untyped                              ;
; DEVICE_FAMILY                                  ; Cyclone IV E ; Untyped                              ;
; CARRY_CHAIN                                    ; MANUAL       ; Untyped                              ;
; APEX20K_TECHNOLOGY_MAPPER                      ; LUT          ; TECH_MAPPER_APEX20K                  ;
; DEDICATED_MULTIPLIER_CIRCUITRY                 ; AUTO         ; Untyped                              ;
; DEDICATED_MULTIPLIER_MIN_INPUT_WIDTH_FOR_AUTO  ; 0            ; Untyped                              ;
; DEDICATED_MULTIPLIER_MIN_OUTPUT_WIDTH_FOR_AUTO ; 0            ; Untyped                              ;
; CBXI_PARAMETER                                 ; mult_e6t     ; Untyped                              ;
; INPUT_A_FIXED_VALUE                            ; Bx           ; Untyped                              ;
; INPUT_B_FIXED_VALUE                            ; Bx           ; Untyped                              ;
; USE_AHDL_IMPLEMENTATION                        ; OFF          ; Untyped                              ;
+------------------------------------------------+--------------+--------------------------------------+
Note: In order to hide this table in the UI and the text report file, please set the "Show Parameter Settings in Synthesis Report" option in "Analysis and Synthesis Settings -> More Settings" to "Off".


+------------------------------------------------------------------------------------------------+
; Parameter Settings for Inferred Entity Instance: Top:top0|DSP:dsp|Chorus:Chorus|lpm_mult:Mult3 ;
+------------------------------------------------+--------------+--------------------------------+
; Parameter Name                                 ; Value        ; Type                           ;
+------------------------------------------------+--------------+--------------------------------+
; AUTO_CARRY_CHAINS                              ; ON           ; AUTO_CARRY                     ;
; IGNORE_CARRY_BUFFERS                           ; OFF          ; IGNORE_CARRY                   ;
; AUTO_CASCADE_CHAINS                            ; ON           ; AUTO_CASCADE                   ;
; IGNORE_CASCADE_BUFFERS                         ; OFF          ; IGNORE_CASCADE                 ;
; LPM_WIDTHA                                     ; 8            ; Untyped                        ;
; LPM_WIDTHB                                     ; 16           ; Untyped                        ;
; LPM_WIDTHP                                     ; 24           ; Untyped                        ;
; LPM_WIDTHR                                     ; 24           ; Untyped                        ;
; LPM_WIDTHS                                     ; 1            ; Untyped                        ;
; LPM_REPRESENTATION                             ; SIGNED       ; Untyped                        ;
; LPM_PIPELINE                                   ; 0            ; Untyped                        ;
; LATENCY                                        ; 0            ; Untyped                        ;
; INPUT_A_IS_CONSTANT                            ; NO           ; Untyped                        ;
; INPUT_B_IS_CONSTANT                            ; NO           ; Untyped                        ;
; USE_EAB                                        ; OFF          ; Untyped                        ;
; MAXIMIZE_SPEED                                 ; 5            ; Untyped                        ;
; DEVICE_FAMILY                                  ; Cyclone IV E ; Untyped                        ;
; CARRY_CHAIN                                    ; MANUAL       ; Untyped                        ;
; APEX20K_TECHNOLOGY_MAPPER                      ; LUT          ; TECH_MAPPER_APEX20K            ;
; DEDICATED_MULTIPLIER_CIRCUITRY                 ; AUTO         ; Untyped                        ;
; DEDICATED_MULTIPLIER_MIN_INPUT_WIDTH_FOR_AUTO  ; 0            ; Untyped                        ;
; DEDICATED_MULTIPLIER_MIN_OUTPUT_WIDTH_FOR_AUTO ; 0            ; Untyped                        ;
; CBXI_PARAMETER                                 ; mult_m4t     ; Untyped                        ;
; INPUT_A_FIXED_VALUE                            ; Bx           ; Untyped                        ;
; INPUT_B_FIXED_VALUE                            ; Bx           ; Untyped                        ;
; USE_AHDL_IMPLEMENTATION                        ; OFF          ; Untyped                        ;
+------------------------------------------------+--------------+--------------------------------+
Note: In order to hide this table in the UI and the text report file, please set the "Show Parameter Settings in Synthesis Report" option in "Analysis and Synthesis Settings -> More Settings" to "Off".


+------------------------------------------------------------------------------------------------+
; Parameter Settings for Inferred Entity Instance: Top:top0|DSP:dsp|Chorus:Chorus|lpm_mult:Mult4 ;
+------------------------------------------------+--------------+--------------------------------+
; Parameter Name                                 ; Value        ; Type                           ;
+------------------------------------------------+--------------+--------------------------------+
; AUTO_CARRY_CHAINS                              ; ON           ; AUTO_CARRY                     ;
; IGNORE_CARRY_BUFFERS                           ; OFF          ; IGNORE_CARRY                   ;
; AUTO_CASCADE_CHAINS                            ; ON           ; AUTO_CASCADE                   ;
; IGNORE_CASCADE_BUFFERS                         ; OFF          ; IGNORE_CASCADE                 ;
; LPM_WIDTHA                                     ; 8            ; Untyped                        ;
; LPM_WIDTHB                                     ; 16           ; Untyped                        ;
; LPM_WIDTHP                                     ; 24           ; Untyped                        ;
; LPM_WIDTHR                                     ; 24           ; Untyped                        ;
; LPM_WIDTHS                                     ; 1            ; Untyped                        ;
; LPM_REPRESENTATION                             ; SIGNED       ; Untyped                        ;
; LPM_PIPELINE                                   ; 0            ; Untyped                        ;
; LATENCY                                        ; 0            ; Untyped                        ;
; INPUT_A_IS_CONSTANT                            ; NO           ; Untyped                        ;
; INPUT_B_IS_CONSTANT                            ; NO           ; Untyped                        ;
; USE_EAB                                        ; OFF          ; Untyped                        ;
; MAXIMIZE_SPEED                                 ; 5            ; Untyped                        ;
; DEVICE_FAMILY                                  ; Cyclone IV E ; Untyped                        ;
; CARRY_CHAIN                                    ; MANUAL       ; Untyped                        ;
; APEX20K_TECHNOLOGY_MAPPER                      ; LUT          ; TECH_MAPPER_APEX20K            ;
; DEDICATED_MULTIPLIER_CIRCUITRY                 ; AUTO         ; Untyped                        ;
; DEDICATED_MULTIPLIER_MIN_INPUT_WIDTH_FOR_AUTO  ; 0            ; Untyped                        ;
; DEDICATED_MULTIPLIER_MIN_OUTPUT_WIDTH_FOR_AUTO ; 0            ; Untyped                        ;
; CBXI_PARAMETER                                 ; mult_m4t     ; Untyped                        ;
; INPUT_A_FIXED_VALUE                            ; Bx           ; Untyped                        ;
; INPUT_B_FIXED_VALUE                            ; Bx           ; Untyped                        ;
; USE_AHDL_IMPLEMENTATION                        ; OFF          ; Untyped                        ;
+------------------------------------------------+--------------+--------------------------------+
Note: In order to hide this table in the UI and the text report file, please set the "Show Parameter Settings in Synthesis Report" option in "Analysis and Synthesis Settings -> More Settings" to "Off".


+--------------------------------------------------------------------------------------------+
; Parameter Settings for Inferred Entity Instance: Top:top0|DSP:dsp|fuzz:Fuzz|lpm_mult:Mult0 ;
+------------------------------------------------+--------------+----------------------------+
; Parameter Name                                 ; Value        ; Type                       ;
+------------------------------------------------+--------------+----------------------------+
; AUTO_CARRY_CHAINS                              ; ON           ; AUTO_CARRY                 ;
; IGNORE_CARRY_BUFFERS                           ; OFF          ; IGNORE_CARRY               ;
; AUTO_CASCADE_CHAINS                            ; ON           ; AUTO_CASCADE               ;
; IGNORE_CASCADE_BUFFERS                         ; OFF          ; IGNORE_CASCADE             ;
; LPM_WIDTHA                                     ; 16           ; Untyped                    ;
; LPM_WIDTHB                                     ; 9            ; Untyped                    ;
; LPM_WIDTHP                                     ; 25           ; Untyped                    ;
; LPM_WIDTHR                                     ; 25           ; Untyped                    ;
; LPM_WIDTHS                                     ; 1            ; Untyped                    ;
; LPM_REPRESENTATION                             ; SIGNED       ; Untyped                    ;
; LPM_PIPELINE                                   ; 0            ; Untyped                    ;
; LATENCY                                        ; 0            ; Untyped                    ;
; INPUT_A_IS_CONSTANT                            ; NO           ; Untyped                    ;
; INPUT_B_IS_CONSTANT                            ; NO           ; Untyped                    ;
; USE_EAB                                        ; OFF          ; Untyped                    ;
; MAXIMIZE_SPEED                                 ; 5            ; Untyped                    ;
; DEVICE_FAMILY                                  ; Cyclone IV E ; Untyped                    ;
; CARRY_CHAIN                                    ; MANUAL       ; Untyped                    ;
; APEX20K_TECHNOLOGY_MAPPER                      ; LUT          ; TECH_MAPPER_APEX20K        ;
; DEDICATED_MULTIPLIER_CIRCUITRY                 ; AUTO         ; Untyped                    ;
; DEDICATED_MULTIPLIER_MIN_INPUT_WIDTH_FOR_AUTO  ; 0            ; Untyped                    ;
; DEDICATED_MULTIPLIER_MIN_OUTPUT_WIDTH_FOR_AUTO ; 0            ; Untyped                    ;
; CBXI_PARAMETER                                 ; mult_o4t     ; Untyped                    ;
; INPUT_A_FIXED_VALUE                            ; Bx           ; Untyped                    ;
; INPUT_B_FIXED_VALUE                            ; Bx           ; Untyped                    ;
; USE_AHDL_IMPLEMENTATION                        ; OFF          ; Untyped                    ;
+------------------------------------------------+--------------+----------------------------+
Note: In order to hide this table in the UI and the text report file, please set the "Show Parameter Settings in Synthesis Report" option in "Analysis and Synthesis Settings -> More Settings" to "Off".


+--------------------------------------------------------------------------------------------------------+
; Parameter Settings for Inferred Entity Instance: Top:top0|DSP:dsp|Noise_Gate:Noise_Gate|lpm_mult:Mult1 ;
+------------------------------------------------+--------------+----------------------------------------+
; Parameter Name                                 ; Value        ; Type                                   ;
+------------------------------------------------+--------------+----------------------------------------+
; AUTO_CARRY_CHAINS                              ; ON           ; AUTO_CARRY                             ;
; IGNORE_CARRY_BUFFERS                           ; OFF          ; IGNORE_CARRY                           ;
; AUTO_CASCADE_CHAINS                            ; ON           ; AUTO_CASCADE                           ;
; IGNORE_CASCADE_BUFFERS                         ; OFF          ; IGNORE_CASCADE                         ;
; LPM_WIDTHA                                     ; 17           ; Untyped                                ;
; LPM_WIDTHB                                     ; 9            ; Untyped                                ;
; LPM_WIDTHP                                     ; 26           ; Untyped                                ;
; LPM_WIDTHR                                     ; 26           ; Untyped                                ;
; LPM_WIDTHS                                     ; 1            ; Untyped                                ;
; LPM_REPRESENTATION                             ; SIGNED       ; Untyped                                ;
; LPM_PIPELINE                                   ; 0            ; Untyped                                ;
; LATENCY                                        ; 0            ; Untyped                                ;
; INPUT_A_IS_CONSTANT                            ; NO           ; Untyped                                ;
; INPUT_B_IS_CONSTANT                            ; NO           ; Untyped                                ;
; USE_EAB                                        ; OFF          ; Untyped                                ;
; MAXIMIZE_SPEED                                 ; 5            ; Untyped                                ;
; DEVICE_FAMILY                                  ; Cyclone IV E ; Untyped                                ;
; CARRY_CHAIN                                    ; MANUAL       ; Untyped                                ;
; APEX20K_TECHNOLOGY_MAPPER                      ; LUT          ; TECH_MAPPER_APEX20K                    ;
; DEDICATED_MULTIPLIER_CIRCUITRY                 ; AUTO         ; Untyped                                ;
; DEDICATED_MULTIPLIER_MIN_INPUT_WIDTH_FOR_AUTO  ; 0            ; Untyped                                ;
; DEDICATED_MULTIPLIER_MIN_OUTPUT_WIDTH_FOR_AUTO ; 0            ; Untyped                                ;
; CBXI_PARAMETER                                 ; mult_p4t     ; Untyped                                ;
; INPUT_A_FIXED_VALUE                            ; Bx           ; Untyped                                ;
; INPUT_B_FIXED_VALUE                            ; Bx           ; Untyped                                ;
; USE_AHDL_IMPLEMENTATION                        ; OFF          ; Untyped                                ;
+------------------------------------------------+--------------+----------------------------------------+
Note: In order to hide this table in the UI and the text report file, please set the "Show Parameter Settings in Synthesis Report" option in "Analysis and Synthesis Settings -> More Settings" to "Off".


+--------------------------------------------------------------------------------------------------------------------+
; Parameter Settings for Inferred Entity Instance: Top:top0|DSP:dsp|distortion:Distortion|tanh:u_tanh|lpm_mult:Mult0 ;
+------------------------------------------------+--------------+----------------------------------------------------+
; Parameter Name                                 ; Value        ; Type                                               ;
+------------------------------------------------+--------------+----------------------------------------------------+
; AUTO_CARRY_CHAINS                              ; ON           ; AUTO_CARRY                                         ;
; IGNORE_CARRY_BUFFERS                           ; OFF          ; IGNORE_CARRY                                       ;
; AUTO_CASCADE_CHAINS                            ; ON           ; AUTO_CASCADE                                       ;
; IGNORE_CASCADE_BUFFERS                         ; OFF          ; IGNORE_CASCADE                                     ;
; LPM_WIDTHA                                     ; 16           ; Untyped                                            ;
; LPM_WIDTHB                                     ; 9            ; Untyped                                            ;
; LPM_WIDTHP                                     ; 25           ; Untyped                                            ;
; LPM_WIDTHR                                     ; 25           ; Untyped                                            ;
; LPM_WIDTHS                                     ; 1            ; Untyped                                            ;
; LPM_REPRESENTATION                             ; SIGNED       ; Untyped                                            ;
; LPM_PIPELINE                                   ; 0            ; Untyped                                            ;
; LATENCY                                        ; 0            ; Untyped                                            ;
; INPUT_A_IS_CONSTANT                            ; NO           ; Untyped                                            ;
; INPUT_B_IS_CONSTANT                            ; NO           ; Untyped                                            ;
; USE_EAB                                        ; OFF          ; Untyped                                            ;
; MAXIMIZE_SPEED                                 ; 5            ; Untyped                                            ;
; DEVICE_FAMILY                                  ; Cyclone IV E ; Untyped                                            ;
; CARRY_CHAIN                                    ; MANUAL       ; Untyped                                            ;
; APEX20K_TECHNOLOGY_MAPPER                      ; LUT          ; TECH_MAPPER_APEX20K                                ;
; DEDICATED_MULTIPLIER_CIRCUITRY                 ; AUTO         ; Untyped                                            ;
; DEDICATED_MULTIPLIER_MIN_INPUT_WIDTH_FOR_AUTO  ; 0            ; Untyped                                            ;
; DEDICATED_MULTIPLIER_MIN_OUTPUT_WIDTH_FOR_AUTO ; 0            ; Untyped                                            ;
; CBXI_PARAMETER                                 ; mult_o4t     ; Untyped                                            ;
; INPUT_A_FIXED_VALUE                            ; Bx           ; Untyped                                            ;
; INPUT_B_FIXED_VALUE                            ; Bx           ; Untyped                                            ;
; USE_AHDL_IMPLEMENTATION                        ; OFF          ; Untyped                                            ;
+------------------------------------------------+--------------+----------------------------------------------------+
Note: In order to hide this table in the UI and the text report file, please set the "Show Parameter Settings in Synthesis Report" option in "Analysis and Synthesis Settings -> More Settings" to "Off".


+------------------------------------------------------------------------------------------------------------------+
; Parameter Settings for Inferred Entity Instance: Top:top0|DSP:dsp|Overdrive:Overdrive|tanh:u_tanh|lpm_mult:Mult0 ;
+------------------------------------------------+--------------+--------------------------------------------------+
; Parameter Name                                 ; Value        ; Type                                             ;
+------------------------------------------------+--------------+--------------------------------------------------+
; AUTO_CARRY_CHAINS                              ; ON           ; AUTO_CARRY                                       ;
; IGNORE_CARRY_BUFFERS                           ; OFF          ; IGNORE_CARRY                                     ;
; AUTO_CASCADE_CHAINS                            ; ON           ; AUTO_CASCADE                                     ;
; IGNORE_CASCADE_BUFFERS                         ; OFF          ; IGNORE_CASCADE                                   ;
; LPM_WIDTHA                                     ; 16           ; Untyped                                          ;
; LPM_WIDTHB                                     ; 9            ; Untyped                                          ;
; LPM_WIDTHP                                     ; 25           ; Untyped                                          ;
; LPM_WIDTHR                                     ; 25           ; Untyped                                          ;
; LPM_WIDTHS                                     ; 1            ; Untyped                                          ;
; LPM_REPRESENTATION                             ; SIGNED       ; Untyped                                          ;
; LPM_PIPELINE                                   ; 0            ; Untyped                                          ;
; LATENCY                                        ; 0            ; Untyped                                          ;
; INPUT_A_IS_CONSTANT                            ; NO           ; Untyped                                          ;
; INPUT_B_IS_CONSTANT                            ; NO           ; Untyped                                          ;
; USE_EAB                                        ; OFF          ; Untyped                                          ;
; MAXIMIZE_SPEED                                 ; 5            ; Untyped                                          ;
; DEVICE_FAMILY                                  ; Cyclone IV E ; Untyped                                          ;
; CARRY_CHAIN                                    ; MANUAL       ; Untyped                                          ;
; APEX20K_TECHNOLOGY_MAPPER                      ; LUT          ; TECH_MAPPER_APEX20K                              ;
; DEDICATED_MULTIPLIER_CIRCUITRY                 ; AUTO         ; Untyped                                          ;
; DEDICATED_MULTIPLIER_MIN_INPUT_WIDTH_FOR_AUTO  ; 0            ; Untyped                                          ;
; DEDICATED_MULTIPLIER_MIN_OUTPUT_WIDTH_FOR_AUTO ; 0            ; Untyped                                          ;
; CBXI_PARAMETER                                 ; mult_o4t     ; Untyped                                          ;
; INPUT_A_FIXED_VALUE                            ; Bx           ; Untyped                                          ;
; INPUT_B_FIXED_VALUE                            ; Bx           ; Untyped                                          ;
; USE_AHDL_IMPLEMENTATION                        ; OFF          ; Untyped                                          ;
+------------------------------------------------+--------------+--------------------------------------------------+
Note: In order to hide this table in the UI and the text report file, please set the "Show Parameter Settings in Synthesis Report" option in "Analysis and Synthesis Settings -> More Settings" to "Off".


+--------------------------------------------------------------------------------------------------+
; Parameter Settings for Inferred Entity Instance: Top:top0|DSP:dsp|Flanger:Flanger|lpm_mult:Mult4 ;
+------------------------------------------------+--------------+----------------------------------+
; Parameter Name                                 ; Value        ; Type                             ;
+------------------------------------------------+--------------+----------------------------------+
; AUTO_CARRY_CHAINS                              ; ON           ; AUTO_CARRY                       ;
; IGNORE_CARRY_BUFFERS                           ; OFF          ; IGNORE_CARRY                     ;
; AUTO_CASCADE_CHAINS                            ; ON           ; AUTO_CASCADE                     ;
; IGNORE_CASCADE_BUFFERS                         ; OFF          ; IGNORE_CASCADE                   ;
; LPM_WIDTHA                                     ; 8            ; Untyped                          ;
; LPM_WIDTHB                                     ; 16           ; Untyped                          ;
; LPM_WIDTHP                                     ; 24           ; Untyped                          ;
; LPM_WIDTHR                                     ; 24           ; Untyped                          ;
; LPM_WIDTHS                                     ; 1            ; Untyped                          ;
; LPM_REPRESENTATION                             ; SIGNED       ; Untyped                          ;
; LPM_PIPELINE                                   ; 0            ; Untyped                          ;
; LATENCY                                        ; 0            ; Untyped                          ;
; INPUT_A_IS_CONSTANT                            ; NO           ; Untyped                          ;
; INPUT_B_IS_CONSTANT                            ; NO           ; Untyped                          ;
; USE_EAB                                        ; OFF          ; Untyped                          ;
; MAXIMIZE_SPEED                                 ; 5            ; Untyped                          ;
; DEVICE_FAMILY                                  ; Cyclone IV E ; Untyped                          ;
; CARRY_CHAIN                                    ; MANUAL       ; Untyped                          ;
; APEX20K_TECHNOLOGY_MAPPER                      ; LUT          ; TECH_MAPPER_APEX20K              ;
; DEDICATED_MULTIPLIER_CIRCUITRY                 ; AUTO         ; Untyped                          ;
; DEDICATED_MULTIPLIER_MIN_INPUT_WIDTH_FOR_AUTO  ; 0            ; Untyped                          ;
; DEDICATED_MULTIPLIER_MIN_OUTPUT_WIDTH_FOR_AUTO ; 0            ; Untyped                          ;
; CBXI_PARAMETER                                 ; mult_m4t     ; Untyped                          ;
; INPUT_A_FIXED_VALUE                            ; Bx           ; Untyped                          ;
; INPUT_B_FIXED_VALUE                            ; Bx           ; Untyped                          ;
; USE_AHDL_IMPLEMENTATION                        ; OFF          ; Untyped                          ;
+------------------------------------------------+--------------+----------------------------------+
Note: In order to hide this table in the UI and the text report file, please set the "Show Parameter Settings in Synthesis Report" option in "Analysis and Synthesis Settings -> More Settings" to "Off".


+--------------------------------------------------------------------------------------------------+
; Parameter Settings for Inferred Entity Instance: Top:top0|DSP:dsp|Flanger:Flanger|lpm_mult:Mult5 ;
+------------------------------------------------+--------------+----------------------------------+
; Parameter Name                                 ; Value        ; Type                             ;
+------------------------------------------------+--------------+----------------------------------+
; AUTO_CARRY_CHAINS                              ; ON           ; AUTO_CARRY                       ;
; IGNORE_CARRY_BUFFERS                           ; OFF          ; IGNORE_CARRY                     ;
; AUTO_CASCADE_CHAINS                            ; ON           ; AUTO_CASCADE                     ;
; IGNORE_CASCADE_BUFFERS                         ; OFF          ; IGNORE_CASCADE                   ;
; LPM_WIDTHA                                     ; 8            ; Untyped                          ;
; LPM_WIDTHB                                     ; 16           ; Untyped                          ;
; LPM_WIDTHP                                     ; 24           ; Untyped                          ;
; LPM_WIDTHR                                     ; 24           ; Untyped                          ;
; LPM_WIDTHS                                     ; 1            ; Untyped                          ;
; LPM_REPRESENTATION                             ; SIGNED       ; Untyped                          ;
; LPM_PIPELINE                                   ; 0            ; Untyped                          ;
; LATENCY                                        ; 0            ; Untyped                          ;
; INPUT_A_IS_CONSTANT                            ; NO           ; Untyped                          ;
; INPUT_B_IS_CONSTANT                            ; NO           ; Untyped                          ;
; USE_EAB                                        ; OFF          ; Untyped                          ;
; MAXIMIZE_SPEED                                 ; 5            ; Untyped                          ;
; DEVICE_FAMILY                                  ; Cyclone IV E ; Untyped                          ;
; CARRY_CHAIN                                    ; MANUAL       ; Untyped                          ;
; APEX20K_TECHNOLOGY_MAPPER                      ; LUT          ; TECH_MAPPER_APEX20K              ;
; DEDICATED_MULTIPLIER_CIRCUITRY                 ; AUTO         ; Untyped                          ;
; DEDICATED_MULTIPLIER_MIN_INPUT_WIDTH_FOR_AUTO  ; 0            ; Untyped                          ;
; DEDICATED_MULTIPLIER_MIN_OUTPUT_WIDTH_FOR_AUTO ; 0            ; Untyped                          ;
; CBXI_PARAMETER                                 ; mult_m4t     ; Untyped                          ;
; INPUT_A_FIXED_VALUE                            ; Bx           ; Untyped                          ;
; INPUT_B_FIXED_VALUE                            ; Bx           ; Untyped                          ;
; USE_AHDL_IMPLEMENTATION                        ; OFF          ; Untyped                          ;
+------------------------------------------------+--------------+----------------------------------+
Note: In order to hide this table in the UI and the text report file, please set the "Show Parameter Settings in Synthesis Report" option in "Analysis and Synthesis Settings -> More Settings" to "Off".


+------------------------------------------------------------------------------------------------+
; Parameter Settings for Inferred Entity Instance: Top:top0|DSP:dsp|Reverb:Reverb|lpm_mult:Mult1 ;
+------------------------------------------------+--------------+--------------------------------+
; Parameter Name                                 ; Value        ; Type                           ;
+------------------------------------------------+--------------+--------------------------------+
; AUTO_CARRY_CHAINS                              ; ON           ; AUTO_CARRY                     ;
; IGNORE_CARRY_BUFFERS                           ; OFF          ; IGNORE_CARRY                   ;
; AUTO_CASCADE_CHAINS                            ; ON           ; AUTO_CASCADE                   ;
; IGNORE_CASCADE_BUFFERS                         ; OFF          ; IGNORE_CASCADE                 ;
; LPM_WIDTHA                                     ; 8            ; Untyped                        ;
; LPM_WIDTHB                                     ; 16           ; Untyped                        ;
; LPM_WIDTHP                                     ; 24           ; Untyped                        ;
; LPM_WIDTHR                                     ; 24           ; Untyped                        ;
; LPM_WIDTHS                                     ; 1            ; Untyped                        ;
; LPM_REPRESENTATION                             ; SIGNED       ; Untyped                        ;
; LPM_PIPELINE                                   ; 0            ; Untyped                        ;
; LATENCY                                        ; 0            ; Untyped                        ;
; INPUT_A_IS_CONSTANT                            ; NO           ; Untyped                        ;
; INPUT_B_IS_CONSTANT                            ; NO           ; Untyped                        ;
; USE_EAB                                        ; OFF          ; Untyped                        ;
; MAXIMIZE_SPEED                                 ; 5            ; Untyped                        ;
; DEVICE_FAMILY                                  ; Cyclone IV E ; Untyped                        ;
; CARRY_CHAIN                                    ; MANUAL       ; Untyped                        ;
; APEX20K_TECHNOLOGY_MAPPER                      ; LUT          ; TECH_MAPPER_APEX20K            ;
; DEDICATED_MULTIPLIER_CIRCUITRY                 ; AUTO         ; Untyped                        ;
; DEDICATED_MULTIPLIER_MIN_INPUT_WIDTH_FOR_AUTO  ; 0            ; Untyped                        ;
; DEDICATED_MULTIPLIER_MIN_OUTPUT_WIDTH_FOR_AUTO ; 0            ; Untyped                        ;
; CBXI_PARAMETER                                 ; mult_m4t     ; Untyped                        ;
; INPUT_A_FIXED_VALUE                            ; Bx           ; Untyped                        ;
; INPUT_B_FIXED_VALUE                            ; Bx           ; Untyped                        ;
; USE_AHDL_IMPLEMENTATION                        ; OFF          ; Untyped                        ;
+------------------------------------------------+--------------+--------------------------------+
Note: In order to hide this table in the UI and the text report file, please set the "Show Parameter Settings in Synthesis Report" option in "Analysis and Synthesis Settings -> More Settings" to "Off".


+------------------------------------------------------------------------------------------------+
; Parameter Settings for Inferred Entity Instance: Top:top0|DSP:dsp|Reverb:Reverb|lpm_mult:Mult0 ;
+------------------------------------------------+--------------+--------------------------------+
; Parameter Name                                 ; Value        ; Type                           ;
+------------------------------------------------+--------------+--------------------------------+
; AUTO_CARRY_CHAINS                              ; ON           ; AUTO_CARRY                     ;
; IGNORE_CARRY_BUFFERS                           ; OFF          ; IGNORE_CARRY                   ;
; AUTO_CASCADE_CHAINS                            ; ON           ; AUTO_CASCADE                   ;
; IGNORE_CASCADE_BUFFERS                         ; OFF          ; IGNORE_CASCADE                 ;
; LPM_WIDTHA                                     ; 7            ; Untyped                        ;
; LPM_WIDTHB                                     ; 16           ; Untyped                        ;
; LPM_WIDTHP                                     ; 23           ; Untyped                        ;
; LPM_WIDTHR                                     ; 23           ; Untyped                        ;
; LPM_WIDTHS                                     ; 1            ; Untyped                        ;
; LPM_REPRESENTATION                             ; SIGNED       ; Untyped                        ;
; LPM_PIPELINE                                   ; 0            ; Untyped                        ;
; LATENCY                                        ; 0            ; Untyped                        ;
; INPUT_A_IS_CONSTANT                            ; NO           ; Untyped                        ;
; INPUT_B_IS_CONSTANT                            ; NO           ; Untyped                        ;
; USE_EAB                                        ; OFF          ; Untyped                        ;
; MAXIMIZE_SPEED                                 ; 5            ; Untyped                        ;
; DEVICE_FAMILY                                  ; Cyclone IV E ; Untyped                        ;
; CARRY_CHAIN                                    ; MANUAL       ; Untyped                        ;
; APEX20K_TECHNOLOGY_MAPPER                      ; LUT          ; TECH_MAPPER_APEX20K            ;
; DEDICATED_MULTIPLIER_CIRCUITRY                 ; AUTO         ; Untyped                        ;
; DEDICATED_MULTIPLIER_MIN_INPUT_WIDTH_FOR_AUTO  ; 0            ; Untyped                        ;
; DEDICATED_MULTIPLIER_MIN_OUTPUT_WIDTH_FOR_AUTO ; 0            ; Untyped                        ;
; CBXI_PARAMETER                                 ; mult_j4t     ; Untyped                        ;
; INPUT_A_FIXED_VALUE                            ; Bx           ; Untyped                        ;
; INPUT_B_FIXED_VALUE                            ; Bx           ; Untyped                        ;
; USE_AHDL_IMPLEMENTATION                        ; OFF          ; Untyped                        ;
+------------------------------------------------+--------------+--------------------------------+
Note: In order to hide this table in the UI and the text report file, please set the "Show Parameter Settings in Synthesis Report" option in "Analysis and Synthesis Settings -> More Settings" to "Off".


+----------------------------------------------------------------------------------------------------+
; Parameter Settings for Inferred Entity Instance: Top:top0|DSP:dsp|Auto_Wah:Auto_Wah|lpm_mult:Mult4 ;
+------------------------------------------------+--------------+------------------------------------+
; Parameter Name                                 ; Value        ; Type                               ;
+------------------------------------------------+--------------+------------------------------------+
; AUTO_CARRY_CHAINS                              ; ON           ; AUTO_CARRY                         ;
; IGNORE_CARRY_BUFFERS                           ; OFF          ; IGNORE_CARRY                       ;
; AUTO_CASCADE_CHAINS                            ; ON           ; AUTO_CASCADE                       ;
; IGNORE_CASCADE_BUFFERS                         ; OFF          ; IGNORE_CASCADE                     ;
; LPM_WIDTHA                                     ; 8            ; Untyped                            ;
; LPM_WIDTHB                                     ; 16           ; Untyped                            ;
; LPM_WIDTHP                                     ; 24           ; Untyped                            ;
; LPM_WIDTHR                                     ; 24           ; Untyped                            ;
; LPM_WIDTHS                                     ; 1            ; Untyped                            ;
; LPM_REPRESENTATION                             ; SIGNED       ; Untyped                            ;
; LPM_PIPELINE                                   ; 0            ; Untyped                            ;
; LATENCY                                        ; 0            ; Untyped                            ;
; INPUT_A_IS_CONSTANT                            ; NO           ; Untyped                            ;
; INPUT_B_IS_CONSTANT                            ; NO           ; Untyped                            ;
; USE_EAB                                        ; OFF          ; Untyped                            ;
; MAXIMIZE_SPEED                                 ; 5            ; Untyped                            ;
; DEVICE_FAMILY                                  ; Cyclone IV E ; Untyped                            ;
; CARRY_CHAIN                                    ; MANUAL       ; Untyped                            ;
; APEX20K_TECHNOLOGY_MAPPER                      ; LUT          ; TECH_MAPPER_APEX20K                ;
; DEDICATED_MULTIPLIER_CIRCUITRY                 ; AUTO         ; Untyped                            ;
; DEDICATED_MULTIPLIER_MIN_INPUT_WIDTH_FOR_AUTO  ; 0            ; Untyped                            ;
; DEDICATED_MULTIPLIER_MIN_OUTPUT_WIDTH_FOR_AUTO ; 0            ; Untyped                            ;
; CBXI_PARAMETER                                 ; mult_m4t     ; Untyped                            ;
; INPUT_A_FIXED_VALUE                            ; Bx           ; Untyped                            ;
; INPUT_B_FIXED_VALUE                            ; Bx           ; Untyped                            ;
; USE_AHDL_IMPLEMENTATION                        ; OFF          ; Untyped                            ;
+------------------------------------------------+--------------+------------------------------------+
Note: In order to hide this table in the UI and the text report file, please set the "Show Parameter Settings in Synthesis Report" option in "Analysis and Synthesis Settings -> More Settings" to "Off".


+----------------------------------------------------------------------------------------------------+
; Parameter Settings for Inferred Entity Instance: Top:top0|DSP:dsp|Auto_Wah:Auto_Wah|lpm_mult:Mult5 ;
+------------------------------------------------+--------------+------------------------------------+
; Parameter Name                                 ; Value        ; Type                               ;
+------------------------------------------------+--------------+------------------------------------+
; AUTO_CARRY_CHAINS                              ; ON           ; AUTO_CARRY                         ;
; IGNORE_CARRY_BUFFERS                           ; OFF          ; IGNORE_CARRY                       ;
; AUTO_CASCADE_CHAINS                            ; ON           ; AUTO_CASCADE                       ;
; IGNORE_CASCADE_BUFFERS                         ; OFF          ; IGNORE_CASCADE                     ;
; LPM_WIDTHA                                     ; 8            ; Untyped                            ;
; LPM_WIDTHB                                     ; 16           ; Untyped                            ;
; LPM_WIDTHP                                     ; 24           ; Untyped                            ;
; LPM_WIDTHR                                     ; 24           ; Untyped                            ;
; LPM_WIDTHS                                     ; 1            ; Untyped                            ;
; LPM_REPRESENTATION                             ; SIGNED       ; Untyped                            ;
; LPM_PIPELINE                                   ; 0            ; Untyped                            ;
; LATENCY                                        ; 0            ; Untyped                            ;
; INPUT_A_IS_CONSTANT                            ; NO           ; Untyped                            ;
; INPUT_B_IS_CONSTANT                            ; NO           ; Untyped                            ;
; USE_EAB                                        ; OFF          ; Untyped                            ;
; MAXIMIZE_SPEED                                 ; 5            ; Untyped                            ;
; DEVICE_FAMILY                                  ; Cyclone IV E ; Untyped                            ;
; CARRY_CHAIN                                    ; MANUAL       ; Untyped                            ;
; APEX20K_TECHNOLOGY_MAPPER                      ; LUT          ; TECH_MAPPER_APEX20K                ;
; DEDICATED_MULTIPLIER_CIRCUITRY                 ; AUTO         ; Untyped                            ;
; DEDICATED_MULTIPLIER_MIN_INPUT_WIDTH_FOR_AUTO  ; 0            ; Untyped                            ;
; DEDICATED_MULTIPLIER_MIN_OUTPUT_WIDTH_FOR_AUTO ; 0            ; Untyped                            ;
; CBXI_PARAMETER                                 ; mult_m4t     ; Untyped                            ;
; INPUT_A_FIXED_VALUE                            ; Bx           ; Untyped                            ;
; INPUT_B_FIXED_VALUE                            ; Bx           ; Untyped                            ;
; USE_AHDL_IMPLEMENTATION                        ; OFF          ; Untyped                            ;
+------------------------------------------------+--------------+------------------------------------+
Note: In order to hide this table in the UI and the text report file, please set the "Show Parameter Settings in Synthesis Report" option in "Analysis and Synthesis Settings -> More Settings" to "Off".


+----------------------------------------------------------------------------------------------------------------------------+
; Parameter Settings for Inferred Entity Instance: Top:top0|DSP:dsp|Reverb:Reverb|Schroeder_Allpass:allpass_4|lpm_mult:Mult0 ;
+------------------------------------------------+--------------+------------------------------------------------------------+
; Parameter Name                                 ; Value        ; Type                                                       ;
+------------------------------------------------+--------------+------------------------------------------------------------+
; AUTO_CARRY_CHAINS                              ; ON           ; AUTO_CARRY                                                 ;
; IGNORE_CARRY_BUFFERS                           ; OFF          ; IGNORE_CARRY                                               ;
; AUTO_CASCADE_CHAINS                            ; ON           ; AUTO_CASCADE                                               ;
; IGNORE_CASCADE_BUFFERS                         ; OFF          ; IGNORE_CASCADE                                             ;
; LPM_WIDTHA                                     ; 6            ; Untyped                                                    ;
; LPM_WIDTHB                                     ; 16           ; Untyped                                                    ;
; LPM_WIDTHP                                     ; 22           ; Untyped                                                    ;
; LPM_WIDTHR                                     ; 22           ; Untyped                                                    ;
; LPM_WIDTHS                                     ; 1            ; Untyped                                                    ;
; LPM_REPRESENTATION                             ; SIGNED       ; Untyped                                                    ;
; LPM_PIPELINE                                   ; 0            ; Untyped                                                    ;
; LATENCY                                        ; 0            ; Untyped                                                    ;
; INPUT_A_IS_CONSTANT                            ; NO           ; Untyped                                                    ;
; INPUT_B_IS_CONSTANT                            ; NO           ; Untyped                                                    ;
; USE_EAB                                        ; OFF          ; Untyped                                                    ;
; MAXIMIZE_SPEED                                 ; 5            ; Untyped                                                    ;
; DEVICE_FAMILY                                  ; Cyclone IV E ; Untyped                                                    ;
; CARRY_CHAIN                                    ; MANUAL       ; Untyped                                                    ;
; APEX20K_TECHNOLOGY_MAPPER                      ; LUT          ; TECH_MAPPER_APEX20K                                        ;
; DEDICATED_MULTIPLIER_CIRCUITRY                 ; AUTO         ; Untyped                                                    ;
; DEDICATED_MULTIPLIER_MIN_INPUT_WIDTH_FOR_AUTO  ; 0            ; Untyped                                                    ;
; DEDICATED_MULTIPLIER_MIN_OUTPUT_WIDTH_FOR_AUTO ; 0            ; Untyped                                                    ;
; CBXI_PARAMETER                                 ; mult_h4t     ; Untyped                                                    ;
; INPUT_A_FIXED_VALUE                            ; Bx           ; Untyped                                                    ;
; INPUT_B_FIXED_VALUE                            ; Bx           ; Untyped                                                    ;
; USE_AHDL_IMPLEMENTATION                        ; OFF          ; Untyped                                                    ;
+------------------------------------------------+--------------+------------------------------------------------------------+
Note: In order to hide this table in the UI and the text report file, please set the "Show Parameter Settings in Synthesis Report" option in "Analysis and Synthesis Settings -> More Settings" to "Off".


+----------------------------------------------------------------------------------------------------------------------------+
; Parameter Settings for Inferred Entity Instance: Top:top0|DSP:dsp|Reverb:Reverb|Schroeder_Allpass:allpass_3|lpm_mult:Mult0 ;
+------------------------------------------------+--------------+------------------------------------------------------------+
; Parameter Name                                 ; Value        ; Type                                                       ;
+------------------------------------------------+--------------+------------------------------------------------------------+
; AUTO_CARRY_CHAINS                              ; ON           ; AUTO_CARRY                                                 ;
; IGNORE_CARRY_BUFFERS                           ; OFF          ; IGNORE_CARRY                                               ;
; AUTO_CASCADE_CHAINS                            ; ON           ; AUTO_CASCADE                                               ;
; IGNORE_CASCADE_BUFFERS                         ; OFF          ; IGNORE_CASCADE                                             ;
; LPM_WIDTHA                                     ; 6            ; Untyped                                                    ;
; LPM_WIDTHB                                     ; 16           ; Untyped                                                    ;
; LPM_WIDTHP                                     ; 22           ; Untyped                                                    ;
; LPM_WIDTHR                                     ; 22           ; Untyped                                                    ;
; LPM_WIDTHS                                     ; 1            ; Untyped                                                    ;
; LPM_REPRESENTATION                             ; SIGNED       ; Untyped                                                    ;
; LPM_PIPELINE                                   ; 0            ; Untyped                                                    ;
; LATENCY                                        ; 0            ; Untyped                                                    ;
; INPUT_A_IS_CONSTANT                            ; NO           ; Untyped                                                    ;
; INPUT_B_IS_CONSTANT                            ; NO           ; Untyped                                                    ;
; USE_EAB                                        ; OFF          ; Untyped                                                    ;
; MAXIMIZE_SPEED                                 ; 5            ; Untyped                                                    ;
; DEVICE_FAMILY                                  ; Cyclone IV E ; Untyped                                                    ;
; CARRY_CHAIN                                    ; MANUAL       ; Untyped                                                    ;
; APEX20K_TECHNOLOGY_MAPPER                      ; LUT          ; TECH_MAPPER_APEX20K                                        ;
; DEDICATED_MULTIPLIER_CIRCUITRY                 ; AUTO         ; Untyped                                                    ;
; DEDICATED_MULTIPLIER_MIN_INPUT_WIDTH_FOR_AUTO  ; 0            ; Untyped                                                    ;
; DEDICATED_MULTIPLIER_MIN_OUTPUT_WIDTH_FOR_AUTO ; 0            ; Untyped                                                    ;
; CBXI_PARAMETER                                 ; mult_h4t     ; Untyped                                                    ;
; INPUT_A_FIXED_VALUE                            ; Bx           ; Untyped                                                    ;
; INPUT_B_FIXED_VALUE                            ; Bx           ; Untyped                                                    ;
; USE_AHDL_IMPLEMENTATION                        ; OFF          ; Untyped                                                    ;
+------------------------------------------------+--------------+------------------------------------------------------------+
Note: In order to hide this table in the UI and the text report file, please set the "Show Parameter Settings in Synthesis Report" option in "Analysis and Synthesis Settings -> More Settings" to "Off".


+----------------------------------------------------------------------------------------------------------------------------+
; Parameter Settings for Inferred Entity Instance: Top:top0|DSP:dsp|Reverb:Reverb|Schroeder_Allpass:allpass_2|lpm_mult:Mult0 ;
+------------------------------------------------+--------------+------------------------------------------------------------+
; Parameter Name                                 ; Value        ; Type                                                       ;
+------------------------------------------------+--------------+------------------------------------------------------------+
; AUTO_CARRY_CHAINS                              ; ON           ; AUTO_CARRY                                                 ;
; IGNORE_CARRY_BUFFERS                           ; OFF          ; IGNORE_CARRY                                               ;
; AUTO_CASCADE_CHAINS                            ; ON           ; AUTO_CASCADE                                               ;
; IGNORE_CASCADE_BUFFERS                         ; OFF          ; IGNORE_CASCADE                                             ;
; LPM_WIDTHA                                     ; 6            ; Untyped                                                    ;
; LPM_WIDTHB                                     ; 16           ; Untyped                                                    ;
; LPM_WIDTHP                                     ; 22           ; Untyped                                                    ;
; LPM_WIDTHR                                     ; 22           ; Untyped                                                    ;
; LPM_WIDTHS                                     ; 1            ; Untyped                                                    ;
; LPM_REPRESENTATION                             ; SIGNED       ; Untyped                                                    ;
; LPM_PIPELINE                                   ; 0            ; Untyped                                                    ;
; LATENCY                                        ; 0            ; Untyped                                                    ;
; INPUT_A_IS_CONSTANT                            ; NO           ; Untyped                                                    ;
; INPUT_B_IS_CONSTANT                            ; NO           ; Untyped                                                    ;
; USE_EAB                                        ; OFF          ; Untyped                                                    ;
; MAXIMIZE_SPEED                                 ; 5            ; Untyped                                                    ;
; DEVICE_FAMILY                                  ; Cyclone IV E ; Untyped                                                    ;
; CARRY_CHAIN                                    ; MANUAL       ; Untyped                                                    ;
; APEX20K_TECHNOLOGY_MAPPER                      ; LUT          ; TECH_MAPPER_APEX20K                                        ;
; DEDICATED_MULTIPLIER_CIRCUITRY                 ; AUTO         ; Untyped                                                    ;
; DEDICATED_MULTIPLIER_MIN_INPUT_WIDTH_FOR_AUTO  ; 0            ; Untyped                                                    ;
; DEDICATED_MULTIPLIER_MIN_OUTPUT_WIDTH_FOR_AUTO ; 0            ; Untyped                                                    ;
; CBXI_PARAMETER                                 ; mult_h4t     ; Untyped                                                    ;
; INPUT_A_FIXED_VALUE                            ; Bx           ; Untyped                                                    ;
; INPUT_B_FIXED_VALUE                            ; Bx           ; Untyped                                                    ;
; USE_AHDL_IMPLEMENTATION                        ; OFF          ; Untyped                                                    ;
+------------------------------------------------+--------------+------------------------------------------------------------+
Note: In order to hide this table in the UI and the text report file, please set the "Show Parameter Settings in Synthesis Report" option in "Analysis and Synthesis Settings -> More Settings" to "Off".


+----------------------------------------------------------------------------------------------------------------------------+
; Parameter Settings for Inferred Entity Instance: Top:top0|DSP:dsp|Reverb:Reverb|Schroeder_Allpass:allpass_1|lpm_mult:Mult0 ;
+------------------------------------------------+--------------+------------------------------------------------------------+
; Parameter Name                                 ; Value        ; Type                                                       ;
+------------------------------------------------+--------------+------------------------------------------------------------+
; AUTO_CARRY_CHAINS                              ; ON           ; AUTO_CARRY                                                 ;
; IGNORE_CARRY_BUFFERS                           ; OFF          ; IGNORE_CARRY                                               ;
; AUTO_CASCADE_CHAINS                            ; ON           ; AUTO_CASCADE                                               ;
; IGNORE_CASCADE_BUFFERS                         ; OFF          ; IGNORE_CASCADE                                             ;
; LPM_WIDTHA                                     ; 6            ; Untyped                                                    ;
; LPM_WIDTHB                                     ; 16           ; Untyped                                                    ;
; LPM_WIDTHP                                     ; 22           ; Untyped                                                    ;
; LPM_WIDTHR                                     ; 22           ; Untyped                                                    ;
; LPM_WIDTHS                                     ; 1            ; Untyped                                                    ;
; LPM_REPRESENTATION                             ; SIGNED       ; Untyped                                                    ;
; LPM_PIPELINE                                   ; 0            ; Untyped                                                    ;
; LATENCY                                        ; 0            ; Untyped                                                    ;
; INPUT_A_IS_CONSTANT                            ; NO           ; Untyped                                                    ;
; INPUT_B_IS_CONSTANT                            ; NO           ; Untyped                                                    ;
; USE_EAB                                        ; OFF          ; Untyped                                                    ;
; MAXIMIZE_SPEED                                 ; 5            ; Untyped                                                    ;
; DEVICE_FAMILY                                  ; Cyclone IV E ; Untyped                                                    ;
; CARRY_CHAIN                                    ; MANUAL       ; Untyped                                                    ;
; APEX20K_TECHNOLOGY_MAPPER                      ; LUT          ; TECH_MAPPER_APEX20K                                        ;
; DEDICATED_MULTIPLIER_CIRCUITRY                 ; AUTO         ; Untyped                                                    ;
; DEDICATED_MULTIPLIER_MIN_INPUT_WIDTH_FOR_AUTO  ; 0            ; Untyped                                                    ;
; DEDICATED_MULTIPLIER_MIN_OUTPUT_WIDTH_FOR_AUTO ; 0            ; Untyped                                                    ;
; CBXI_PARAMETER                                 ; mult_h4t     ; Untyped                                                    ;
; INPUT_A_FIXED_VALUE                            ; Bx           ; Untyped                                                    ;
; INPUT_B_FIXED_VALUE                            ; Bx           ; Untyped                                                    ;
; USE_AHDL_IMPLEMENTATION                        ; OFF          ; Untyped                                                    ;
+------------------------------------------------+--------------+------------------------------------------------------------+
Note: In order to hide this table in the UI and the text report file, please set the "Show Parameter Settings in Synthesis Report" option in "Analysis and Synthesis Settings -> More Settings" to "Off".


+----------------------------------------------------------------------------------------------------------------------------+
; Parameter Settings for Inferred Entity Instance: Top:top0|DSP:dsp|Reverb:Reverb|Schroeder_Allpass:allpass_0|lpm_mult:Mult0 ;
+------------------------------------------------+--------------+------------------------------------------------------------+
; Parameter Name                                 ; Value        ; Type                                                       ;
+------------------------------------------------+--------------+------------------------------------------------------------+
; AUTO_CARRY_CHAINS                              ; ON           ; AUTO_CARRY                                                 ;
; IGNORE_CARRY_BUFFERS                           ; OFF          ; IGNORE_CARRY                                               ;
; AUTO_CASCADE_CHAINS                            ; ON           ; AUTO_CASCADE                                               ;
; IGNORE_CASCADE_BUFFERS                         ; OFF          ; IGNORE_CASCADE                                             ;
; LPM_WIDTHA                                     ; 6            ; Untyped                                                    ;
; LPM_WIDTHB                                     ; 16           ; Untyped                                                    ;
; LPM_WIDTHP                                     ; 22           ; Untyped                                                    ;
; LPM_WIDTHR                                     ; 22           ; Untyped                                                    ;
; LPM_WIDTHS                                     ; 1            ; Untyped                                                    ;
; LPM_REPRESENTATION                             ; SIGNED       ; Untyped                                                    ;
; LPM_PIPELINE                                   ; 0            ; Untyped                                                    ;
; LATENCY                                        ; 0            ; Untyped                                                    ;
; INPUT_A_IS_CONSTANT                            ; NO           ; Untyped                                                    ;
; INPUT_B_IS_CONSTANT                            ; NO           ; Untyped                                                    ;
; USE_EAB                                        ; OFF          ; Untyped                                                    ;
; MAXIMIZE_SPEED                                 ; 5            ; Untyped                                                    ;
; DEVICE_FAMILY                                  ; Cyclone IV E ; Untyped                                                    ;
; CARRY_CHAIN                                    ; MANUAL       ; Untyped                                                    ;
; APEX20K_TECHNOLOGY_MAPPER                      ; LUT          ; TECH_MAPPER_APEX20K                                        ;
; DEDICATED_MULTIPLIER_CIRCUITRY                 ; AUTO         ; Untyped                                                    ;
; DEDICATED_MULTIPLIER_MIN_INPUT_WIDTH_FOR_AUTO  ; 0            ; Untyped                                                    ;
; DEDICATED_MULTIPLIER_MIN_OUTPUT_WIDTH_FOR_AUTO ; 0            ; Untyped                                                    ;
; CBXI_PARAMETER                                 ; mult_h4t     ; Untyped                                                    ;
; INPUT_A_FIXED_VALUE                            ; Bx           ; Untyped                                                    ;
; INPUT_B_FIXED_VALUE                            ; Bx           ; Untyped                                                    ;
; USE_AHDL_IMPLEMENTATION                        ; OFF          ; Untyped                                                    ;
+------------------------------------------------+--------------+------------------------------------------------------------+
Note: In order to hide this table in the UI and the text report file, please set the "Show Parameter Settings in Synthesis Report" option in "Analysis and Synthesis Settings -> More Settings" to "Off".


+--------------------------------------------------------------------------------------------+
; Parameter Settings for Inferred Entity Instance: Top:top0|DSP:dsp|fuzz:Fuzz|lpm_mult:Mult1 ;
+------------------------------------------------+--------------+----------------------------+
; Parameter Name                                 ; Value        ; Type                       ;
+------------------------------------------------+--------------+----------------------------+
; AUTO_CARRY_CHAINS                              ; ON           ; AUTO_CARRY                 ;
; IGNORE_CARRY_BUFFERS                           ; OFF          ; IGNORE_CARRY               ;
; AUTO_CASCADE_CHAINS                            ; ON           ; AUTO_CASCADE               ;
; IGNORE_CASCADE_BUFFERS                         ; OFF          ; IGNORE_CASCADE             ;
; LPM_WIDTHA                                     ; 17           ; Untyped                    ;
; LPM_WIDTHB                                     ; 17           ; Untyped                    ;
; LPM_WIDTHP                                     ; 34           ; Untyped                    ;
; LPM_WIDTHR                                     ; 34           ; Untyped                    ;
; LPM_WIDTHS                                     ; 1            ; Untyped                    ;
; LPM_REPRESENTATION                             ; UNSIGNED     ; Untyped                    ;
; LPM_PIPELINE                                   ; 0            ; Untyped                    ;
; LATENCY                                        ; 0            ; Untyped                    ;
; INPUT_A_IS_CONSTANT                            ; NO           ; Untyped                    ;
; INPUT_B_IS_CONSTANT                            ; NO           ; Untyped                    ;
; USE_EAB                                        ; OFF          ; Untyped                    ;
; MAXIMIZE_SPEED                                 ; 5            ; Untyped                    ;
; DEVICE_FAMILY                                  ; Cyclone IV E ; Untyped                    ;
; CARRY_CHAIN                                    ; MANUAL       ; Untyped                    ;
; APEX20K_TECHNOLOGY_MAPPER                      ; LUT          ; TECH_MAPPER_APEX20K        ;
; DEDICATED_MULTIPLIER_CIRCUITRY                 ; AUTO         ; Untyped                    ;
; DEDICATED_MULTIPLIER_MIN_INPUT_WIDTH_FOR_AUTO  ; 0            ; Untyped                    ;
; DEDICATED_MULTIPLIER_MIN_OUTPUT_WIDTH_FOR_AUTO ; 0            ; Untyped                    ;
; CBXI_PARAMETER                                 ; mult_adt     ; Untyped                    ;
; INPUT_A_FIXED_VALUE                            ; Bx           ; Untyped                    ;
; INPUT_B_FIXED_VALUE                            ; Bx           ; Untyped                    ;
; USE_AHDL_IMPLEMENTATION                        ; OFF          ; Untyped                    ;
+------------------------------------------------+--------------+----------------------------+
Note: In order to hide this table in the UI and the text report file, please set the "Show Parameter Settings in Synthesis Report" option in "Analysis and Synthesis Settings -> More Settings" to "Off".


+--------------------------------------------------------------------------------------------------------------------+
; Parameter Settings for Inferred Entity Instance: Top:top0|DSP:dsp|distortion:Distortion|tanh:u_tanh|lpm_mult:Mult1 ;
+------------------------------------------------+--------------+----------------------------------------------------+
; Parameter Name                                 ; Value        ; Type                                               ;
+------------------------------------------------+--------------+----------------------------------------------------+
; AUTO_CARRY_CHAINS                              ; ON           ; AUTO_CARRY                                         ;
; IGNORE_CARRY_BUFFERS                           ; OFF          ; IGNORE_CARRY                                       ;
; AUTO_CASCADE_CHAINS                            ; ON           ; AUTO_CASCADE                                       ;
; IGNORE_CASCADE_BUFFERS                         ; OFF          ; IGNORE_CASCADE                                     ;
; LPM_WIDTHA                                     ; 17           ; Untyped                                            ;
; LPM_WIDTHB                                     ; 12           ; Untyped                                            ;
; LPM_WIDTHP                                     ; 29           ; Untyped                                            ;
; LPM_WIDTHR                                     ; 29           ; Untyped                                            ;
; LPM_WIDTHS                                     ; 1            ; Untyped                                            ;
; LPM_REPRESENTATION                             ; SIGNED       ; Untyped                                            ;
; LPM_PIPELINE                                   ; 0            ; Untyped                                            ;
; LATENCY                                        ; 0            ; Untyped                                            ;
; INPUT_A_IS_CONSTANT                            ; NO           ; Untyped                                            ;
; INPUT_B_IS_CONSTANT                            ; NO           ; Untyped                                            ;
; USE_EAB                                        ; OFF          ; Untyped                                            ;
; MAXIMIZE_SPEED                                 ; 5            ; Untyped                                            ;
; DEVICE_FAMILY                                  ; Cyclone IV E ; Untyped                                            ;
; CARRY_CHAIN                                    ; MANUAL       ; Untyped                                            ;
; APEX20K_TECHNOLOGY_MAPPER                      ; LUT          ; TECH_MAPPER_APEX20K                                ;
; DEDICATED_MULTIPLIER_CIRCUITRY                 ; AUTO         ; Untyped                                            ;
; DEDICATED_MULTIPLIER_MIN_INPUT_WIDTH_FOR_AUTO  ; 0            ; Untyped                                            ;
; DEDICATED_MULTIPLIER_MIN_OUTPUT_WIDTH_FOR_AUTO ; 0            ; Untyped                                            ;
; CBXI_PARAMETER                                 ; mult_66t     ; Untyped                                            ;
; INPUT_A_FIXED_VALUE                            ; Bx           ; Untyped                                            ;
; INPUT_B_FIXED_VALUE                            ; Bx           ; Untyped                                            ;
; USE_AHDL_IMPLEMENTATION                        ; OFF          ; Untyped                                            ;
+------------------------------------------------+--------------+----------------------------------------------------+
Note: In order to hide this table in the UI and the text report file, please set the "Show Parameter Settings in Synthesis Report" option in "Analysis and Synthesis Settings -> More Settings" to "Off".


+------------------------------------------------------------------------------------------------------------------+
; Parameter Settings for Inferred Entity Instance: Top:top0|DSP:dsp|Overdrive:Overdrive|tanh:u_tanh|lpm_mult:Mult1 ;
+------------------------------------------------+--------------+--------------------------------------------------+
; Parameter Name                                 ; Value        ; Type                                             ;
+------------------------------------------------+--------------+--------------------------------------------------+
; AUTO_CARRY_CHAINS                              ; ON           ; AUTO_CARRY                                       ;
; IGNORE_CARRY_BUFFERS                           ; OFF          ; IGNORE_CARRY                                     ;
; AUTO_CASCADE_CHAINS                            ; ON           ; AUTO_CASCADE                                     ;
; IGNORE_CASCADE_BUFFERS                         ; OFF          ; IGNORE_CASCADE                                   ;
; LPM_WIDTHA                                     ; 17           ; Untyped                                          ;
; LPM_WIDTHB                                     ; 12           ; Untyped                                          ;
; LPM_WIDTHP                                     ; 29           ; Untyped                                          ;
; LPM_WIDTHR                                     ; 29           ; Untyped                                          ;
; LPM_WIDTHS                                     ; 1            ; Untyped                                          ;
; LPM_REPRESENTATION                             ; SIGNED       ; Untyped                                          ;
; LPM_PIPELINE                                   ; 0            ; Untyped                                          ;
; LATENCY                                        ; 0            ; Untyped                                          ;
; INPUT_A_IS_CONSTANT                            ; NO           ; Untyped                                          ;
; INPUT_B_IS_CONSTANT                            ; NO           ; Untyped                                          ;
; USE_EAB                                        ; OFF          ; Untyped                                          ;
; MAXIMIZE_SPEED                                 ; 5            ; Untyped                                          ;
; DEVICE_FAMILY                                  ; Cyclone IV E ; Untyped                                          ;
; CARRY_CHAIN                                    ; MANUAL       ; Untyped                                          ;
; APEX20K_TECHNOLOGY_MAPPER                      ; LUT          ; TECH_MAPPER_APEX20K                              ;
; DEDICATED_MULTIPLIER_CIRCUITRY                 ; AUTO         ; Untyped                                          ;
; DEDICATED_MULTIPLIER_MIN_INPUT_WIDTH_FOR_AUTO  ; 0            ; Untyped                                          ;
; DEDICATED_MULTIPLIER_MIN_OUTPUT_WIDTH_FOR_AUTO ; 0            ; Untyped                                          ;
; CBXI_PARAMETER                                 ; mult_66t     ; Untyped                                          ;
; INPUT_A_FIXED_VALUE                            ; Bx           ; Untyped                                          ;
; INPUT_B_FIXED_VALUE                            ; Bx           ; Untyped                                          ;
; USE_AHDL_IMPLEMENTATION                        ; OFF          ; Untyped                                          ;
+------------------------------------------------+--------------+--------------------------------------------------+
Note: In order to hide this table in the UI and the text report file, please set the "Show Parameter Settings in Synthesis Report" option in "Analysis and Synthesis Settings -> More Settings" to "Off".


+----------------------------------------------------------------------------------------------------------------+
; Parameter Settings for Inferred Entity Instance: Top:top0|DSP:dsp|Chorus:Chorus|cosine:cosine_0|lpm_mult:Mult0 ;
+------------------------------------------------+--------------+------------------------------------------------+
; Parameter Name                                 ; Value        ; Type                                           ;
+------------------------------------------------+--------------+------------------------------------------------+
; AUTO_CARRY_CHAINS                              ; ON           ; AUTO_CARRY                                     ;
; IGNORE_CARRY_BUFFERS                           ; OFF          ; IGNORE_CARRY                                   ;
; AUTO_CASCADE_CHAINS                            ; ON           ; AUTO_CASCADE                                   ;
; IGNORE_CASCADE_BUFFERS                         ; OFF          ; IGNORE_CASCADE                                 ;
; LPM_WIDTHA                                     ; 19           ; Untyped                                        ;
; LPM_WIDTHB                                     ; 8            ; Untyped                                        ;
; LPM_WIDTHP                                     ; 27           ; Untyped                                        ;
; LPM_WIDTHR                                     ; 27           ; Untyped                                        ;
; LPM_WIDTHS                                     ; 1            ; Untyped                                        ;
; LPM_REPRESENTATION                             ; UNSIGNED     ; Untyped                                        ;
; LPM_PIPELINE                                   ; 0            ; Untyped                                        ;
; LATENCY                                        ; 0            ; Untyped                                        ;
; INPUT_A_IS_CONSTANT                            ; NO           ; Untyped                                        ;
; INPUT_B_IS_CONSTANT                            ; NO           ; Untyped                                        ;
; USE_EAB                                        ; OFF          ; Untyped                                        ;
; MAXIMIZE_SPEED                                 ; 5            ; Untyped                                        ;
; DEVICE_FAMILY                                  ; Cyclone IV E ; Untyped                                        ;
; CARRY_CHAIN                                    ; MANUAL       ; Untyped                                        ;
; APEX20K_TECHNOLOGY_MAPPER                      ; LUT          ; TECH_MAPPER_APEX20K                            ;
; DEDICATED_MULTIPLIER_CIRCUITRY                 ; AUTO         ; Untyped                                        ;
; DEDICATED_MULTIPLIER_MIN_INPUT_WIDTH_FOR_AUTO  ; 0            ; Untyped                                        ;
; DEDICATED_MULTIPLIER_MIN_OUTPUT_WIDTH_FOR_AUTO ; 0            ; Untyped                                        ;
; CBXI_PARAMETER                                 ; mult_ubt     ; Untyped                                        ;
; INPUT_A_FIXED_VALUE                            ; Bx           ; Untyped                                        ;
; INPUT_B_FIXED_VALUE                            ; Bx           ; Untyped                                        ;
; USE_AHDL_IMPLEMENTATION                        ; OFF          ; Untyped                                        ;
+------------------------------------------------+--------------+------------------------------------------------+
Note: In order to hide this table in the UI and the text report file, please set the "Show Parameter Settings in Synthesis Report" option in "Analysis and Synthesis Settings -> More Settings" to "Off".


+------------------------------------------------------------------------------------------------------------------+
; Parameter Settings for Inferred Entity Instance: Top:top0|DSP:dsp|Flanger:Flanger|cosine:cosine_0|lpm_mult:Mult0 ;
+------------------------------------------------+--------------+--------------------------------------------------+
; Parameter Name                                 ; Value        ; Type                                             ;
+------------------------------------------------+--------------+--------------------------------------------------+
; AUTO_CARRY_CHAINS                              ; ON           ; AUTO_CARRY                                       ;
; IGNORE_CARRY_BUFFERS                           ; OFF          ; IGNORE_CARRY                                     ;
; AUTO_CASCADE_CHAINS                            ; ON           ; AUTO_CASCADE                                     ;
; IGNORE_CASCADE_BUFFERS                         ; OFF          ; IGNORE_CASCADE                                   ;
; LPM_WIDTHA                                     ; 19           ; Untyped                                          ;
; LPM_WIDTHB                                     ; 8            ; Untyped                                          ;
; LPM_WIDTHP                                     ; 27           ; Untyped                                          ;
; LPM_WIDTHR                                     ; 27           ; Untyped                                          ;
; LPM_WIDTHS                                     ; 1            ; Untyped                                          ;
; LPM_REPRESENTATION                             ; UNSIGNED     ; Untyped                                          ;
; LPM_PIPELINE                                   ; 0            ; Untyped                                          ;
; LATENCY                                        ; 0            ; Untyped                                          ;
; INPUT_A_IS_CONSTANT                            ; NO           ; Untyped                                          ;
; INPUT_B_IS_CONSTANT                            ; NO           ; Untyped                                          ;
; USE_EAB                                        ; OFF          ; Untyped                                          ;
; MAXIMIZE_SPEED                                 ; 5            ; Untyped                                          ;
; DEVICE_FAMILY                                  ; Cyclone IV E ; Untyped                                          ;
; CARRY_CHAIN                                    ; MANUAL       ; Untyped                                          ;
; APEX20K_TECHNOLOGY_MAPPER                      ; LUT          ; TECH_MAPPER_APEX20K                              ;
; DEDICATED_MULTIPLIER_CIRCUITRY                 ; AUTO         ; Untyped                                          ;
; DEDICATED_MULTIPLIER_MIN_INPUT_WIDTH_FOR_AUTO  ; 0            ; Untyped                                          ;
; DEDICATED_MULTIPLIER_MIN_OUTPUT_WIDTH_FOR_AUTO ; 0            ; Untyped                                          ;
; CBXI_PARAMETER                                 ; mult_ubt     ; Untyped                                          ;
; INPUT_A_FIXED_VALUE                            ; Bx           ; Untyped                                          ;
; INPUT_B_FIXED_VALUE                            ; Bx           ; Untyped                                          ;
; USE_AHDL_IMPLEMENTATION                        ; OFF          ; Untyped                                          ;
+------------------------------------------------+--------------+--------------------------------------------------+
Note: In order to hide this table in the UI and the text report file, please set the "Show Parameter Settings in Synthesis Report" option in "Analysis and Synthesis Settings -> More Settings" to "Off".


+------------------------------------------------------------------------------------------------+
; Parameter Settings for Inferred Entity Instance: Top:top0|DSP:dsp|Chorus:Chorus|lpm_mult:Mult1 ;
+------------------------------------------------+--------------+--------------------------------+
; Parameter Name                                 ; Value        ; Type                           ;
+------------------------------------------------+--------------+--------------------------------+
; AUTO_CARRY_CHAINS                              ; ON           ; AUTO_CARRY                     ;
; IGNORE_CARRY_BUFFERS                           ; OFF          ; IGNORE_CARRY                   ;
; AUTO_CASCADE_CHAINS                            ; ON           ; AUTO_CASCADE                   ;
; IGNORE_CASCADE_BUFFERS                         ; OFF          ; IGNORE_CASCADE                 ;
; LPM_WIDTHA                                     ; 16           ; Untyped                        ;
; LPM_WIDTHB                                     ; 16           ; Untyped                        ;
; LPM_WIDTHP                                     ; 32           ; Untyped                        ;
; LPM_WIDTHR                                     ; 32           ; Untyped                        ;
; LPM_WIDTHS                                     ; 1            ; Untyped                        ;
; LPM_REPRESENTATION                             ; SIGNED       ; Untyped                        ;
; LPM_PIPELINE                                   ; 0            ; Untyped                        ;
; LATENCY                                        ; 0            ; Untyped                        ;
; INPUT_A_IS_CONSTANT                            ; NO           ; Untyped                        ;
; INPUT_B_IS_CONSTANT                            ; NO           ; Untyped                        ;
; USE_EAB                                        ; OFF          ; Untyped                        ;
; MAXIMIZE_SPEED                                 ; 5            ; Untyped                        ;
; DEVICE_FAMILY                                  ; Cyclone IV E ; Untyped                        ;
; CARRY_CHAIN                                    ; MANUAL       ; Untyped                        ;
; APEX20K_TECHNOLOGY_MAPPER                      ; LUT          ; TECH_MAPPER_APEX20K            ;
; DEDICATED_MULTIPLIER_CIRCUITRY                 ; AUTO         ; Untyped                        ;
; DEDICATED_MULTIPLIER_MIN_INPUT_WIDTH_FOR_AUTO  ; 0            ; Untyped                        ;
; DEDICATED_MULTIPLIER_MIN_OUTPUT_WIDTH_FOR_AUTO ; 0            ; Untyped                        ;
; CBXI_PARAMETER                                 ; mult_86t     ; Untyped                        ;
; INPUT_A_FIXED_VALUE                            ; Bx           ; Untyped                        ;
; INPUT_B_FIXED_VALUE                            ; Bx           ; Untyped                        ;
; USE_AHDL_IMPLEMENTATION                        ; OFF          ; Untyped                        ;
+------------------------------------------------+--------------+--------------------------------+
Note: In order to hide this table in the UI and the text report file, please set the "Show Parameter Settings in Synthesis Report" option in "Analysis and Synthesis Settings -> More Settings" to "Off".


+------------------------------------------------------------------------------------------------+
; Parameter Settings for Inferred Entity Instance: Top:top0|DSP:dsp|Chorus:Chorus|lpm_mult:Mult2 ;
+------------------------------------------------+--------------+--------------------------------+
; Parameter Name                                 ; Value        ; Type                           ;
+------------------------------------------------+--------------+--------------------------------+
; AUTO_CARRY_CHAINS                              ; ON           ; AUTO_CARRY                     ;
; IGNORE_CARRY_BUFFERS                           ; OFF          ; IGNORE_CARRY                   ;
; AUTO_CASCADE_CHAINS                            ; ON           ; AUTO_CASCADE                   ;
; IGNORE_CASCADE_BUFFERS                         ; OFF          ; IGNORE_CASCADE                 ;
; LPM_WIDTHA                                     ; 17           ; Untyped                        ;
; LPM_WIDTHB                                     ; 16           ; Untyped                        ;
; LPM_WIDTHP                                     ; 33           ; Untyped                        ;
; LPM_WIDTHR                                     ; 33           ; Untyped                        ;
; LPM_WIDTHS                                     ; 1            ; Untyped                        ;
; LPM_REPRESENTATION                             ; SIGNED       ; Untyped                        ;
; LPM_PIPELINE                                   ; 0            ; Untyped                        ;
; LATENCY                                        ; 0            ; Untyped                        ;
; INPUT_A_IS_CONSTANT                            ; NO           ; Untyped                        ;
; INPUT_B_IS_CONSTANT                            ; NO           ; Untyped                        ;
; USE_EAB                                        ; OFF          ; Untyped                        ;
; MAXIMIZE_SPEED                                 ; 5            ; Untyped                        ;
; DEVICE_FAMILY                                  ; Cyclone IV E ; Untyped                        ;
; CARRY_CHAIN                                    ; MANUAL       ; Untyped                        ;
; APEX20K_TECHNOLOGY_MAPPER                      ; LUT          ; TECH_MAPPER_APEX20K            ;
; DEDICATED_MULTIPLIER_CIRCUITRY                 ; AUTO         ; Untyped                        ;
; DEDICATED_MULTIPLIER_MIN_INPUT_WIDTH_FOR_AUTO  ; 0            ; Untyped                        ;
; DEDICATED_MULTIPLIER_MIN_OUTPUT_WIDTH_FOR_AUTO ; 0            ; Untyped                        ;
; CBXI_PARAMETER                                 ; mult_b6t     ; Untyped                        ;
; INPUT_A_FIXED_VALUE                            ; Bx           ; Untyped                        ;
; INPUT_B_FIXED_VALUE                            ; Bx           ; Untyped                        ;
; USE_AHDL_IMPLEMENTATION                        ; OFF          ; Untyped                        ;
+------------------------------------------------+--------------+--------------------------------+
Note: In order to hide this table in the UI and the text report file, please set the "Show Parameter Settings in Synthesis Report" option in "Analysis and Synthesis Settings -> More Settings" to "Off".


+--------------------------------------------------------------------------------------------------+
; Parameter Settings for Inferred Entity Instance: Top:top0|DSP:dsp|Flanger:Flanger|lpm_mult:Mult1 ;
+------------------------------------------------+--------------+----------------------------------+
; Parameter Name                                 ; Value        ; Type                             ;
+------------------------------------------------+--------------+----------------------------------+
; AUTO_CARRY_CHAINS                              ; ON           ; AUTO_CARRY                       ;
; IGNORE_CARRY_BUFFERS                           ; OFF          ; IGNORE_CARRY                     ;
; AUTO_CASCADE_CHAINS                            ; ON           ; AUTO_CASCADE                     ;
; IGNORE_CASCADE_BUFFERS                         ; OFF          ; IGNORE_CASCADE                   ;
; LPM_WIDTHA                                     ; 16           ; Untyped                          ;
; LPM_WIDTHB                                     ; 16           ; Untyped                          ;
; LPM_WIDTHP                                     ; 32           ; Untyped                          ;
; LPM_WIDTHR                                     ; 32           ; Untyped                          ;
; LPM_WIDTHS                                     ; 1            ; Untyped                          ;
; LPM_REPRESENTATION                             ; SIGNED       ; Untyped                          ;
; LPM_PIPELINE                                   ; 0            ; Untyped                          ;
; LATENCY                                        ; 0            ; Untyped                          ;
; INPUT_A_IS_CONSTANT                            ; NO           ; Untyped                          ;
; INPUT_B_IS_CONSTANT                            ; NO           ; Untyped                          ;
; USE_EAB                                        ; OFF          ; Untyped                          ;
; MAXIMIZE_SPEED                                 ; 5            ; Untyped                          ;
; DEVICE_FAMILY                                  ; Cyclone IV E ; Untyped                          ;
; CARRY_CHAIN                                    ; MANUAL       ; Untyped                          ;
; APEX20K_TECHNOLOGY_MAPPER                      ; LUT          ; TECH_MAPPER_APEX20K              ;
; DEDICATED_MULTIPLIER_CIRCUITRY                 ; AUTO         ; Untyped                          ;
; DEDICATED_MULTIPLIER_MIN_INPUT_WIDTH_FOR_AUTO  ; 0            ; Untyped                          ;
; DEDICATED_MULTIPLIER_MIN_OUTPUT_WIDTH_FOR_AUTO ; 0            ; Untyped                          ;
; CBXI_PARAMETER                                 ; mult_86t     ; Untyped                          ;
; INPUT_A_FIXED_VALUE                            ; Bx           ; Untyped                          ;
; INPUT_B_FIXED_VALUE                            ; Bx           ; Untyped                          ;
; USE_AHDL_IMPLEMENTATION                        ; OFF          ; Untyped                          ;
+------------------------------------------------+--------------+----------------------------------+
Note: In order to hide this table in the UI and the text report file, please set the "Show Parameter Settings in Synthesis Report" option in "Analysis and Synthesis Settings -> More Settings" to "Off".


+--------------------------------------------------------------------------------------------------+
; Parameter Settings for Inferred Entity Instance: Top:top0|DSP:dsp|Flanger:Flanger|lpm_mult:Mult2 ;
+------------------------------------------------+--------------+----------------------------------+
; Parameter Name                                 ; Value        ; Type                             ;
+------------------------------------------------+--------------+----------------------------------+
; AUTO_CARRY_CHAINS                              ; ON           ; AUTO_CARRY                       ;
; IGNORE_CARRY_BUFFERS                           ; OFF          ; IGNORE_CARRY                     ;
; AUTO_CASCADE_CHAINS                            ; ON           ; AUTO_CASCADE                     ;
; IGNORE_CASCADE_BUFFERS                         ; OFF          ; IGNORE_CASCADE                   ;
; LPM_WIDTHA                                     ; 17           ; Untyped                          ;
; LPM_WIDTHB                                     ; 16           ; Untyped                          ;
; LPM_WIDTHP                                     ; 33           ; Untyped                          ;
; LPM_WIDTHR                                     ; 33           ; Untyped                          ;
; LPM_WIDTHS                                     ; 1            ; Untyped                          ;
; LPM_REPRESENTATION                             ; SIGNED       ; Untyped                          ;
; LPM_PIPELINE                                   ; 0            ; Untyped                          ;
; LATENCY                                        ; 0            ; Untyped                          ;
; INPUT_A_IS_CONSTANT                            ; NO           ; Untyped                          ;
; INPUT_B_IS_CONSTANT                            ; NO           ; Untyped                          ;
; USE_EAB                                        ; OFF          ; Untyped                          ;
; MAXIMIZE_SPEED                                 ; 5            ; Untyped                          ;
; DEVICE_FAMILY                                  ; Cyclone IV E ; Untyped                          ;
; CARRY_CHAIN                                    ; MANUAL       ; Untyped                          ;
; APEX20K_TECHNOLOGY_MAPPER                      ; LUT          ; TECH_MAPPER_APEX20K              ;
; DEDICATED_MULTIPLIER_CIRCUITRY                 ; AUTO         ; Untyped                          ;
; DEDICATED_MULTIPLIER_MIN_INPUT_WIDTH_FOR_AUTO  ; 0            ; Untyped                          ;
; DEDICATED_MULTIPLIER_MIN_OUTPUT_WIDTH_FOR_AUTO ; 0            ; Untyped                          ;
; CBXI_PARAMETER                                 ; mult_b6t     ; Untyped                          ;
; INPUT_A_FIXED_VALUE                            ; Bx           ; Untyped                          ;
; INPUT_B_FIXED_VALUE                            ; Bx           ; Untyped                          ;
; USE_AHDL_IMPLEMENTATION                        ; OFF          ; Untyped                          ;
+------------------------------------------------+--------------+----------------------------------+
Note: In order to hide this table in the UI and the text report file, please set the "Show Parameter Settings in Synthesis Report" option in "Analysis and Synthesis Settings -> More Settings" to "Off".


+----------------------------------------------------------------------------------------------------+
; Parameter Settings for Inferred Entity Instance: Top:top0|DSP:dsp|Auto_Wah:Auto_Wah|lpm_mult:Mult1 ;
+------------------------------------------------+--------------+------------------------------------+
; Parameter Name                                 ; Value        ; Type                               ;
+------------------------------------------------+--------------+------------------------------------+
; AUTO_CARRY_CHAINS                              ; ON           ; AUTO_CARRY                         ;
; IGNORE_CARRY_BUFFERS                           ; OFF          ; IGNORE_CARRY                       ;
; AUTO_CASCADE_CHAINS                            ; ON           ; AUTO_CASCADE                       ;
; IGNORE_CASCADE_BUFFERS                         ; OFF          ; IGNORE_CASCADE                     ;
; LPM_WIDTHA                                     ; 16           ; Untyped                            ;
; LPM_WIDTHB                                     ; 16           ; Untyped                            ;
; LPM_WIDTHP                                     ; 32           ; Untyped                            ;
; LPM_WIDTHR                                     ; 32           ; Untyped                            ;
; LPM_WIDTHS                                     ; 1            ; Untyped                            ;
; LPM_REPRESENTATION                             ; SIGNED       ; Untyped                            ;
; LPM_PIPELINE                                   ; 0            ; Untyped                            ;
; LATENCY                                        ; 0            ; Untyped                            ;
; INPUT_A_IS_CONSTANT                            ; NO           ; Untyped                            ;
; INPUT_B_IS_CONSTANT                            ; NO           ; Untyped                            ;
; USE_EAB                                        ; OFF          ; Untyped                            ;
; MAXIMIZE_SPEED                                 ; 5            ; Untyped                            ;
; DEVICE_FAMILY                                  ; Cyclone IV E ; Untyped                            ;
; CARRY_CHAIN                                    ; MANUAL       ; Untyped                            ;
; APEX20K_TECHNOLOGY_MAPPER                      ; LUT          ; TECH_MAPPER_APEX20K                ;
; DEDICATED_MULTIPLIER_CIRCUITRY                 ; AUTO         ; Untyped                            ;
; DEDICATED_MULTIPLIER_MIN_INPUT_WIDTH_FOR_AUTO  ; 0            ; Untyped                            ;
; DEDICATED_MULTIPLIER_MIN_OUTPUT_WIDTH_FOR_AUTO ; 0            ; Untyped                            ;
; CBXI_PARAMETER                                 ; mult_86t     ; Untyped                            ;
; INPUT_A_FIXED_VALUE                            ; Bx           ; Untyped                            ;
; INPUT_B_FIXED_VALUE                            ; Bx           ; Untyped                            ;
; USE_AHDL_IMPLEMENTATION                        ; OFF          ; Untyped                            ;
+------------------------------------------------+--------------+------------------------------------+
Note: In order to hide this table in the UI and the text report file, please set the "Show Parameter Settings in Synthesis Report" option in "Analysis and Synthesis Settings -> More Settings" to "Off".


+----------------------------------------------------------------------------------------------------+
; Parameter Settings for Inferred Entity Instance: Top:top0|DSP:dsp|Auto_Wah:Auto_Wah|lpm_mult:Mult2 ;
+------------------------------------------------+--------------+------------------------------------+
; Parameter Name                                 ; Value        ; Type                               ;
+------------------------------------------------+--------------+------------------------------------+
; AUTO_CARRY_CHAINS                              ; ON           ; AUTO_CARRY                         ;
; IGNORE_CARRY_BUFFERS                           ; OFF          ; IGNORE_CARRY                       ;
; AUTO_CASCADE_CHAINS                            ; ON           ; AUTO_CASCADE                       ;
; IGNORE_CASCADE_BUFFERS                         ; OFF          ; IGNORE_CASCADE                     ;
; LPM_WIDTHA                                     ; 17           ; Untyped                            ;
; LPM_WIDTHB                                     ; 16           ; Untyped                            ;
; LPM_WIDTHP                                     ; 33           ; Untyped                            ;
; LPM_WIDTHR                                     ; 33           ; Untyped                            ;
; LPM_WIDTHS                                     ; 1            ; Untyped                            ;
; LPM_REPRESENTATION                             ; SIGNED       ; Untyped                            ;
; LPM_PIPELINE                                   ; 0            ; Untyped                            ;
; LATENCY                                        ; 0            ; Untyped                            ;
; INPUT_A_IS_CONSTANT                            ; NO           ; Untyped                            ;
; INPUT_B_IS_CONSTANT                            ; NO           ; Untyped                            ;
; USE_EAB                                        ; OFF          ; Untyped                            ;
; MAXIMIZE_SPEED                                 ; 5            ; Untyped                            ;
; DEVICE_FAMILY                                  ; Cyclone IV E ; Untyped                            ;
; CARRY_CHAIN                                    ; MANUAL       ; Untyped                            ;
; APEX20K_TECHNOLOGY_MAPPER                      ; LUT          ; TECH_MAPPER_APEX20K                ;
; DEDICATED_MULTIPLIER_CIRCUITRY                 ; AUTO         ; Untyped                            ;
; DEDICATED_MULTIPLIER_MIN_INPUT_WIDTH_FOR_AUTO  ; 0            ; Untyped                            ;
; DEDICATED_MULTIPLIER_MIN_OUTPUT_WIDTH_FOR_AUTO ; 0            ; Untyped                            ;
; CBXI_PARAMETER                                 ; mult_b6t     ; Untyped                            ;
; INPUT_A_FIXED_VALUE                            ; Bx           ; Untyped                            ;
; INPUT_B_FIXED_VALUE                            ; Bx           ; Untyped                            ;
; USE_AHDL_IMPLEMENTATION                        ; OFF          ; Untyped                            ;
+------------------------------------------------+--------------+------------------------------------+
Note: In order to hide this table in the UI and the text report file, please set the "Show Parameter Settings in Synthesis Report" option in "Analysis and Synthesis Settings -> More Settings" to "Off".


+----------------------------------------------------------------------------------------------------------------------------+
; Parameter Settings for Inferred Entity Instance: Top:top0|DSP:dsp|Reverb:Reverb|Schroeder_Allpass:allpass_4|lpm_mult:Mult1 ;
+------------------------------------------------+--------------+------------------------------------------------------------+
; Parameter Name                                 ; Value        ; Type                                                       ;
+------------------------------------------------+--------------+------------------------------------------------------------+
; AUTO_CARRY_CHAINS                              ; ON           ; AUTO_CARRY                                                 ;
; IGNORE_CARRY_BUFFERS                           ; OFF          ; IGNORE_CARRY                                               ;
; AUTO_CASCADE_CHAINS                            ; ON           ; AUTO_CASCADE                                               ;
; IGNORE_CASCADE_BUFFERS                         ; OFF          ; IGNORE_CASCADE                                             ;
; LPM_WIDTHA                                     ; 6            ; Untyped                                                    ;
; LPM_WIDTHB                                     ; 16           ; Untyped                                                    ;
; LPM_WIDTHP                                     ; 22           ; Untyped                                                    ;
; LPM_WIDTHR                                     ; 22           ; Untyped                                                    ;
; LPM_WIDTHS                                     ; 1            ; Untyped                                                    ;
; LPM_REPRESENTATION                             ; SIGNED       ; Untyped                                                    ;
; LPM_PIPELINE                                   ; 0            ; Untyped                                                    ;
; LATENCY                                        ; 0            ; Untyped                                                    ;
; INPUT_A_IS_CONSTANT                            ; NO           ; Untyped                                                    ;
; INPUT_B_IS_CONSTANT                            ; NO           ; Untyped                                                    ;
; USE_EAB                                        ; OFF          ; Untyped                                                    ;
; MAXIMIZE_SPEED                                 ; 5            ; Untyped                                                    ;
; DEVICE_FAMILY                                  ; Cyclone IV E ; Untyped                                                    ;
; CARRY_CHAIN                                    ; MANUAL       ; Untyped                                                    ;
; APEX20K_TECHNOLOGY_MAPPER                      ; LUT          ; TECH_MAPPER_APEX20K                                        ;
; DEDICATED_MULTIPLIER_CIRCUITRY                 ; AUTO         ; Untyped                                                    ;
; DEDICATED_MULTIPLIER_MIN_INPUT_WIDTH_FOR_AUTO  ; 0            ; Untyped                                                    ;
; DEDICATED_MULTIPLIER_MIN_OUTPUT_WIDTH_FOR_AUTO ; 0            ; Untyped                                                    ;
; CBXI_PARAMETER                                 ; mult_h4t     ; Untyped                                                    ;
; INPUT_A_FIXED_VALUE                            ; Bx           ; Untyped                                                    ;
; INPUT_B_FIXED_VALUE                            ; Bx           ; Untyped                                                    ;
; USE_AHDL_IMPLEMENTATION                        ; OFF          ; Untyped                                                    ;
+------------------------------------------------+--------------+------------------------------------------------------------+
Note: In order to hide this table in the UI and the text report file, please set the "Show Parameter Settings in Synthesis Report" option in "Analysis and Synthesis Settings -> More Settings" to "Off".


+----------------------------------------------------------------------------------------------------------------------------+
; Parameter Settings for Inferred Entity Instance: Top:top0|DSP:dsp|Reverb:Reverb|Schroeder_Allpass:allpass_3|lpm_mult:Mult1 ;
+------------------------------------------------+--------------+------------------------------------------------------------+
; Parameter Name                                 ; Value        ; Type                                                       ;
+------------------------------------------------+--------------+------------------------------------------------------------+
; AUTO_CARRY_CHAINS                              ; ON           ; AUTO_CARRY                                                 ;
; IGNORE_CARRY_BUFFERS                           ; OFF          ; IGNORE_CARRY                                               ;
; AUTO_CASCADE_CHAINS                            ; ON           ; AUTO_CASCADE                                               ;
; IGNORE_CASCADE_BUFFERS                         ; OFF          ; IGNORE_CASCADE                                             ;
; LPM_WIDTHA                                     ; 6            ; Untyped                                                    ;
; LPM_WIDTHB                                     ; 16           ; Untyped                                                    ;
; LPM_WIDTHP                                     ; 22           ; Untyped                                                    ;
; LPM_WIDTHR                                     ; 22           ; Untyped                                                    ;
; LPM_WIDTHS                                     ; 1            ; Untyped                                                    ;
; LPM_REPRESENTATION                             ; SIGNED       ; Untyped                                                    ;
; LPM_PIPELINE                                   ; 0            ; Untyped                                                    ;
; LATENCY                                        ; 0            ; Untyped                                                    ;
; INPUT_A_IS_CONSTANT                            ; NO           ; Untyped                                                    ;
; INPUT_B_IS_CONSTANT                            ; NO           ; Untyped                                                    ;
; USE_EAB                                        ; OFF          ; Untyped                                                    ;
; MAXIMIZE_SPEED                                 ; 5            ; Untyped                                                    ;
; DEVICE_FAMILY                                  ; Cyclone IV E ; Untyped                                                    ;
; CARRY_CHAIN                                    ; MANUAL       ; Untyped                                                    ;
; APEX20K_TECHNOLOGY_MAPPER                      ; LUT          ; TECH_MAPPER_APEX20K                                        ;
; DEDICATED_MULTIPLIER_CIRCUITRY                 ; AUTO         ; Untyped                                                    ;
; DEDICATED_MULTIPLIER_MIN_INPUT_WIDTH_FOR_AUTO  ; 0            ; Untyped                                                    ;
; DEDICATED_MULTIPLIER_MIN_OUTPUT_WIDTH_FOR_AUTO ; 0            ; Untyped                                                    ;
; CBXI_PARAMETER                                 ; mult_h4t     ; Untyped                                                    ;
; INPUT_A_FIXED_VALUE                            ; Bx           ; Untyped                                                    ;
; INPUT_B_FIXED_VALUE                            ; Bx           ; Untyped                                                    ;
; USE_AHDL_IMPLEMENTATION                        ; OFF          ; Untyped                                                    ;
+------------------------------------------------+--------------+------------------------------------------------------------+
Note: In order to hide this table in the UI and the text report file, please set the "Show Parameter Settings in Synthesis Report" option in "Analysis and Synthesis Settings -> More Settings" to "Off".


+----------------------------------------------------------------------------------------------------------------------------+
; Parameter Settings for Inferred Entity Instance: Top:top0|DSP:dsp|Reverb:Reverb|Schroeder_Allpass:allpass_2|lpm_mult:Mult1 ;
+------------------------------------------------+--------------+------------------------------------------------------------+
; Parameter Name                                 ; Value        ; Type                                                       ;
+------------------------------------------------+--------------+------------------------------------------------------------+
; AUTO_CARRY_CHAINS                              ; ON           ; AUTO_CARRY                                                 ;
; IGNORE_CARRY_BUFFERS                           ; OFF          ; IGNORE_CARRY                                               ;
; AUTO_CASCADE_CHAINS                            ; ON           ; AUTO_CASCADE                                               ;
; IGNORE_CASCADE_BUFFERS                         ; OFF          ; IGNORE_CASCADE                                             ;
; LPM_WIDTHA                                     ; 6            ; Untyped                                                    ;
; LPM_WIDTHB                                     ; 16           ; Untyped                                                    ;
; LPM_WIDTHP                                     ; 22           ; Untyped                                                    ;
; LPM_WIDTHR                                     ; 22           ; Untyped                                                    ;
; LPM_WIDTHS                                     ; 1            ; Untyped                                                    ;
; LPM_REPRESENTATION                             ; SIGNED       ; Untyped                                                    ;
; LPM_PIPELINE                                   ; 0            ; Untyped                                                    ;
; LATENCY                                        ; 0            ; Untyped                                                    ;
; INPUT_A_IS_CONSTANT                            ; NO           ; Untyped                                                    ;
; INPUT_B_IS_CONSTANT                            ; NO           ; Untyped                                                    ;
; USE_EAB                                        ; OFF          ; Untyped                                                    ;
; MAXIMIZE_SPEED                                 ; 5            ; Untyped                                                    ;
; DEVICE_FAMILY                                  ; Cyclone IV E ; Untyped                                                    ;
; CARRY_CHAIN                                    ; MANUAL       ; Untyped                                                    ;
; APEX20K_TECHNOLOGY_MAPPER                      ; LUT          ; TECH_MAPPER_APEX20K                                        ;
; DEDICATED_MULTIPLIER_CIRCUITRY                 ; AUTO         ; Untyped                                                    ;
; DEDICATED_MULTIPLIER_MIN_INPUT_WIDTH_FOR_AUTO  ; 0            ; Untyped                                                    ;
; DEDICATED_MULTIPLIER_MIN_OUTPUT_WIDTH_FOR_AUTO ; 0            ; Untyped                                                    ;
; CBXI_PARAMETER                                 ; mult_h4t     ; Untyped                                                    ;
; INPUT_A_FIXED_VALUE                            ; Bx           ; Untyped                                                    ;
; INPUT_B_FIXED_VALUE                            ; Bx           ; Untyped                                                    ;
; USE_AHDL_IMPLEMENTATION                        ; OFF          ; Untyped                                                    ;
+------------------------------------------------+--------------+------------------------------------------------------------+
Note: In order to hide this table in the UI and the text report file, please set the "Show Parameter Settings in Synthesis Report" option in "Analysis and Synthesis Settings -> More Settings" to "Off".


+----------------------------------------------------------------------------------------------------------------------------+
; Parameter Settings for Inferred Entity Instance: Top:top0|DSP:dsp|Reverb:Reverb|Schroeder_Allpass:allpass_1|lpm_mult:Mult1 ;
+------------------------------------------------+--------------+------------------------------------------------------------+
; Parameter Name                                 ; Value        ; Type                                                       ;
+------------------------------------------------+--------------+------------------------------------------------------------+
; AUTO_CARRY_CHAINS                              ; ON           ; AUTO_CARRY                                                 ;
; IGNORE_CARRY_BUFFERS                           ; OFF          ; IGNORE_CARRY                                               ;
; AUTO_CASCADE_CHAINS                            ; ON           ; AUTO_CASCADE                                               ;
; IGNORE_CASCADE_BUFFERS                         ; OFF          ; IGNORE_CASCADE                                             ;
; LPM_WIDTHA                                     ; 6            ; Untyped                                                    ;
; LPM_WIDTHB                                     ; 16           ; Untyped                                                    ;
; LPM_WIDTHP                                     ; 22           ; Untyped                                                    ;
; LPM_WIDTHR                                     ; 22           ; Untyped                                                    ;
; LPM_WIDTHS                                     ; 1            ; Untyped                                                    ;
; LPM_REPRESENTATION                             ; SIGNED       ; Untyped                                                    ;
; LPM_PIPELINE                                   ; 0            ; Untyped                                                    ;
; LATENCY                                        ; 0            ; Untyped                                                    ;
; INPUT_A_IS_CONSTANT                            ; NO           ; Untyped                                                    ;
; INPUT_B_IS_CONSTANT                            ; NO           ; Untyped                                                    ;
; USE_EAB                                        ; OFF          ; Untyped                                                    ;
; MAXIMIZE_SPEED                                 ; 5            ; Untyped                                                    ;
; DEVICE_FAMILY                                  ; Cyclone IV E ; Untyped                                                    ;
; CARRY_CHAIN                                    ; MANUAL       ; Untyped                                                    ;
; APEX20K_TECHNOLOGY_MAPPER                      ; LUT          ; TECH_MAPPER_APEX20K                                        ;
; DEDICATED_MULTIPLIER_CIRCUITRY                 ; AUTO         ; Untyped                                                    ;
; DEDICATED_MULTIPLIER_MIN_INPUT_WIDTH_FOR_AUTO  ; 0            ; Untyped                                                    ;
; DEDICATED_MULTIPLIER_MIN_OUTPUT_WIDTH_FOR_AUTO ; 0            ; Untyped                                                    ;
; CBXI_PARAMETER                                 ; mult_h4t     ; Untyped                                                    ;
; INPUT_A_FIXED_VALUE                            ; Bx           ; Untyped                                                    ;
; INPUT_B_FIXED_VALUE                            ; Bx           ; Untyped                                                    ;
; USE_AHDL_IMPLEMENTATION                        ; OFF          ; Untyped                                                    ;
+------------------------------------------------+--------------+------------------------------------------------------------+
Note: In order to hide this table in the UI and the text report file, please set the "Show Parameter Settings in Synthesis Report" option in "Analysis and Synthesis Settings -> More Settings" to "Off".


+----------------------------------------------------------------------------------------------------------------------------+
; Parameter Settings for Inferred Entity Instance: Top:top0|DSP:dsp|Reverb:Reverb|Schroeder_Allpass:allpass_0|lpm_mult:Mult1 ;
+------------------------------------------------+--------------+------------------------------------------------------------+
; Parameter Name                                 ; Value        ; Type                                                       ;
+------------------------------------------------+--------------+------------------------------------------------------------+
; AUTO_CARRY_CHAINS                              ; ON           ; AUTO_CARRY                                                 ;
; IGNORE_CARRY_BUFFERS                           ; OFF          ; IGNORE_CARRY                                               ;
; AUTO_CASCADE_CHAINS                            ; ON           ; AUTO_CASCADE                                               ;
; IGNORE_CASCADE_BUFFERS                         ; OFF          ; IGNORE_CASCADE                                             ;
; LPM_WIDTHA                                     ; 6            ; Untyped                                                    ;
; LPM_WIDTHB                                     ; 16           ; Untyped                                                    ;
; LPM_WIDTHP                                     ; 22           ; Untyped                                                    ;
; LPM_WIDTHR                                     ; 22           ; Untyped                                                    ;
; LPM_WIDTHS                                     ; 1            ; Untyped                                                    ;
; LPM_REPRESENTATION                             ; SIGNED       ; Untyped                                                    ;
; LPM_PIPELINE                                   ; 0            ; Untyped                                                    ;
; LATENCY                                        ; 0            ; Untyped                                                    ;
; INPUT_A_IS_CONSTANT                            ; NO           ; Untyped                                                    ;
; INPUT_B_IS_CONSTANT                            ; NO           ; Untyped                                                    ;
; USE_EAB                                        ; OFF          ; Untyped                                                    ;
; MAXIMIZE_SPEED                                 ; 5            ; Untyped                                                    ;
; DEVICE_FAMILY                                  ; Cyclone IV E ; Untyped                                                    ;
; CARRY_CHAIN                                    ; MANUAL       ; Untyped                                                    ;
; APEX20K_TECHNOLOGY_MAPPER                      ; LUT          ; TECH_MAPPER_APEX20K                                        ;
; DEDICATED_MULTIPLIER_CIRCUITRY                 ; AUTO         ; Untyped                                                    ;
; DEDICATED_MULTIPLIER_MIN_INPUT_WIDTH_FOR_AUTO  ; 0            ; Untyped                                                    ;
; DEDICATED_MULTIPLIER_MIN_OUTPUT_WIDTH_FOR_AUTO ; 0            ; Untyped                                                    ;
; CBXI_PARAMETER                                 ; mult_h4t     ; Untyped                                                    ;
; INPUT_A_FIXED_VALUE                            ; Bx           ; Untyped                                                    ;
; INPUT_B_FIXED_VALUE                            ; Bx           ; Untyped                                                    ;
; USE_AHDL_IMPLEMENTATION                        ; OFF          ; Untyped                                                    ;
+------------------------------------------------+--------------+------------------------------------------------------------+
Note: In order to hide this table in the UI and the text report file, please set the "Show Parameter Settings in Synthesis Report" option in "Analysis and Synthesis Settings -> More Settings" to "Off".


+----------------------------------------------------------------------------------------------------------------------------------+
; altsyncram Parameter Settings by Entity Instance                                                                                 ;
+-------------------------------------------+--------------------------------------------------------------------------------------+
; Name                                      ; Value                                                                                ;
+-------------------------------------------+--------------------------------------------------------------------------------------+
; Number of entity instances                ; 18                                                                                   ;
; Entity Instance                           ; Top:top0|Buffer:buffer|altsyncram:buf_data_r_rtl_0                                   ;
;     -- OPERATION_MODE                     ; DUAL_PORT                                                                            ;
;     -- WIDTH_A                            ; 16                                                                                   ;
;     -- NUMWORDS_A                         ; 16                                                                                   ;
;     -- OUTDATA_REG_A                      ; UNREGISTERED                                                                         ;
;     -- WIDTH_B                            ; 16                                                                                   ;
;     -- NUMWORDS_B                         ; 16                                                                                   ;
;     -- ADDRESS_REG_B                      ; CLOCK0                                                                               ;
;     -- OUTDATA_REG_B                      ; UNREGISTERED                                                                         ;
;     -- RAM_BLOCK_TYPE                     ; AUTO                                                                                 ;
;     -- READ_DURING_WRITE_MODE_MIXED_PORTS ; OLD_DATA                                                                             ;
; Entity Instance                           ; Top:top0|Buffer:buffer|altsyncram:buf_data_l_rtl_0                                   ;
;     -- OPERATION_MODE                     ; DUAL_PORT                                                                            ;
;     -- WIDTH_A                            ; 16                                                                                   ;
;     -- NUMWORDS_A                         ; 16                                                                                   ;
;     -- OUTDATA_REG_A                      ; UNREGISTERED                                                                         ;
;     -- WIDTH_B                            ; 16                                                                                   ;
;     -- NUMWORDS_B                         ; 16                                                                                   ;
;     -- ADDRESS_REG_B                      ; CLOCK0                                                                               ;
;     -- OUTDATA_REG_B                      ; UNREGISTERED                                                                         ;
;     -- RAM_BLOCK_TYPE                     ; AUTO                                                                                 ;
;     -- READ_DURING_WRITE_MODE_MIXED_PORTS ; OLD_DATA                                                                             ;
; Entity Instance                           ; Top:top0|DSP:dsp|Chorus:Chorus|altsyncram:data_buffer_rtl_0                          ;
;     -- OPERATION_MODE                     ; DUAL_PORT                                                                            ;
;     -- WIDTH_A                            ; 16                                                                                   ;
;     -- NUMWORDS_A                         ; 4096                                                                                 ;
;     -- OUTDATA_REG_A                      ; UNREGISTERED                                                                         ;
;     -- WIDTH_B                            ; 16                                                                                   ;
;     -- NUMWORDS_B                         ; 4096                                                                                 ;
;     -- ADDRESS_REG_B                      ; CLOCK1                                                                               ;
;     -- OUTDATA_REG_B                      ; UNREGISTERED                                                                         ;
;     -- RAM_BLOCK_TYPE                     ; AUTO                                                                                 ;
;     -- READ_DURING_WRITE_MODE_MIXED_PORTS ; DONT_CARE                                                                            ;
; Entity Instance                           ; Top:top0|DSP:dsp|Chorus:Chorus|altsyncram:data_buffer_rtl_1                          ;
;     -- OPERATION_MODE                     ; DUAL_PORT                                                                            ;
;     -- WIDTH_A                            ; 16                                                                                   ;
;     -- NUMWORDS_A                         ; 4096                                                                                 ;
;     -- OUTDATA_REG_A                      ; UNREGISTERED                                                                         ;
;     -- WIDTH_B                            ; 16                                                                                   ;
;     -- NUMWORDS_B                         ; 4096                                                                                 ;
;     -- ADDRESS_REG_B                      ; CLOCK1                                                                               ;
;     -- OUTDATA_REG_B                      ; UNREGISTERED                                                                         ;
;     -- RAM_BLOCK_TYPE                     ; AUTO                                                                                 ;
;     -- READ_DURING_WRITE_MODE_MIXED_PORTS ; DONT_CARE                                                                            ;
; Entity Instance                           ; Top:top0|DSP:dsp|Reverb:Reverb|FDN_4ch:fdn|altsyncram:ch1_buffer_rtl_0               ;
;     -- OPERATION_MODE                     ; DUAL_PORT                                                                            ;
;     -- WIDTH_A                            ; 16                                                                                   ;
;     -- NUMWORDS_A                         ; 1787                                                                                 ;
;     -- OUTDATA_REG_A                      ; UNREGISTERED                                                                         ;
;     -- WIDTH_B                            ; 16                                                                                   ;
;     -- NUMWORDS_B                         ; 1787                                                                                 ;
;     -- ADDRESS_REG_B                      ; CLOCK0                                                                               ;
;     -- OUTDATA_REG_B                      ; UNREGISTERED                                                                         ;
;     -- RAM_BLOCK_TYPE                     ; AUTO                                                                                 ;
;     -- READ_DURING_WRITE_MODE_MIXED_PORTS ; OLD_DATA                                                                             ;
; Entity Instance                           ; Top:top0|DSP:dsp|Reverb:Reverb|FDN_4ch:fdn|altsyncram:ch0_buffer_rtl_0               ;
;     -- OPERATION_MODE                     ; DUAL_PORT                                                                            ;
;     -- WIDTH_A                            ; 16                                                                                   ;
;     -- NUMWORDS_A                         ; 1423                                                                                 ;
;     -- OUTDATA_REG_A                      ; UNREGISTERED                                                                         ;
;     -- WIDTH_B                            ; 16                                                                                   ;
;     -- NUMWORDS_B                         ; 1423                                                                                 ;
;     -- ADDRESS_REG_B                      ; CLOCK0                                                                               ;
;     -- OUTDATA_REG_B                      ; UNREGISTERED                                                                         ;
;     -- RAM_BLOCK_TYPE                     ; AUTO                                                                                 ;
;     -- READ_DURING_WRITE_MODE_MIXED_PORTS ; OLD_DATA                                                                             ;
; Entity Instance                           ; Top:top0|DSP:dsp|Reverb:Reverb|FDN_4ch:fdn|altsyncram:ch2_buffer_rtl_0               ;
;     -- OPERATION_MODE                     ; DUAL_PORT                                                                            ;
;     -- WIDTH_A                            ; 16                                                                                   ;
;     -- NUMWORDS_A                         ; 2131                                                                                 ;
;     -- OUTDATA_REG_A                      ; UNREGISTERED                                                                         ;
;     -- WIDTH_B                            ; 16                                                                                   ;
;     -- NUMWORDS_B                         ; 2131                                                                                 ;
;     -- ADDRESS_REG_B                      ; CLOCK0                                                                               ;
;     -- OUTDATA_REG_B                      ; UNREGISTERED                                                                         ;
;     -- RAM_BLOCK_TYPE                     ; AUTO                                                                                 ;
;     -- READ_DURING_WRITE_MODE_MIXED_PORTS ; OLD_DATA                                                                             ;
; Entity Instance                           ; Top:top0|DSP:dsp|Reverb:Reverb|FDN_4ch:fdn|altsyncram:ch3_buffer_rtl_0               ;
;     -- OPERATION_MODE                     ; DUAL_PORT                                                                            ;
;     -- WIDTH_A                            ; 16                                                                                   ;
;     -- NUMWORDS_A                         ; 2531                                                                                 ;
;     -- OUTDATA_REG_A                      ; UNREGISTERED                                                                         ;
;     -- WIDTH_B                            ; 16                                                                                   ;
;     -- NUMWORDS_B                         ; 2531                                                                                 ;
;     -- ADDRESS_REG_B                      ; CLOCK0                                                                               ;
;     -- OUTDATA_REG_B                      ; UNREGISTERED                                                                         ;
;     -- RAM_BLOCK_TYPE                     ; AUTO                                                                                 ;
;     -- READ_DURING_WRITE_MODE_MIXED_PORTS ; OLD_DATA                                                                             ;
; Entity Instance                           ; Top:top0|DSP:dsp|Delay_Effect:Delay_Effect|altsyncram:delay_ram_rtl_0                ;
;     -- OPERATION_MODE                     ; DUAL_PORT                                                                            ;
;     -- WIDTH_A                            ; 14                                                                                   ;
;     -- NUMWORDS_A                         ; 65536                                                                                ;
;     -- OUTDATA_REG_A                      ; UNREGISTERED                                                                         ;
;     -- WIDTH_B                            ; 14                                                                                   ;
;     -- NUMWORDS_B                         ; 65536                                                                                ;
;     -- ADDRESS_REG_B                      ; CLOCK0                                                                               ;
;     -- OUTDATA_REG_B                      ; UNREGISTERED                                                                         ;
;     -- RAM_BLOCK_TYPE                     ; M9K                                                                                  ;
;     -- READ_DURING_WRITE_MODE_MIXED_PORTS ; OLD_DATA                                                                             ;
; Entity Instance                           ; Top:top0|DSP:dsp|Auto_Wah:Auto_Wah|altsyncram:data_buffer_rtl_0                      ;
;     -- OPERATION_MODE                     ; DUAL_PORT                                                                            ;
;     -- WIDTH_A                            ; 16                                                                                   ;
;     -- NUMWORDS_A                         ; 1024                                                                                 ;
;     -- OUTDATA_REG_A                      ; UNREGISTERED                                                                         ;
;     -- WIDTH_B                            ; 16                                                                                   ;
;     -- NUMWORDS_B                         ; 1024                                                                                 ;
;     -- ADDRESS_REG_B                      ; CLOCK1                                                                               ;
;     -- OUTDATA_REG_B                      ; UNREGISTERED                                                                         ;
;     -- RAM_BLOCK_TYPE                     ; AUTO                                                                                 ;
;     -- READ_DURING_WRITE_MODE_MIXED_PORTS ; DONT_CARE                                                                            ;
; Entity Instance                           ; Top:top0|DSP:dsp|Auto_Wah:Auto_Wah|altsyncram:data_buffer_rtl_1                      ;
;     -- OPERATION_MODE                     ; DUAL_PORT                                                                            ;
;     -- WIDTH_A                            ; 16                                                                                   ;
;     -- NUMWORDS_A                         ; 1024                                                                                 ;
;     -- OUTDATA_REG_A                      ; UNREGISTERED                                                                         ;
;     -- WIDTH_B                            ; 16                                                                                   ;
;     -- NUMWORDS_B                         ; 1024                                                                                 ;
;     -- ADDRESS_REG_B                      ; CLOCK1                                                                               ;
;     -- OUTDATA_REG_B                      ; UNREGISTERED                                                                         ;
;     -- RAM_BLOCK_TYPE                     ; AUTO                                                                                 ;
;     -- READ_DURING_WRITE_MODE_MIXED_PORTS ; DONT_CARE                                                                            ;
; Entity Instance                           ; Top:top0|DSP:dsp|Flanger:Flanger|altsyncram:data_buffer_rtl_0                        ;
;     -- OPERATION_MODE                     ; DUAL_PORT                                                                            ;
;     -- WIDTH_A                            ; 16                                                                                   ;
;     -- NUMWORDS_A                         ; 1024                                                                                 ;
;     -- OUTDATA_REG_A                      ; UNREGISTERED                                                                         ;
;     -- WIDTH_B                            ; 16                                                                                   ;
;     -- NUMWORDS_B                         ; 1024                                                                                 ;
;     -- ADDRESS_REG_B                      ; CLOCK1                                                                               ;
;     -- OUTDATA_REG_B                      ; UNREGISTERED                                                                         ;
;     -- RAM_BLOCK_TYPE                     ; AUTO                                                                                 ;
;     -- READ_DURING_WRITE_MODE_MIXED_PORTS ; DONT_CARE                                                                            ;
; Entity Instance                           ; Top:top0|DSP:dsp|Flanger:Flanger|altsyncram:data_buffer_rtl_1                        ;
;     -- OPERATION_MODE                     ; DUAL_PORT                                                                            ;
;     -- WIDTH_A                            ; 16                                                                                   ;
;     -- NUMWORDS_A                         ; 1024                                                                                 ;
;     -- OUTDATA_REG_A                      ; UNREGISTERED                                                                         ;
;     -- WIDTH_B                            ; 16                                                                                   ;
;     -- NUMWORDS_B                         ; 1024                                                                                 ;
;     -- ADDRESS_REG_B                      ; CLOCK1                                                                               ;
;     -- OUTDATA_REG_B                      ; UNREGISTERED                                                                         ;
;     -- RAM_BLOCK_TYPE                     ; AUTO                                                                                 ;
;     -- READ_DURING_WRITE_MODE_MIXED_PORTS ; DONT_CARE                                                                            ;
; Entity Instance                           ; Top:top0|DSP:dsp|Reverb:Reverb|Schroeder_Allpass:allpass_4|altsyncram:v_buffer_rtl_0 ;
;     -- OPERATION_MODE                     ; DUAL_PORT                                                                            ;
;     -- WIDTH_A                            ; 16                                                                                   ;
;     -- NUMWORDS_A                         ; 2663                                                                                 ;
;     -- OUTDATA_REG_A                      ; UNREGISTERED                                                                         ;
;     -- WIDTH_B                            ; 16                                                                                   ;
;     -- NUMWORDS_B                         ; 2663                                                                                 ;
;     -- ADDRESS_REG_B                      ; CLOCK0                                                                               ;
;     -- OUTDATA_REG_B                      ; UNREGISTERED                                                                         ;
;     -- RAM_BLOCK_TYPE                     ; AUTO                                                                                 ;
;     -- READ_DURING_WRITE_MODE_MIXED_PORTS ; OLD_DATA                                                                             ;
; Entity Instance                           ; Top:top0|DSP:dsp|Reverb:Reverb|Schroeder_Allpass:allpass_3|altsyncram:v_buffer_rtl_0 ;
;     -- OPERATION_MODE                     ; DUAL_PORT                                                                            ;
;     -- WIDTH_A                            ; 16                                                                                   ;
;     -- NUMWORDS_A                         ; 2531                                                                                 ;
;     -- OUTDATA_REG_A                      ; UNREGISTERED                                                                         ;
;     -- WIDTH_B                            ; 16                                                                                   ;
;     -- NUMWORDS_B                         ; 2531                                                                                 ;
;     -- ADDRESS_REG_B                      ; CLOCK0                                                                               ;
;     -- OUTDATA_REG_B                      ; UNREGISTERED                                                                         ;
;     -- RAM_BLOCK_TYPE                     ; AUTO                                                                                 ;
;     -- READ_DURING_WRITE_MODE_MIXED_PORTS ; OLD_DATA                                                                             ;
; Entity Instance                           ; Top:top0|DSP:dsp|Reverb:Reverb|Schroeder_Allpass:allpass_2|altsyncram:v_buffer_rtl_0 ;
;     -- OPERATION_MODE                     ; DUAL_PORT                                                                            ;
;     -- WIDTH_A                            ; 16                                                                                   ;
;     -- NUMWORDS_A                         ; 2131                                                                                 ;
;     -- OUTDATA_REG_A                      ; UNREGISTERED                                                                         ;
;     -- WIDTH_B                            ; 16                                                                                   ;
;     -- NUMWORDS_B                         ; 2131                                                                                 ;
;     -- ADDRESS_REG_B                      ; CLOCK0                                                                               ;
;     -- OUTDATA_REG_B                      ; UNREGISTERED                                                                         ;
;     -- RAM_BLOCK_TYPE                     ; AUTO                                                                                 ;
;     -- READ_DURING_WRITE_MODE_MIXED_PORTS ; OLD_DATA                                                                             ;
; Entity Instance                           ; Top:top0|DSP:dsp|Reverb:Reverb|Schroeder_Allpass:allpass_1|altsyncram:v_buffer_rtl_0 ;
;     -- OPERATION_MODE                     ; DUAL_PORT                                                                            ;
;     -- WIDTH_A                            ; 16                                                                                   ;
;     -- NUMWORDS_A                         ; 1787                                                                                 ;
;     -- OUTDATA_REG_A                      ; UNREGISTERED                                                                         ;
;     -- WIDTH_B                            ; 16                                                                                   ;
;     -- NUMWORDS_B                         ; 1787                                                                                 ;
;     -- ADDRESS_REG_B                      ; CLOCK0                                                                               ;
;     -- OUTDATA_REG_B                      ; UNREGISTERED                                                                         ;
;     -- RAM_BLOCK_TYPE                     ; AUTO                                                                                 ;
;     -- READ_DURING_WRITE_MODE_MIXED_PORTS ; OLD_DATA                                                                             ;
; Entity Instance                           ; Top:top0|DSP:dsp|Reverb:Reverb|Schroeder_Allpass:allpass_0|altsyncram:v_buffer_rtl_0 ;
;     -- OPERATION_MODE                     ; DUAL_PORT                                                                            ;
;     -- WIDTH_A                            ; 16                                                                                   ;
;     -- NUMWORDS_A                         ; 1423                                                                                 ;
;     -- OUTDATA_REG_A                      ; UNREGISTERED                                                                         ;
;     -- WIDTH_B                            ; 16                                                                                   ;
;     -- NUMWORDS_B                         ; 1423                                                                                 ;
;     -- ADDRESS_REG_B                      ; CLOCK0                                                                               ;
;     -- OUTDATA_REG_B                      ; UNREGISTERED                                                                         ;
;     -- RAM_BLOCK_TYPE                     ; AUTO                                                                                 ;
;     -- READ_DURING_WRITE_MODE_MIXED_PORTS ; OLD_DATA                                                                             ;
+-------------------------------------------+--------------------------------------------------------------------------------------+


+-------------------------------------------------------------------------------------------------------------------+
; lpm_mult Parameter Settings by Entity Instance                                                                    ;
+---------------------------------------+---------------------------------------------------------------------------+
; Name                                  ; Value                                                                     ;
+---------------------------------------+---------------------------------------------------------------------------+
; Number of entity instances            ; 37                                                                        ;
; Entity Instance                       ; Top:top0|DSP:dsp|fuzz:Fuzz|lpm_mult:Mult2                                 ;
;     -- LPM_WIDTHA                     ; 16                                                                        ;
;     -- LPM_WIDTHB                     ; 17                                                                        ;
;     -- LPM_WIDTHP                     ; 33                                                                        ;
;     -- LPM_REPRESENTATION             ; SIGNED                                                                    ;
;     -- INPUT_A_IS_CONSTANT            ; NO                                                                        ;
;     -- INPUT_B_IS_CONSTANT            ; NO                                                                        ;
;     -- USE_EAB                        ; OFF                                                                       ;
;     -- DEDICATED_MULTIPLIER_CIRCUITRY ; AUTO                                                                      ;
;     -- INPUT_A_FIXED_VALUE            ; Bx                                                                        ;
;     -- INPUT_B_FIXED_VALUE            ; Bx                                                                        ;
; Entity Instance                       ; Top:top0|DSP:dsp|Noise_Gate:Noise_Gate|lpm_mult:Mult0                     ;
;     -- LPM_WIDTHA                     ; 16                                                                        ;
;     -- LPM_WIDTHB                     ; 16                                                                        ;
;     -- LPM_WIDTHP                     ; 32                                                                        ;
;     -- LPM_REPRESENTATION             ; SIGNED                                                                    ;
;     -- INPUT_A_IS_CONSTANT            ; NO                                                                        ;
;     -- INPUT_B_IS_CONSTANT            ; NO                                                                        ;
;     -- USE_EAB                        ; OFF                                                                       ;
;     -- DEDICATED_MULTIPLIER_CIRCUITRY ; AUTO                                                                      ;
;     -- INPUT_A_FIXED_VALUE            ; Bx                                                                        ;
;     -- INPUT_B_FIXED_VALUE            ; Bx                                                                        ;
; Entity Instance                       ; Top:top0|DSP:dsp|distortion:Distortion|lpm_mult:Mult0                     ;
;     -- LPM_WIDTHA                     ; 17                                                                        ;
;     -- LPM_WIDTHB                     ; 17                                                                        ;
;     -- LPM_WIDTHP                     ; 34                                                                        ;
;     -- LPM_REPRESENTATION             ; SIGNED                                                                    ;
;     -- INPUT_A_IS_CONSTANT            ; NO                                                                        ;
;     -- INPUT_B_IS_CONSTANT            ; NO                                                                        ;
;     -- USE_EAB                        ; OFF                                                                       ;
;     -- DEDICATED_MULTIPLIER_CIRCUITRY ; AUTO                                                                      ;
;     -- INPUT_A_FIXED_VALUE            ; Bx                                                                        ;
;     -- INPUT_B_FIXED_VALUE            ; Bx                                                                        ;
; Entity Instance                       ; Top:top0|DSP:dsp|Overdrive:Overdrive|lpm_mult:Mult0                       ;
;     -- LPM_WIDTHA                     ; 16                                                                        ;
;     -- LPM_WIDTHB                     ; 17                                                                        ;
;     -- LPM_WIDTHP                     ; 33                                                                        ;
;     -- LPM_REPRESENTATION             ; SIGNED                                                                    ;
;     -- INPUT_A_IS_CONSTANT            ; NO                                                                        ;
;     -- INPUT_B_IS_CONSTANT            ; NO                                                                        ;
;     -- USE_EAB                        ; OFF                                                                       ;
;     -- DEDICATED_MULTIPLIER_CIRCUITRY ; AUTO                                                                      ;
;     -- INPUT_A_FIXED_VALUE            ; Bx                                                                        ;
;     -- INPUT_B_FIXED_VALUE            ; Bx                                                                        ;
; Entity Instance                       ; Top:top0|DSP:dsp|Chorus:Chorus|lpm_mult:Mult3                             ;
;     -- LPM_WIDTHA                     ; 8                                                                         ;
;     -- LPM_WIDTHB                     ; 16                                                                        ;
;     -- LPM_WIDTHP                     ; 24                                                                        ;
;     -- LPM_REPRESENTATION             ; SIGNED                                                                    ;
;     -- INPUT_A_IS_CONSTANT            ; NO                                                                        ;
;     -- INPUT_B_IS_CONSTANT            ; NO                                                                        ;
;     -- USE_EAB                        ; OFF                                                                       ;
;     -- DEDICATED_MULTIPLIER_CIRCUITRY ; AUTO                                                                      ;
;     -- INPUT_A_FIXED_VALUE            ; Bx                                                                        ;
;     -- INPUT_B_FIXED_VALUE            ; Bx                                                                        ;
; Entity Instance                       ; Top:top0|DSP:dsp|Chorus:Chorus|lpm_mult:Mult4                             ;
;     -- LPM_WIDTHA                     ; 8                                                                         ;
;     -- LPM_WIDTHB                     ; 16                                                                        ;
;     -- LPM_WIDTHP                     ; 24                                                                        ;
;     -- LPM_REPRESENTATION             ; SIGNED                                                                    ;
;     -- INPUT_A_IS_CONSTANT            ; NO                                                                        ;
;     -- INPUT_B_IS_CONSTANT            ; NO                                                                        ;
;     -- USE_EAB                        ; OFF                                                                       ;
;     -- DEDICATED_MULTIPLIER_CIRCUITRY ; AUTO                                                                      ;
;     -- INPUT_A_FIXED_VALUE            ; Bx                                                                        ;
;     -- INPUT_B_FIXED_VALUE            ; Bx                                                                        ;
; Entity Instance                       ; Top:top0|DSP:dsp|fuzz:Fuzz|lpm_mult:Mult0                                 ;
;     -- LPM_WIDTHA                     ; 16                                                                        ;
;     -- LPM_WIDTHB                     ; 9                                                                         ;
;     -- LPM_WIDTHP                     ; 25                                                                        ;
;     -- LPM_REPRESENTATION             ; SIGNED                                                                    ;
;     -- INPUT_A_IS_CONSTANT            ; NO                                                                        ;
;     -- INPUT_B_IS_CONSTANT            ; NO                                                                        ;
;     -- USE_EAB                        ; OFF                                                                       ;
;     -- DEDICATED_MULTIPLIER_CIRCUITRY ; AUTO                                                                      ;
;     -- INPUT_A_FIXED_VALUE            ; Bx                                                                        ;
;     -- INPUT_B_FIXED_VALUE            ; Bx                                                                        ;
; Entity Instance                       ; Top:top0|DSP:dsp|Noise_Gate:Noise_Gate|lpm_mult:Mult1                     ;
;     -- LPM_WIDTHA                     ; 17                                                                        ;
;     -- LPM_WIDTHB                     ; 9                                                                         ;
;     -- LPM_WIDTHP                     ; 26                                                                        ;
;     -- LPM_REPRESENTATION             ; SIGNED                                                                    ;
;     -- INPUT_A_IS_CONSTANT            ; NO                                                                        ;
;     -- INPUT_B_IS_CONSTANT            ; NO                                                                        ;
;     -- USE_EAB                        ; OFF                                                                       ;
;     -- DEDICATED_MULTIPLIER_CIRCUITRY ; AUTO                                                                      ;
;     -- INPUT_A_FIXED_VALUE            ; Bx                                                                        ;
;     -- INPUT_B_FIXED_VALUE            ; Bx                                                                        ;
; Entity Instance                       ; Top:top0|DSP:dsp|distortion:Distortion|tanh:u_tanh|lpm_mult:Mult0         ;
;     -- LPM_WIDTHA                     ; 16                                                                        ;
;     -- LPM_WIDTHB                     ; 9                                                                         ;
;     -- LPM_WIDTHP                     ; 25                                                                        ;
;     -- LPM_REPRESENTATION             ; SIGNED                                                                    ;
;     -- INPUT_A_IS_CONSTANT            ; NO                                                                        ;
;     -- INPUT_B_IS_CONSTANT            ; NO                                                                        ;
;     -- USE_EAB                        ; OFF                                                                       ;
;     -- DEDICATED_MULTIPLIER_CIRCUITRY ; AUTO                                                                      ;
;     -- INPUT_A_FIXED_VALUE            ; Bx                                                                        ;
;     -- INPUT_B_FIXED_VALUE            ; Bx                                                                        ;
; Entity Instance                       ; Top:top0|DSP:dsp|Overdrive:Overdrive|tanh:u_tanh|lpm_mult:Mult0           ;
;     -- LPM_WIDTHA                     ; 16                                                                        ;
;     -- LPM_WIDTHB                     ; 9                                                                         ;
;     -- LPM_WIDTHP                     ; 25                                                                        ;
;     -- LPM_REPRESENTATION             ; SIGNED                                                                    ;
;     -- INPUT_A_IS_CONSTANT            ; NO                                                                        ;
;     -- INPUT_B_IS_CONSTANT            ; NO                                                                        ;
;     -- USE_EAB                        ; OFF                                                                       ;
;     -- DEDICATED_MULTIPLIER_CIRCUITRY ; AUTO                                                                      ;
;     -- INPUT_A_FIXED_VALUE            ; Bx                                                                        ;
;     -- INPUT_B_FIXED_VALUE            ; Bx                                                                        ;
; Entity Instance                       ; Top:top0|DSP:dsp|Flanger:Flanger|lpm_mult:Mult4                           ;
;     -- LPM_WIDTHA                     ; 8                                                                         ;
;     -- LPM_WIDTHB                     ; 16                                                                        ;
;     -- LPM_WIDTHP                     ; 24                                                                        ;
;     -- LPM_REPRESENTATION             ; SIGNED                                                                    ;
;     -- INPUT_A_IS_CONSTANT            ; NO                                                                        ;
;     -- INPUT_B_IS_CONSTANT            ; NO                                                                        ;
;     -- USE_EAB                        ; OFF                                                                       ;
;     -- DEDICATED_MULTIPLIER_CIRCUITRY ; AUTO                                                                      ;
;     -- INPUT_A_FIXED_VALUE            ; Bx                                                                        ;
;     -- INPUT_B_FIXED_VALUE            ; Bx                                                                        ;
; Entity Instance                       ; Top:top0|DSP:dsp|Flanger:Flanger|lpm_mult:Mult5                           ;
;     -- LPM_WIDTHA                     ; 8                                                                         ;
;     -- LPM_WIDTHB                     ; 16                                                                        ;
;     -- LPM_WIDTHP                     ; 24                                                                        ;
;     -- LPM_REPRESENTATION             ; SIGNED                                                                    ;
;     -- INPUT_A_IS_CONSTANT            ; NO                                                                        ;
;     -- INPUT_B_IS_CONSTANT            ; NO                                                                        ;
;     -- USE_EAB                        ; OFF                                                                       ;
;     -- DEDICATED_MULTIPLIER_CIRCUITRY ; AUTO                                                                      ;
;     -- INPUT_A_FIXED_VALUE            ; Bx                                                                        ;
;     -- INPUT_B_FIXED_VALUE            ; Bx                                                                        ;
; Entity Instance                       ; Top:top0|DSP:dsp|Reverb:Reverb|lpm_mult:Mult1                             ;
;     -- LPM_WIDTHA                     ; 8                                                                         ;
;     -- LPM_WIDTHB                     ; 16                                                                        ;
;     -- LPM_WIDTHP                     ; 24                                                                        ;
;     -- LPM_REPRESENTATION             ; SIGNED                                                                    ;
;     -- INPUT_A_IS_CONSTANT            ; NO                                                                        ;
;     -- INPUT_B_IS_CONSTANT            ; NO                                                                        ;
;     -- USE_EAB                        ; OFF                                                                       ;
;     -- DEDICATED_MULTIPLIER_CIRCUITRY ; AUTO                                                                      ;
;     -- INPUT_A_FIXED_VALUE            ; Bx                                                                        ;
;     -- INPUT_B_FIXED_VALUE            ; Bx                                                                        ;
; Entity Instance                       ; Top:top0|DSP:dsp|Reverb:Reverb|lpm_mult:Mult0                             ;
;     -- LPM_WIDTHA                     ; 7                                                                         ;
;     -- LPM_WIDTHB                     ; 16                                                                        ;
;     -- LPM_WIDTHP                     ; 23                                                                        ;
;     -- LPM_REPRESENTATION             ; SIGNED                                                                    ;
;     -- INPUT_A_IS_CONSTANT            ; NO                                                                        ;
;     -- INPUT_B_IS_CONSTANT            ; NO                                                                        ;
;     -- USE_EAB                        ; OFF                                                                       ;
;     -- DEDICATED_MULTIPLIER_CIRCUITRY ; AUTO                                                                      ;
;     -- INPUT_A_FIXED_VALUE            ; Bx                                                                        ;
;     -- INPUT_B_FIXED_VALUE            ; Bx                                                                        ;
; Entity Instance                       ; Top:top0|DSP:dsp|Auto_Wah:Auto_Wah|lpm_mult:Mult4                         ;
;     -- LPM_WIDTHA                     ; 8                                                                         ;
;     -- LPM_WIDTHB                     ; 16                                                                        ;
;     -- LPM_WIDTHP                     ; 24                                                                        ;
;     -- LPM_REPRESENTATION             ; SIGNED                                                                    ;
;     -- INPUT_A_IS_CONSTANT            ; NO                                                                        ;
;     -- INPUT_B_IS_CONSTANT            ; NO                                                                        ;
;     -- USE_EAB                        ; OFF                                                                       ;
;     -- DEDICATED_MULTIPLIER_CIRCUITRY ; AUTO                                                                      ;
;     -- INPUT_A_FIXED_VALUE            ; Bx                                                                        ;
;     -- INPUT_B_FIXED_VALUE            ; Bx                                                                        ;
; Entity Instance                       ; Top:top0|DSP:dsp|Auto_Wah:Auto_Wah|lpm_mult:Mult5                         ;
;     -- LPM_WIDTHA                     ; 8                                                                         ;
;     -- LPM_WIDTHB                     ; 16                                                                        ;
;     -- LPM_WIDTHP                     ; 24                                                                        ;
;     -- LPM_REPRESENTATION             ; SIGNED                                                                    ;
;     -- INPUT_A_IS_CONSTANT            ; NO                                                                        ;
;     -- INPUT_B_IS_CONSTANT            ; NO                                                                        ;
;     -- USE_EAB                        ; OFF                                                                       ;
;     -- DEDICATED_MULTIPLIER_CIRCUITRY ; AUTO                                                                      ;
;     -- INPUT_A_FIXED_VALUE            ; Bx                                                                        ;
;     -- INPUT_B_FIXED_VALUE            ; Bx                                                                        ;
; Entity Instance                       ; Top:top0|DSP:dsp|Reverb:Reverb|Schroeder_Allpass:allpass_4|lpm_mult:Mult0 ;
;     -- LPM_WIDTHA                     ; 6                                                                         ;
;     -- LPM_WIDTHB                     ; 16                                                                        ;
;     -- LPM_WIDTHP                     ; 22                                                                        ;
;     -- LPM_REPRESENTATION             ; SIGNED                                                                    ;
;     -- INPUT_A_IS_CONSTANT            ; NO                                                                        ;
;     -- INPUT_B_IS_CONSTANT            ; NO                                                                        ;
;     -- USE_EAB                        ; OFF                                                                       ;
;     -- DEDICATED_MULTIPLIER_CIRCUITRY ; AUTO                                                                      ;
;     -- INPUT_A_FIXED_VALUE            ; Bx                                                                        ;
;     -- INPUT_B_FIXED_VALUE            ; Bx                                                                        ;
; Entity Instance                       ; Top:top0|DSP:dsp|Reverb:Reverb|Schroeder_Allpass:allpass_3|lpm_mult:Mult0 ;
;     -- LPM_WIDTHA                     ; 6                                                                         ;
;     -- LPM_WIDTHB                     ; 16                                                                        ;
;     -- LPM_WIDTHP                     ; 22                                                                        ;
;     -- LPM_REPRESENTATION             ; SIGNED                                                                    ;
;     -- INPUT_A_IS_CONSTANT            ; NO                                                                        ;
;     -- INPUT_B_IS_CONSTANT            ; NO                                                                        ;
;     -- USE_EAB                        ; OFF                                                                       ;
;     -- DEDICATED_MULTIPLIER_CIRCUITRY ; AUTO                                                                      ;
;     -- INPUT_A_FIXED_VALUE            ; Bx                                                                        ;
;     -- INPUT_B_FIXED_VALUE            ; Bx                                                                        ;
; Entity Instance                       ; Top:top0|DSP:dsp|Reverb:Reverb|Schroeder_Allpass:allpass_2|lpm_mult:Mult0 ;
;     -- LPM_WIDTHA                     ; 6                                                                         ;
;     -- LPM_WIDTHB                     ; 16                                                                        ;
;     -- LPM_WIDTHP                     ; 22                                                                        ;
;     -- LPM_REPRESENTATION             ; SIGNED                                                                    ;
;     -- INPUT_A_IS_CONSTANT            ; NO                                                                        ;
;     -- INPUT_B_IS_CONSTANT            ; NO                                                                        ;
;     -- USE_EAB                        ; OFF                                                                       ;
;     -- DEDICATED_MULTIPLIER_CIRCUITRY ; AUTO                                                                      ;
;     -- INPUT_A_FIXED_VALUE            ; Bx                                                                        ;
;     -- INPUT_B_FIXED_VALUE            ; Bx                                                                        ;
; Entity Instance                       ; Top:top0|DSP:dsp|Reverb:Reverb|Schroeder_Allpass:allpass_1|lpm_mult:Mult0 ;
;     -- LPM_WIDTHA                     ; 6                                                                         ;
;     -- LPM_WIDTHB                     ; 16                                                                        ;
;     -- LPM_WIDTHP                     ; 22                                                                        ;
;     -- LPM_REPRESENTATION             ; SIGNED                                                                    ;
;     -- INPUT_A_IS_CONSTANT            ; NO                                                                        ;
;     -- INPUT_B_IS_CONSTANT            ; NO                                                                        ;
;     -- USE_EAB                        ; OFF                                                                       ;
;     -- DEDICATED_MULTIPLIER_CIRCUITRY ; AUTO                                                                      ;
;     -- INPUT_A_FIXED_VALUE            ; Bx                                                                        ;
;     -- INPUT_B_FIXED_VALUE            ; Bx                                                                        ;
; Entity Instance                       ; Top:top0|DSP:dsp|Reverb:Reverb|Schroeder_Allpass:allpass_0|lpm_mult:Mult0 ;
;     -- LPM_WIDTHA                     ; 6                                                                         ;
;     -- LPM_WIDTHB                     ; 16                                                                        ;
;     -- LPM_WIDTHP                     ; 22                                                                        ;
;     -- LPM_REPRESENTATION             ; SIGNED                                                                    ;
;     -- INPUT_A_IS_CONSTANT            ; NO                                                                        ;
;     -- INPUT_B_IS_CONSTANT            ; NO                                                                        ;
;     -- USE_EAB                        ; OFF                                                                       ;
;     -- DEDICATED_MULTIPLIER_CIRCUITRY ; AUTO                                                                      ;
;     -- INPUT_A_FIXED_VALUE            ; Bx                                                                        ;
;     -- INPUT_B_FIXED_VALUE            ; Bx                                                                        ;
; Entity Instance                       ; Top:top0|DSP:dsp|fuzz:Fuzz|lpm_mult:Mult1                                 ;
;     -- LPM_WIDTHA                     ; 17                                                                        ;
;     -- LPM_WIDTHB                     ; 17                                                                        ;
;     -- LPM_WIDTHP                     ; 34                                                                        ;
;     -- LPM_REPRESENTATION             ; UNSIGNED                                                                  ;
;     -- INPUT_A_IS_CONSTANT            ; NO                                                                        ;
;     -- INPUT_B_IS_CONSTANT            ; NO                                                                        ;
;     -- USE_EAB                        ; OFF                                                                       ;
;     -- DEDICATED_MULTIPLIER_CIRCUITRY ; AUTO                                                                      ;
;     -- INPUT_A_FIXED_VALUE            ; Bx                                                                        ;
;     -- INPUT_B_FIXED_VALUE            ; Bx                                                                        ;
; Entity Instance                       ; Top:top0|DSP:dsp|distortion:Distortion|tanh:u_tanh|lpm_mult:Mult1         ;
;     -- LPM_WIDTHA                     ; 17                                                                        ;
;     -- LPM_WIDTHB                     ; 12                                                                        ;
;     -- LPM_WIDTHP                     ; 29                                                                        ;
;     -- LPM_REPRESENTATION             ; SIGNED                                                                    ;
;     -- INPUT_A_IS_CONSTANT            ; NO                                                                        ;
;     -- INPUT_B_IS_CONSTANT            ; NO                                                                        ;
;     -- USE_EAB                        ; OFF                                                                       ;
;     -- DEDICATED_MULTIPLIER_CIRCUITRY ; AUTO                                                                      ;
;     -- INPUT_A_FIXED_VALUE            ; Bx                                                                        ;
;     -- INPUT_B_FIXED_VALUE            ; Bx                                                                        ;
; Entity Instance                       ; Top:top0|DSP:dsp|Overdrive:Overdrive|tanh:u_tanh|lpm_mult:Mult1           ;
;     -- LPM_WIDTHA                     ; 17                                                                        ;
;     -- LPM_WIDTHB                     ; 12                                                                        ;
;     -- LPM_WIDTHP                     ; 29                                                                        ;
;     -- LPM_REPRESENTATION             ; SIGNED                                                                    ;
;     -- INPUT_A_IS_CONSTANT            ; NO                                                                        ;
;     -- INPUT_B_IS_CONSTANT            ; NO                                                                        ;
;     -- USE_EAB                        ; OFF                                                                       ;
;     -- DEDICATED_MULTIPLIER_CIRCUITRY ; AUTO                                                                      ;
;     -- INPUT_A_FIXED_VALUE            ; Bx                                                                        ;
;     -- INPUT_B_FIXED_VALUE            ; Bx                                                                        ;
; Entity Instance                       ; Top:top0|DSP:dsp|Chorus:Chorus|cosine:cosine_0|lpm_mult:Mult0             ;
;     -- LPM_WIDTHA                     ; 19                                                                        ;
;     -- LPM_WIDTHB                     ; 8                                                                         ;
;     -- LPM_WIDTHP                     ; 27                                                                        ;
;     -- LPM_REPRESENTATION             ; UNSIGNED                                                                  ;
;     -- INPUT_A_IS_CONSTANT            ; NO                                                                        ;
;     -- INPUT_B_IS_CONSTANT            ; NO                                                                        ;
;     -- USE_EAB                        ; OFF                                                                       ;
;     -- DEDICATED_MULTIPLIER_CIRCUITRY ; AUTO                                                                      ;
;     -- INPUT_A_FIXED_VALUE            ; Bx                                                                        ;
;     -- INPUT_B_FIXED_VALUE            ; Bx                                                                        ;
; Entity Instance                       ; Top:top0|DSP:dsp|Flanger:Flanger|cosine:cosine_0|lpm_mult:Mult0           ;
;     -- LPM_WIDTHA                     ; 19                                                                        ;
;     -- LPM_WIDTHB                     ; 8                                                                         ;
;     -- LPM_WIDTHP                     ; 27                                                                        ;
;     -- LPM_REPRESENTATION             ; UNSIGNED                                                                  ;
;     -- INPUT_A_IS_CONSTANT            ; NO                                                                        ;
;     -- INPUT_B_IS_CONSTANT            ; NO                                                                        ;
;     -- USE_EAB                        ; OFF                                                                       ;
;     -- DEDICATED_MULTIPLIER_CIRCUITRY ; AUTO                                                                      ;
;     -- INPUT_A_FIXED_VALUE            ; Bx                                                                        ;
;     -- INPUT_B_FIXED_VALUE            ; Bx                                                                        ;
; Entity Instance                       ; Top:top0|DSP:dsp|Chorus:Chorus|lpm_mult:Mult1                             ;
;     -- LPM_WIDTHA                     ; 16                                                                        ;
;     -- LPM_WIDTHB                     ; 16                                                                        ;
;     -- LPM_WIDTHP                     ; 32                                                                        ;
;     -- LPM_REPRESENTATION             ; SIGNED                                                                    ;
;     -- INPUT_A_IS_CONSTANT            ; NO                                                                        ;
;     -- INPUT_B_IS_CONSTANT            ; NO                                                                        ;
;     -- USE_EAB                        ; OFF                                                                       ;
;     -- DEDICATED_MULTIPLIER_CIRCUITRY ; AUTO                                                                      ;
;     -- INPUT_A_FIXED_VALUE            ; Bx                                                                        ;
;     -- INPUT_B_FIXED_VALUE            ; Bx                                                                        ;
; Entity Instance                       ; Top:top0|DSP:dsp|Chorus:Chorus|lpm_mult:Mult2                             ;
;     -- LPM_WIDTHA                     ; 17                                                                        ;
;     -- LPM_WIDTHB                     ; 16                                                                        ;
;     -- LPM_WIDTHP                     ; 33                                                                        ;
;     -- LPM_REPRESENTATION             ; SIGNED                                                                    ;
;     -- INPUT_A_IS_CONSTANT            ; NO                                                                        ;
;     -- INPUT_B_IS_CONSTANT            ; NO                                                                        ;
;     -- USE_EAB                        ; OFF                                                                       ;
;     -- DEDICATED_MULTIPLIER_CIRCUITRY ; AUTO                                                                      ;
;     -- INPUT_A_FIXED_VALUE            ; Bx                                                                        ;
;     -- INPUT_B_FIXED_VALUE            ; Bx                                                                        ;
; Entity Instance                       ; Top:top0|DSP:dsp|Flanger:Flanger|lpm_mult:Mult1                           ;
;     -- LPM_WIDTHA                     ; 16                                                                        ;
;     -- LPM_WIDTHB                     ; 16                                                                        ;
;     -- LPM_WIDTHP                     ; 32                                                                        ;
;     -- LPM_REPRESENTATION             ; SIGNED                                                                    ;
;     -- INPUT_A_IS_CONSTANT            ; NO                                                                        ;
;     -- INPUT_B_IS_CONSTANT            ; NO                                                                        ;
;     -- USE_EAB                        ; OFF                                                                       ;
;     -- DEDICATED_MULTIPLIER_CIRCUITRY ; AUTO                                                                      ;
;     -- INPUT_A_FIXED_VALUE            ; Bx                                                                        ;
;     -- INPUT_B_FIXED_VALUE            ; Bx                                                                        ;
; Entity Instance                       ; Top:top0|DSP:dsp|Flanger:Flanger|lpm_mult:Mult2                           ;
;     -- LPM_WIDTHA                     ; 17                                                                        ;
;     -- LPM_WIDTHB                     ; 16                                                                        ;
;     -- LPM_WIDTHP                     ; 33                                                                        ;
;     -- LPM_REPRESENTATION             ; SIGNED                                                                    ;
;     -- INPUT_A_IS_CONSTANT            ; NO                                                                        ;
;     -- INPUT_B_IS_CONSTANT            ; NO                                                                        ;
;     -- USE_EAB                        ; OFF                                                                       ;
;     -- DEDICATED_MULTIPLIER_CIRCUITRY ; AUTO                                                                      ;
;     -- INPUT_A_FIXED_VALUE            ; Bx                                                                        ;
;     -- INPUT_B_FIXED_VALUE            ; Bx                                                                        ;
; Entity Instance                       ; Top:top0|DSP:dsp|Auto_Wah:Auto_Wah|lpm_mult:Mult1                         ;
;     -- LPM_WIDTHA                     ; 16                                                                        ;
;     -- LPM_WIDTHB                     ; 16                                                                        ;
;     -- LPM_WIDTHP                     ; 32                                                                        ;
;     -- LPM_REPRESENTATION             ; SIGNED                                                                    ;
;     -- INPUT_A_IS_CONSTANT            ; NO                                                                        ;
;     -- INPUT_B_IS_CONSTANT            ; NO                                                                        ;
;     -- USE_EAB                        ; OFF                                                                       ;
;     -- DEDICATED_MULTIPLIER_CIRCUITRY ; AUTO                                                                      ;
;     -- INPUT_A_FIXED_VALUE            ; Bx                                                                        ;
;     -- INPUT_B_FIXED_VALUE            ; Bx                                                                        ;
; Entity Instance                       ; Top:top0|DSP:dsp|Auto_Wah:Auto_Wah|lpm_mult:Mult2                         ;
;     -- LPM_WIDTHA                     ; 17                                                                        ;
;     -- LPM_WIDTHB                     ; 16                                                                        ;
;     -- LPM_WIDTHP                     ; 33                                                                        ;
;     -- LPM_REPRESENTATION             ; SIGNED                                                                    ;
;     -- INPUT_A_IS_CONSTANT            ; NO                                                                        ;
;     -- INPUT_B_IS_CONSTANT            ; NO                                                                        ;
;     -- USE_EAB                        ; OFF                                                                       ;
;     -- DEDICATED_MULTIPLIER_CIRCUITRY ; AUTO                                                                      ;
;     -- INPUT_A_FIXED_VALUE            ; Bx                                                                        ;
;     -- INPUT_B_FIXED_VALUE            ; Bx                                                                        ;
; Entity Instance                       ; Top:top0|DSP:dsp|Reverb:Reverb|Schroeder_Allpass:allpass_4|lpm_mult:Mult1 ;
;     -- LPM_WIDTHA                     ; 6                                                                         ;
;     -- LPM_WIDTHB                     ; 16                                                                        ;
;     -- LPM_WIDTHP                     ; 22                                                                        ;
;     -- LPM_REPRESENTATION             ; SIGNED                                                                    ;
;     -- INPUT_A_IS_CONSTANT            ; NO                                                                        ;
;     -- INPUT_B_IS_CONSTANT            ; NO                                                                        ;
;     -- USE_EAB                        ; OFF                                                                       ;
;     -- DEDICATED_MULTIPLIER_CIRCUITRY ; AUTO                                                                      ;
;     -- INPUT_A_FIXED_VALUE            ; Bx                                                                        ;
;     -- INPUT_B_FIXED_VALUE            ; Bx                                                                        ;
; Entity Instance                       ; Top:top0|DSP:dsp|Reverb:Reverb|Schroeder_Allpass:allpass_3|lpm_mult:Mult1 ;
;     -- LPM_WIDTHA                     ; 6                                                                         ;
;     -- LPM_WIDTHB                     ; 16                                                                        ;
;     -- LPM_WIDTHP                     ; 22                                                                        ;
;     -- LPM_REPRESENTATION             ; SIGNED                                                                    ;
;     -- INPUT_A_IS_CONSTANT            ; NO                                                                        ;
;     -- INPUT_B_IS_CONSTANT            ; NO                                                                        ;
;     -- USE_EAB                        ; OFF                                                                       ;
;     -- DEDICATED_MULTIPLIER_CIRCUITRY ; AUTO                                                                      ;
;     -- INPUT_A_FIXED_VALUE            ; Bx                                                                        ;
;     -- INPUT_B_FIXED_VALUE            ; Bx                                                                        ;
; Entity Instance                       ; Top:top0|DSP:dsp|Reverb:Reverb|Schroeder_Allpass:allpass_2|lpm_mult:Mult1 ;
;     -- LPM_WIDTHA                     ; 6                                                                         ;
;     -- LPM_WIDTHB                     ; 16                                                                        ;
;     -- LPM_WIDTHP                     ; 22                                                                        ;
;     -- LPM_REPRESENTATION             ; SIGNED                                                                    ;
;     -- INPUT_A_IS_CONSTANT            ; NO                                                                        ;
;     -- INPUT_B_IS_CONSTANT            ; NO                                                                        ;
;     -- USE_EAB                        ; OFF                                                                       ;
;     -- DEDICATED_MULTIPLIER_CIRCUITRY ; AUTO                                                                      ;
;     -- INPUT_A_FIXED_VALUE            ; Bx                                                                        ;
;     -- INPUT_B_FIXED_VALUE            ; Bx                                                                        ;
; Entity Instance                       ; Top:top0|DSP:dsp|Reverb:Reverb|Schroeder_Allpass:allpass_1|lpm_mult:Mult1 ;
;     -- LPM_WIDTHA                     ; 6                                                                         ;
;     -- LPM_WIDTHB                     ; 16                                                                        ;
;     -- LPM_WIDTHP                     ; 22                                                                        ;
;     -- LPM_REPRESENTATION             ; SIGNED                                                                    ;
;     -- INPUT_A_IS_CONSTANT            ; NO                                                                        ;
;     -- INPUT_B_IS_CONSTANT            ; NO                                                                        ;
;     -- USE_EAB                        ; OFF                                                                       ;
;     -- DEDICATED_MULTIPLIER_CIRCUITRY ; AUTO                                                                      ;
;     -- INPUT_A_FIXED_VALUE            ; Bx                                                                        ;
;     -- INPUT_B_FIXED_VALUE            ; Bx                                                                        ;
; Entity Instance                       ; Top:top0|DSP:dsp|Reverb:Reverb|Schroeder_Allpass:allpass_0|lpm_mult:Mult1 ;
;     -- LPM_WIDTHA                     ; 6                                                                         ;
;     -- LPM_WIDTHB                     ; 16                                                                        ;
;     -- LPM_WIDTHP                     ; 22                                                                        ;
;     -- LPM_REPRESENTATION             ; SIGNED                                                                    ;
;     -- INPUT_A_IS_CONSTANT            ; NO                                                                        ;
;     -- INPUT_B_IS_CONSTANT            ; NO                                                                        ;
;     -- USE_EAB                        ; OFF                                                                       ;
;     -- DEDICATED_MULTIPLIER_CIRCUITRY ; AUTO                                                                      ;
;     -- INPUT_A_FIXED_VALUE            ; Bx                                                                        ;
;     -- INPUT_B_FIXED_VALUE            ; Bx                                                                        ;
+---------------------------------------+---------------------------------------------------------------------------+


+--------------------------------------------------------+
; Port Connectivity Checks: "SevenHexDecoder:seven_dec1" ;
+-------------+-------+----------+-----------------------+
; Port        ; Type  ; Severity ; Details               ;
+-------------+-------+----------+-----------------------+
; i_hex[3..1] ; Input ; Info     ; Stuck at GND          ;
+-------------+-------+----------+-----------------------+


+--------------------------------------------------------+
; Port Connectivity Checks: "SevenHexDecoder:seven_dec7" ;
+-------------+-------+----------+-----------------------+
; Port        ; Type  ; Severity ; Details               ;
+-------------+-------+----------+-----------------------+
; i_hex[3..1] ; Input ; Info     ; Stuck at GND          ;
+-------------+-------+----------+-----------------------+


+--------------------------------------------------------+
; Port Connectivity Checks: "SevenHexDecoder:seven_dec5" ;
+-------------+-------+----------+-----------------------+
; Port        ; Type  ; Severity ; Details               ;
+-------------+-------+----------+-----------------------+
; i_hex[3..1] ; Input ; Info     ; Stuck at GND          ;
+-------------+-------+----------+-----------------------+


+--------------------------------------------------------------------------------------------------------------------------------------------------------------------------------------------------------------------+
; Port Connectivity Checks: "Top:top0|DSP:dsp|Auto_Wah:Auto_Wah"                                                                                                                                                     ;
+------------+-------+----------+------------------------------------------------------------------------------------------------------------------------------------------------------------------------------------+
; Port       ; Type  ; Severity ; Details                                                                                                                                                                            ;
+------------+-------+----------+------------------------------------------------------------------------------------------------------------------------------------------------------------------------------------+
; delay_base ; Input ; Warning  ; Input port expression (12 bits) is wider than the input port (10 bits) it drives.  The 2 most-significant bit(s) in the expression will be dangling if they have no other fanouts. ;
; delay_amp  ; Input ; Warning  ; Input port expression (12 bits) is wider than the input port (10 bits) it drives.  The 2 most-significant bit(s) in the expression will be dangling if they have no other fanouts. ;
; gain       ; Input ; Warning  ; Declared by entity but not connected by instance. If a default value exists, it will be used.  Otherwise, the port will be connected to GND.                                       ;
+------------+-------+----------+------------------------------------------------------------------------------------------------------------------------------------------------------------------------------------+


+---------------------------------------------------------------------------------------------------------------------------------------------------------------------------------------------------------------+
; Port Connectivity Checks: "Top:top0|DSP:dsp|Overdrive:Overdrive|tanh:u_tanh"                                                                                                                                  ;
+--------+-------+----------+-----------------------------------------------------------------------------------------------------------------------------------------------------------------------------------+
; Port   ; Type  ; Severity ; Details                                                                                                                                                                           ;
+--------+-------+----------+-----------------------------------------------------------------------------------------------------------------------------------------------------------------------------------+
; i_gain ; Input ; Warning  ; Input port expression (10 bits) is wider than the input port (8 bits) it drives.  The 2 most-significant bit(s) in the expression will be dangling if they have no other fanouts. ;
+--------+-------+----------+-----------------------------------------------------------------------------------------------------------------------------------------------------------------------------------+


+-------------------------------------------------------------------------------------------------------------------------------------------------------------------------+
; Port Connectivity Checks: "Top:top0|DSP:dsp|Param_Manager:Param_Manager"                                                                                                ;
+---------------------+--------+----------+-------------------------------------------------------------------------------------------------------------------------------+
; Port                ; Type   ; Severity ; Details                                                                                                                       ;
+---------------------+--------+----------+-------------------------------------------------------------------------------------------------------------------------------+
; i_command[255..252] ; Input  ; Info     ; Stuck at GND                                                                                                                  ;
; i_command[248..4]   ; Input  ; Info     ; Stuck at GND                                                                                                                  ;
; i_command[251]      ; Input  ; Info     ; Stuck at VCC                                                                                                                  ;
; i_command[250]      ; Input  ; Info     ; Stuck at GND                                                                                                                  ;
; i_command[249]      ; Input  ; Info     ; Stuck at VCC                                                                                                                  ;
; i_valid             ; Input  ; Info     ; Stuck at VCC                                                                                                                  ;
; o_fz_gain           ; Output ; Warning  ; Output or bidir port (10 bits) is wider than the port expression (8 bits) it drives; bit(s) "o_fz_gain[9..8]" have no fanouts ;
; o_dt_gain           ; Output ; Warning  ; Output or bidir port (10 bits) is wider than the port expression (8 bits) it drives; bit(s) "o_dt_gain[9..8]" have no fanouts ;
; o_aw_base[11..10]   ; Output ; Info     ; Connected to dangling logic. Logic that only feeds a dangling port will be removed.                                           ;
; o_aw_amp[11..10]    ; Output ; Info     ; Connected to dangling logic. Logic that only feeds a dangling port will be removed.                                           ;
+---------------------+--------+----------+-------------------------------------------------------------------------------------------------------------------------------+


+--------------------------------------------------------------------------------------------------------------------------------------------+
; Port Connectivity Checks: "Debounce:deb2"                                                                                                  ;
+-------------+--------+----------+----------------------------------------------------------------------------------------------------------+
; Port        ; Type   ; Severity ; Details                                                                                                  ;
+-------------+--------+----------+----------------------------------------------------------------------------------------------------------+
; o_debounced ; Output ; Warning  ; Declared by entity but not connected by instance. Logic that only feeds a dangling port will be removed. ;
; o_pos       ; Output ; Warning  ; Declared by entity but not connected by instance. Logic that only feeds a dangling port will be removed. ;
+-------------+--------+----------+----------------------------------------------------------------------------------------------------------+


+--------------------------------------------------------------------------------------------------------------------------------------------+
; Port Connectivity Checks: "Debounce:deb1"                                                                                                  ;
+-------------+--------+----------+----------------------------------------------------------------------------------------------------------+
; Port        ; Type   ; Severity ; Details                                                                                                  ;
+-------------+--------+----------+----------------------------------------------------------------------------------------------------------+
; o_debounced ; Output ; Warning  ; Declared by entity but not connected by instance. Logic that only feeds a dangling port will be removed. ;
; o_pos       ; Output ; Warning  ; Declared by entity but not connected by instance. Logic that only feeds a dangling port will be removed. ;
+-------------+--------+----------+----------------------------------------------------------------------------------------------------------+


+--------------------------------------------------------------------------------------------------------------------------------------------+
; Port Connectivity Checks: "Debounce:deb0"                                                                                                  ;
+-------------+--------+----------+----------------------------------------------------------------------------------------------------------+
; Port        ; Type   ; Severity ; Details                                                                                                  ;
+-------------+--------+----------+----------------------------------------------------------------------------------------------------------+
; o_debounced ; Output ; Warning  ; Declared by entity but not connected by instance. Logic that only feeds a dangling port will be removed. ;
; o_pos       ; Output ; Warning  ; Declared by entity but not connected by instance. Logic that only feeds a dangling port will be removed. ;
+-------------+--------+----------+----------------------------------------------------------------------------------------------------------+


+-----------------------------------------------------------------------------------------------------------------------------------+
; Port Connectivity Checks: "final_qsys:pll0|altera_reset_controller:rst_controller|altera_reset_synchronizer:alt_rst_req_sync_uq1" ;
+----------+-------+----------+-----------------------------------------------------------------------------------------------------+
; Port     ; Type  ; Severity ; Details                                                                                             ;
+----------+-------+----------+-----------------------------------------------------------------------------------------------------+
; reset_in ; Input ; Info     ; Stuck at GND                                                                                        ;
+----------+-------+----------+-----------------------------------------------------------------------------------------------------+


+------------------------------------------------------------------------------------+
; Port Connectivity Checks: "final_qsys:pll0|altera_reset_controller:rst_controller" ;
+----------------+--------+----------+-----------------------------------------------+
; Port           ; Type   ; Severity ; Details                                       ;
+----------------+--------+----------+-----------------------------------------------+
; reset_req      ; Output ; Info     ; Explicitly unconnected                        ;
; reset_req_in0  ; Input  ; Info     ; Stuck at GND                                  ;
; reset_in1      ; Input  ; Info     ; Stuck at GND                                  ;
; reset_req_in1  ; Input  ; Info     ; Stuck at GND                                  ;
; reset_in2      ; Input  ; Info     ; Stuck at GND                                  ;
; reset_req_in2  ; Input  ; Info     ; Stuck at GND                                  ;
; reset_in3      ; Input  ; Info     ; Stuck at GND                                  ;
; reset_req_in3  ; Input  ; Info     ; Stuck at GND                                  ;
; reset_in4      ; Input  ; Info     ; Stuck at GND                                  ;
; reset_req_in4  ; Input  ; Info     ; Stuck at GND                                  ;
; reset_in5      ; Input  ; Info     ; Stuck at GND                                  ;
; reset_req_in5  ; Input  ; Info     ; Stuck at GND                                  ;
; reset_in6      ; Input  ; Info     ; Stuck at GND                                  ;
; reset_req_in6  ; Input  ; Info     ; Stuck at GND                                  ;
; reset_in7      ; Input  ; Info     ; Stuck at GND                                  ;
; reset_req_in7  ; Input  ; Info     ; Stuck at GND                                  ;
; reset_in8      ; Input  ; Info     ; Stuck at GND                                  ;
; reset_req_in8  ; Input  ; Info     ; Stuck at GND                                  ;
; reset_in9      ; Input  ; Info     ; Stuck at GND                                  ;
; reset_req_in9  ; Input  ; Info     ; Stuck at GND                                  ;
; reset_in10     ; Input  ; Info     ; Stuck at GND                                  ;
; reset_req_in10 ; Input  ; Info     ; Stuck at GND                                  ;
; reset_in11     ; Input  ; Info     ; Stuck at GND                                  ;
; reset_req_in11 ; Input  ; Info     ; Stuck at GND                                  ;
; reset_in12     ; Input  ; Info     ; Stuck at GND                                  ;
; reset_req_in12 ; Input  ; Info     ; Stuck at GND                                  ;
; reset_in13     ; Input  ; Info     ; Stuck at GND                                  ;
; reset_req_in13 ; Input  ; Info     ; Stuck at GND                                  ;
; reset_in14     ; Input  ; Info     ; Stuck at GND                                  ;
; reset_req_in14 ; Input  ; Info     ; Stuck at GND                                  ;
; reset_in15     ; Input  ; Info     ; Stuck at GND                                  ;
; reset_req_in15 ; Input  ; Info     ; Stuck at GND                                  ;
+----------------+--------+----------+-----------------------------------------------+


+---------------------------------------------------------------------------------------------------------------------+
; Port Connectivity Checks: "final_qsys:pll0|final_qsys_altpll_0:altpll_0|final_qsys_altpll_0_altpll_kpa2:sd1"        ;
+-----------+--------+----------+-------------------------------------------------------------------------------------+
; Port      ; Type   ; Severity ; Details                                                                             ;
+-----------+--------+----------+-------------------------------------------------------------------------------------+
; clk[4..2] ; Output ; Info     ; Connected to dangling logic. Logic that only feeds a dangling port will be removed. ;
; inclk[1]  ; Input  ; Info     ; Stuck at GND                                                                        ;
+-----------+--------+----------+-------------------------------------------------------------------------------------+


+--------------------------------------------------------------------------+
; Port Connectivity Checks: "final_qsys:pll0|final_qsys_altpll_0:altpll_0" ;
+-----------+--------+----------+------------------------------------------+
; Port      ; Type   ; Severity ; Details                                  ;
+-----------+--------+----------+------------------------------------------+
; read      ; Input  ; Info     ; Explicitly unconnected                   ;
; write     ; Input  ; Info     ; Explicitly unconnected                   ;
; address   ; Input  ; Info     ; Explicitly unconnected                   ;
; readdata  ; Output ; Info     ; Explicitly unconnected                   ;
; writedata ; Input  ; Info     ; Explicitly unconnected                   ;
; areset    ; Input  ; Info     ; Explicitly unconnected                   ;
; locked    ; Output ; Info     ; Explicitly unconnected                   ;
; phasedone ; Output ; Info     ; Explicitly unconnected                   ;
+-----------+--------+----------+------------------------------------------+


+-----------------------------------------------------+
; Post-Synthesis Netlist Statistics for Top Partition ;
+-----------------------+-----------------------------+
; Type                  ; Count                       ;
+-----------------------+-----------------------------+
; boundary_port         ; 480                         ;
; cycloneiii_ff         ; 1937                        ;
;     CLR               ; 299                         ;
;     CLR SCLR          ; 5                           ;
;     ENA               ; 386                         ;
;     ENA CLR           ; 687                         ;
;     ENA CLR SCLR      ; 42                          ;
;     ENA CLR SLD       ; 64                          ;
;     ENA SLD           ; 144                         ;
;     plain             ; 310                         ;
; cycloneiii_io_obuf    ; 141                         ;
; cycloneiii_lcell_comb ; 4883                        ;
;     arith             ; 1904                        ;
;         2 data inputs ; 847                         ;
;         3 data inputs ; 1057                        ;
;     normal            ; 2979                        ;
;         0 data inputs ; 20                          ;
;         1 data inputs ; 89                          ;
;         2 data inputs ; 418                         ;
;         3 data inputs ; 739                         ;
;         4 data inputs ; 1713                        ;
; cycloneiii_mac_mult   ; 39                          ;
; cycloneiii_mac_out    ; 39                          ;
; cycloneiii_pll        ; 1                           ;
; cycloneiii_ram_block  ; 384                         ;
;                       ;                             ;
; Max LUT depth         ; 23.30                       ;
; Average LUT depth     ; 5.85                        ;
+-----------------------+-----------------------------+


+-------------------------------+
; Elapsed Time Per Partition    ;
+----------------+--------------+
; Partition Name ; Elapsed Time ;
+----------------+--------------+
; Top            ; 00:00:24     ;
+----------------+--------------+


+-------------------------------+
; Analysis & Synthesis Messages ;
+-------------------------------+
Info: *******************************************************************
Info: Running Quartus II 64-Bit Analysis & Synthesis
    Info: Version 15.0.0 Build 145 04/22/2015 SJ Full Version
    Info: Processing started: Thu Jun 18 01:54:47 2026
Info: Command: quartus_map --read_settings_files=on --write_settings_files=off DE2_115 -c DE2_115
Info (20030): Parallel compilation is enabled and will use 12 of the 12 processors detected
Info (12021): Found 1 design units, including 1 entities, in source file /users/tho13/desktop/dclab_2026_team05/final/src/main_modules/stager.sv
    Info (12023): Found entity 1: Stager
Info (12021): Found 1 design units, including 1 entities, in source file /users/tho13/desktop/dclab_2026_team05/final/src/main_modules/param_manager.sv
    Info (12023): Found entity 1: Param_Manager
Info (12021): Found 1 design units, including 1 entities, in source file /users/tho13/desktop/dclab_2026_team05/final/src/main_modules/avmwrapper.sv
    Info (12023): Found entity 1: AvmWrapper
Info (12021): Found 1 design units, including 1 entities, in source file /users/tho13/desktop/dclab_2026_team05/final/src/blocks/tanh_o.sv
    Info (12023): Found entity 1: tanh_o
Info (12021): Found 1 design units, including 1 entities, in source file /users/tho13/desktop/dclab_2026_team05/final/src/blocks/tanh.sv
    Info (12023): Found entity 1: tanh
Info (12021): Found 1 design units, including 1 entities, in source file /users/tho13/desktop/dclab_2026_team05/final/src/blocks/fuzz_pipeline.sv
    Info (12023): Found entity 1: fuzz
Warning (12019): Can't analyze file -- file ../blocks/tanh_new.sv is missing
Info (12021): Found 1 design units, including 1 entities, in source file /users/tho13/desktop/dclab_2026_team05/final/src/blocks/distortion_no_recip.sv
    Info (12023): Found entity 1: distortion
Info (12021): Found 1 design units, including 1 entities, in source file /users/tho13/desktop/dclab_2026_team05/final/src/blocks/auto_wah.sv
    Info (12023): Found entity 1: Auto_Wah
Info (12021): Found 1 design units, including 1 entities, in source file /users/tho13/desktop/dclab_2026_team05/final/src/blocks/overdrive_no_recip.sv
    Info (12023): Found entity 1: Overdrive
Warning (12019): Can't analyze file -- file ../blocks/recip_tanh.sv is missing
Info (12021): Found 1 design units, including 1 entities, in source file /users/tho13/desktop/dclab_2026_team05/final/src/blocks/chorus.sv
    Info (12023): Found entity 1: Chorus
Info (12021): Found 1 design units, including 1 entities, in source file /users/tho13/desktop/dclab_2026_team05/final/src/blocks/flanger.sv
    Info (12023): Found entity 1: Flanger
Warning (10259): Verilog HDL error at Reverb_basic.sv(84): constant value overflow
Warning (10259): Verilog HDL error at Reverb_basic.sv(92): constant value overflow
Info (12021): Found 1 design units, including 1 entities, in source file /users/tho13/desktop/dclab_2026_team05/final/src/archived/reverb_basic.sv
    Info (12023): Found entity 1: Reverb_basic
Info (12021): Found 1 design units, including 1 entities, in source file /users/tho13/desktop/dclab_2026_team05/final/src/blocks/schroeder_allpass.sv
    Info (12023): Found entity 1: Schroeder_Allpass
Info (12021): Found 1 design units, including 1 entities, in source file /users/tho13/desktop/dclab_2026_team05/final/src/blocks/fdn_4ch.sv
    Info (12023): Found entity 1: FDN_4ch
Info (12021): Found 1 design units, including 1 entities, in source file /users/tho13/desktop/dclab_2026_team05/final/src/blocks/reverb.sv
    Info (12023): Found entity 1: Reverb
Info (12021): Found 1 design units, including 1 entities, in source file /users/tho13/desktop/dclab_2026_team05/final/src/blocks/noise_gate.sv
    Info (12023): Found entity 1: Noise_Gate
Warning (10259): Verilog HDL error at Delay_Effect.sv(100): constant value overflow
Warning (10259): Verilog HDL error at Delay_Effect.sv(109): constant value overflow
Info (12021): Found 1 design units, including 1 entities, in source file /users/tho13/desktop/dclab_2026_team05/final/src/blocks/delay_effect.sv
    Info (12023): Found entity 1: Delay_Effect
Warning (10275): Verilog HDL Module Instantiation warning at DE2_115.sv(220): ignored dangling comma in List of Port Connections
Info (12021): Found 1 design units, including 1 entities, in source file de2_115.sv
    Info (12023): Found entity 1: DE2_115
Warning (12019): Can't analyze file -- file ../blocks/fuzz.sv is missing
Info (12021): Found 1 design units, including 1 entities, in source file /users/tho13/desktop/dclab_2026_team05/final/src/digital_efx_processer.sv
    Info (12023): Found entity 1: Top
Info (12021): Found 1 design units, including 1 entities, in source file /users/tho13/desktop/dclab_2026_team05/final/src/main_modules/wm8731_init.sv
    Info (12023): Found entity 1: WM8731_init
Warning (12019): Can't analyze file -- file ../main_modules/SRAM_Scheduler.sv is missing
Info (12021): Found 1 design units, including 1 entities, in source file /users/tho13/desktop/dclab_2026_team05/final/src/main_modules/recorder.sv
    Info (12023): Found entity 1: Recorder
Info (12021): Found 1 design units, including 1 entities, in source file /users/tho13/desktop/dclab_2026_team05/final/src/main_modules/player.sv
    Info (12023): Found entity 1: Player
Info (12021): Found 1 design units, including 1 entities, in source file /users/tho13/desktop/dclab_2026_team05/final/src/main_modules/dsp.sv
    Info (12023): Found entity 1: DSP
Info (12021): Found 1 design units, including 1 entities, in source file /users/tho13/desktop/dclab_2026_team05/final/src/main_modules/buffer.sv
    Info (12023): Found entity 1: Buffer
Info (12021): Found 1 design units, including 1 entities, in source file final/synthesis/final_qsys.v
    Info (12023): Found entity 1: final_qsys
Info (12021): Found 1 design units, including 1 entities, in source file final/synthesis/submodules/altera_reset_controller.v
    Info (12023): Found entity 1: altera_reset_controller
Info (12021): Found 1 design units, including 1 entities, in source file final/synthesis/submodules/altera_reset_synchronizer.v
    Info (12023): Found entity 1: altera_reset_synchronizer
Info (12021): Found 4 design units, including 4 entities, in source file final/synthesis/submodules/final_qsys_altpll_0.v
    Info (12023): Found entity 1: final_qsys_altpll_0_dffpipe_l2c
    Info (12023): Found entity 2: final_qsys_altpll_0_stdsync_sv6
    Info (12023): Found entity 3: final_qsys_altpll_0_altpll_kpa2
    Info (12023): Found entity 4: final_qsys_altpll_0
Info (12021): Found 1 design units, including 1 entities, in source file sevenhexdecoder.sv
    Info (12023): Found entity 1: SevenHexDecoder
Info (12021): Found 1 design units, including 1 entities, in source file debounce.sv
    Info (12023): Found entity 1: Debounce
Info (12021): Found 3 design units, including 3 entities, in source file /users/tho13/desktop/dclab_2026_team05/final/src/blocks/dsp_lib.sv
    Info (12023): Found entity 1: Volume
    Info (12023): Found entity 2: Data_Catcher
    Info (12023): Found entity 3: cosine
Warning (10236): Verilog HDL Implicit Net warning at WM8731_init.sv(52): created implicit net for "dbg"
Info (12127): Elaborating entity "DE2_115" for the top level hierarchy
Warning (10230): Verilog HDL assignment warning at DE2_115.sv(231): truncated value with size 32 to match size of target (4)
Warning (10230): Verilog HDL assignment warning at DE2_115.sv(233): truncated value with size 32 to match size of target (4)
Warning (10230): Verilog HDL assignment warning at DE2_115.sv(235): truncated value with size 32 to match size of target (4)
Warning (10034): Output port "VGA_B" at DE2_115.sv(38) has no driver
Warning (10034): Output port "VGA_G" at DE2_115.sv(41) has no driver
Warning (10034): Output port "VGA_R" at DE2_115.sv(43) has no driver
Warning (10034): Output port "ENET0_TX_DATA" at DE2_115.sv(68) has no driver
Warning (10034): Output port "ENET1_TX_DATA" at DE2_115.sv(84) has no driver
Warning (10034): Output port "OTG_ADDR" at DE2_115.sv(94) has no driver
Warning (10034): Output port "DRAM_ADDR" at DE2_115.sv(101) has no driver
Warning (10034): Output port "DRAM_BA" at DE2_115.sv(102) has no driver
Warning (10034): Output port "DRAM_DQM" at DE2_115.sv(108) has no driver
Warning (10034): Output port "SRAM_ADDR" at DE2_115.sv(111) has no driver
Warning (10034): Output port "FL_ADDR" at DE2_115.sv(118) has no driver
Warning (10034): Output port "HSMC_TX_D_P" at DE2_115.sv(135) has no driver
Warning (10034): Output port "SMA_CLKOUT" at DE2_115.sv(7) has no driver
Warning (10034): Output port "LCD_BLON" at DE2_115.sv(20) has no driver
Warning (10034): Output port "LCD_EN" at DE2_115.sv(22) has no driver
Warning (10034): Output port "LCD_ON" at DE2_115.sv(23) has no driver
Warning (10034): Output port "LCD_RS" at DE2_115.sv(24) has no driver
Warning (10034): Output port "LCD_RW" at DE2_115.sv(25) has no driver
Warning (10034): Output port "UART_CTS" at DE2_115.sv(26) has no driver
Warning (10034): Output port "UART_TXD" at DE2_115.sv(29) has no driver
Warning (10034): Output port "SD_CLK" at DE2_115.sv(34) has no driver
Warning (10034): Output port "VGA_BLANK_N" at DE2_115.sv(39) has no driver
Warning (10034): Output port "VGA_CLK" at DE2_115.sv(40) has no driver
Warning (10034): Output port "VGA_HS" at DE2_115.sv(42) has no driver
Warning (10034): Output port "VGA_SYNC_N" at DE2_115.sv(44) has no driver
Warning (10034): Output port "VGA_VS" at DE2_115.sv(45) has no driver
Warning (10034): Output port "EEP_I2C_SCLK" at DE2_115.sv(52) has no driver
Warning (10034): Output port "ENET0_GTX_CLK" at DE2_115.sv(56) has no driver
Warning (10034): Output port "ENET0_MDC" at DE2_115.sv(58) has no driver
Warning (10034): Output port "ENET0_RST_N" at DE2_115.sv(60) has no driver
Warning (10034): Output port "ENET0_TX_EN" at DE2_115.sv(69) has no driver
Warning (10034): Output port "ENET0_TX_ER" at DE2_115.sv(70) has no driver
Warning (10034): Output port "ENET1_GTX_CLK" at DE2_115.sv(72) has no driver
Warning (10034): Output port "ENET1_MDC" at DE2_115.sv(74) has no driver
Warning (10034): Output port "ENET1_RST_N" at DE2_115.sv(76) has no driver
Warning (10034): Output port "ENET1_TX_EN" at DE2_115.sv(85) has no driver
Warning (10034): Output port "ENET1_TX_ER" at DE2_115.sv(86) has no driver
Warning (10034): Output port "TD_RESET_N" at DE2_115.sv(91) has no driver
Warning (10034): Output port "OTG_CS_N" at DE2_115.sv(95) has no driver
Warning (10034): Output port "OTG_WR_N" at DE2_115.sv(96) has no driver
Warning (10034): Output port "OTG_RD_N" at DE2_115.sv(97) has no driver
Warning (10034): Output port "OTG_RST_N" at DE2_115.sv(99) has no driver
Warning (10034): Output port "DRAM_CAS_N" at DE2_115.sv(103) has no driver
Warning (10034): Output port "DRAM_CKE" at DE2_115.sv(104) has no driver
Warning (10034): Output port "DRAM_CLK" at DE2_115.sv(105) has no driver
Warning (10034): Output port "DRAM_CS_N" at DE2_115.sv(106) has no driver
Warning (10034): Output port "DRAM_RAS_N" at DE2_115.sv(109) has no driver
Warning (10034): Output port "DRAM_WE_N" at DE2_115.sv(110) has no driver
Warning (10034): Output port "SRAM_CE_N" at DE2_115.sv(112) has no driver
Warning (10034): Output port "SRAM_LB_N" at DE2_115.sv(114) has no driver
Warning (10034): Output port "SRAM_OE_N" at DE2_115.sv(115) has no driver
Warning (10034): Output port "SRAM_UB_N" at DE2_115.sv(116) has no driver
Warning (10034): Output port "SRAM_WE_N" at DE2_115.sv(117) has no driver
Warning (10034): Output port "FL_CE_N" at DE2_115.sv(119) has no driver
Warning (10034): Output port "FL_OE_N" at DE2_115.sv(121) has no driver
Warning (10034): Output port "FL_RST_N" at DE2_115.sv(122) has no driver
Warning (10034): Output port "FL_WE_N" at DE2_115.sv(124) has no driver
Warning (10034): Output port "FL_WP_N" at DE2_115.sv(125) has no driver
Warning (10034): Output port "HSMC_CLKOUT_P1" at DE2_115.sv(130) has no driver
Warning (10034): Output port "HSMC_CLKOUT_P2" at DE2_115.sv(131) has no driver
Warning (10034): Output port "HSMC_CLKOUT0" at DE2_115.sv(132) has no driver
Info (12128): Elaborating entity "final_qsys" for hierarchy "final_qsys:pll0"
Info (12128): Elaborating entity "final_qsys_altpll_0" for hierarchy "final_qsys:pll0|final_qsys_altpll_0:altpll_0"
Info (12128): Elaborating entity "final_qsys_altpll_0_stdsync_sv6" for hierarchy "final_qsys:pll0|final_qsys_altpll_0:altpll_0|final_qsys_altpll_0_stdsync_sv6:stdsync2"
Info (12128): Elaborating entity "final_qsys_altpll_0_dffpipe_l2c" for hierarchy "final_qsys:pll0|final_qsys_altpll_0:altpll_0|final_qsys_altpll_0_stdsync_sv6:stdsync2|final_qsys_altpll_0_dffpipe_l2c:dffpipe3"
Info (12128): Elaborating entity "final_qsys_altpll_0_altpll_kpa2" for hierarchy "final_qsys:pll0|final_qsys_altpll_0:altpll_0|final_qsys_altpll_0_altpll_kpa2:sd1"
Info (12128): Elaborating entity "altera_reset_controller" for hierarchy "final_qsys:pll0|altera_reset_controller:rst_controller"
Info (12128): Elaborating entity "altera_reset_synchronizer" for hierarchy "final_qsys:pll0|altera_reset_controller:rst_controller|altera_reset_synchronizer:alt_rst_sync_uq1"
Info (12128): Elaborating entity "altera_reset_synchronizer" for hierarchy "final_qsys:pll0|altera_reset_controller:rst_controller|altera_reset_synchronizer:alt_rst_req_sync_uq1"
Info (12128): Elaborating entity "Debounce" for hierarchy "Debounce:deb0"
Warning (10230): Verilog HDL assignment warning at Debounce.sv(23): truncated value with size 32 to match size of target (3)
Warning (10230): Verilog HDL assignment warning at Debounce.sv(25): truncated value with size 32 to match size of target (3)
Info (12128): Elaborating entity "Top" for hierarchy "Top:top0"
Info (12128): Elaborating entity "WM8731_init" for hierarchy "Top:top0|WM8731_init:wm8731_init"
Warning (10036): Verilog HDL or VHDL warning at WM8731_init.sv(52): object "dbg" assigned a value but never read
Warning (10230): Verilog HDL assignment warning at WM8731_init.sv(52): truncated value with size 4 to match size of target (1)
Warning (10230): Verilog HDL assignment warning at WM8731_init.sv(109): truncated value with size 32 to match size of target (5)
Warning (10230): Verilog HDL assignment warning at WM8731_init.sv(127): truncated value with size 32 to match size of target (4)
Info (12128): Elaborating entity "Recorder" for hierarchy "Top:top0|Recorder:recorder"
Warning (10230): Verilog HDL assignment warning at Recorder.sv(40): truncated value with size 32 to match size of target (5)
Info (12128): Elaborating entity "DSP" for hierarchy "Top:top0|DSP:dsp"
Info (10264): Verilog HDL Case Statement information at DSP.sv(407): all case item expressions in this case statement are onehot
Info (12128): Elaborating entity "Data_Catcher" for hierarchy "Top:top0|DSP:dsp|Data_Catcher:raw_data_catcher"
Info (12128): Elaborating entity "Stager" for hierarchy "Top:top0|DSP:dsp|Stager:Stager"
Info (12128): Elaborating entity "Param_Manager" for hierarchy "Top:top0|DSP:dsp|Param_Manager:Param_Manager"
Info (12128): Elaborating entity "Volume" for hierarchy "Top:top0|DSP:dsp|Volume:final_volume"
Warning (10230): Verilog HDL assignment warning at DSP_lib.sv(13): truncated value with size 24 to match size of target (16)
Info (12128): Elaborating entity "Overdrive" for hierarchy "Top:top0|DSP:dsp|Overdrive:Overdrive"
Info (12128): Elaborating entity "tanh" for hierarchy "Top:top0|DSP:dsp|Overdrive:Overdrive|tanh:u_tanh"
Warning (10230): Verilog HDL assignment warning at tanh.sv(315): truncated value with size 32 to match size of target (17)
Info (12128): Elaborating entity "fuzz" for hierarchy "Top:top0|DSP:dsp|fuzz:Fuzz"
Info (12128): Elaborating entity "distortion" for hierarchy "Top:top0|DSP:dsp|distortion:Distortion"
Info (12128): Elaborating entity "Reverb" for hierarchy "Top:top0|DSP:dsp|Reverb:Reverb"
Warning (10230): Verilog HDL assignment warning at Reverb.sv(47): truncated value with size 25 to match size of target (18)
Info (12128): Elaborating entity "Schroeder_Allpass" for hierarchy "Top:top0|DSP:dsp|Reverb:Reverb|Schroeder_Allpass:allpass_0"
Warning (10230): Verilog HDL assignment warning at Schroeder_Allpass.sv(33): truncated value with size 24 to match size of target (17)
Warning (10230): Verilog HDL assignment warning at Schroeder_Allpass.sv(35): truncated value with size 18 to match size of target (16)
Warning (10230): Verilog HDL assignment warning at Schroeder_Allpass.sv(39): truncated value with size 24 to match size of target (17)
Warning (10230): Verilog HDL assignment warning at Schroeder_Allpass.sv(41): truncated value with size 18 to match size of target (16)
Warning (10230): Verilog HDL assignment warning at Schroeder_Allpass.sv(58): truncated value with size 32 to match size of target (11)
Info (12128): Elaborating entity "Schroeder_Allpass" for hierarchy "Top:top0|DSP:dsp|Reverb:Reverb|Schroeder_Allpass:allpass_1"
Warning (10230): Verilog HDL assignment warning at Schroeder_Allpass.sv(33): truncated value with size 24 to match size of target (17)
Warning (10230): Verilog HDL assignment warning at Schroeder_Allpass.sv(35): truncated value with size 18 to match size of target (16)
Warning (10230): Verilog HDL assignment warning at Schroeder_Allpass.sv(39): truncated value with size 24 to match size of target (17)
Warning (10230): Verilog HDL assignment warning at Schroeder_Allpass.sv(41): truncated value with size 18 to match size of target (16)
Warning (10230): Verilog HDL assignment warning at Schroeder_Allpass.sv(58): truncated value with size 32 to match size of target (11)
Info (12128): Elaborating entity "Schroeder_Allpass" for hierarchy "Top:top0|DSP:dsp|Reverb:Reverb|Schroeder_Allpass:allpass_2"
Warning (10230): Verilog HDL assignment warning at Schroeder_Allpass.sv(33): truncated value with size 24 to match size of target (17)
Warning (10230): Verilog HDL assignment warning at Schroeder_Allpass.sv(35): truncated value with size 18 to match size of target (16)
Warning (10230): Verilog HDL assignment warning at Schroeder_Allpass.sv(39): truncated value with size 24 to match size of target (17)
Warning (10230): Verilog HDL assignment warning at Schroeder_Allpass.sv(41): truncated value with size 18 to match size of target (16)
Warning (10230): Verilog HDL assignment warning at Schroeder_Allpass.sv(58): truncated value with size 32 to match size of target (12)
Info (12128): Elaborating entity "Schroeder_Allpass" for hierarchy "Top:top0|DSP:dsp|Reverb:Reverb|Schroeder_Allpass:allpass_3"
Warning (10230): Verilog HDL assignment warning at Schroeder_Allpass.sv(33): truncated value with size 24 to match size of target (17)
Warning (10230): Verilog HDL assignment warning at Schroeder_Allpass.sv(35): truncated value with size 18 to match size of target (16)
Warning (10230): Verilog HDL assignment warning at Schroeder_Allpass.sv(39): truncated value with size 24 to match size of target (17)
Warning (10230): Verilog HDL assignment warning at Schroeder_Allpass.sv(41): truncated value with size 18 to match size of target (16)
Warning (10230): Verilog HDL assignment warning at Schroeder_Allpass.sv(58): truncated value with size 32 to match size of target (12)
Info (12128): Elaborating entity "Schroeder_Allpass" for hierarchy "Top:top0|DSP:dsp|Reverb:Reverb|Schroeder_Allpass:allpass_4"
Warning (10230): Verilog HDL assignment warning at Schroeder_Allpass.sv(33): truncated value with size 24 to match size of target (17)
Warning (10230): Verilog HDL assignment warning at Schroeder_Allpass.sv(35): truncated value with size 18 to match size of target (16)
Warning (10230): Verilog HDL assignment warning at Schroeder_Allpass.sv(39): truncated value with size 24 to match size of target (17)
Warning (10230): Verilog HDL assignment warning at Schroeder_Allpass.sv(41): truncated value with size 18 to match size of target (16)
Warning (10230): Verilog HDL assignment warning at Schroeder_Allpass.sv(58): truncated value with size 32 to match size of target (12)
Info (12128): Elaborating entity "FDN_4ch" for hierarchy "Top:top0|DSP:dsp|Reverb:Reverb|FDN_4ch:fdn"
Warning (10230): Verilog HDL assignment warning at FDN_4ch.sv(70): truncated value with size 26 to match size of target (18)
Warning (10230): Verilog HDL assignment warning at FDN_4ch.sv(71): truncated value with size 26 to match size of target (18)
Warning (10230): Verilog HDL assignment warning at FDN_4ch.sv(72): truncated value with size 26 to match size of target (18)
Warning (10230): Verilog HDL assignment warning at FDN_4ch.sv(73): truncated value with size 26 to match size of target (18)
Warning (10230): Verilog HDL assignment warning at FDN_4ch.sv(78): truncated value with size 19 to match size of target (16)
Warning (10230): Verilog HDL assignment warning at FDN_4ch.sv(81): truncated value with size 19 to match size of target (16)
Warning (10230): Verilog HDL assignment warning at FDN_4ch.sv(84): truncated value with size 19 to match size of target (16)
Warning (10230): Verilog HDL assignment warning at FDN_4ch.sv(87): truncated value with size 19 to match size of target (16)
Warning (10230): Verilog HDL assignment warning at FDN_4ch.sv(90): truncated value with size 18 to match size of target (16)
Warning (10230): Verilog HDL assignment warning at FDN_4ch.sv(106): truncated value with size 32 to match size of target (11)
Warning (10230): Verilog HDL assignment warning at FDN_4ch.sv(112): truncated value with size 32 to match size of target (11)
Warning (10230): Verilog HDL assignment warning at FDN_4ch.sv(118): truncated value with size 32 to match size of target (12)
Warning (10230): Verilog HDL assignment warning at FDN_4ch.sv(124): truncated value with size 32 to match size of target (12)
Info (12128): Elaborating entity "Noise_Gate" for hierarchy "Top:top0|DSP:dsp|Noise_Gate:Noise_Gate"
Warning (10230): Verilog HDL assignment warning at Noise_Gate.sv(95): truncated value with size 32 to match size of target (16)
Warning (10230): Verilog HDL assignment warning at Noise_Gate.sv(98): truncated value with size 32 to match size of target (16)
Warning (10230): Verilog HDL assignment warning at Noise_Gate.sv(108): truncated value with size 32 to match size of target (16)
Warning (10230): Verilog HDL assignment warning at Noise_Gate.sv(124): truncated value with size 32 to match size of target (16)
Warning (10230): Verilog HDL assignment warning at Noise_Gate.sv(155): truncated value with size 32 to match size of target (8)
Info (12128): Elaborating entity "Delay_Effect" for hierarchy "Top:top0|DSP:dsp|Delay_Effect:Delay_Effect"
Info (12128): Elaborating entity "Flanger" for hierarchy "Top:top0|DSP:dsp|Flanger:Flanger"
Warning (10230): Verilog HDL assignment warning at Flanger.sv(58): truncated value with size 26 to match size of target (11)
Warning (10230): Verilog HDL assignment warning at Flanger.sv(62): truncated value with size 12 to match size of target (10)
Warning (10230): Verilog HDL assignment warning at Flanger.sv(70): truncated value with size 33 to match size of target (18)
Warning (10230): Verilog HDL assignment warning at Flanger.sv(73): truncated value with size 24 to match size of target (17)
Warning (10230): Verilog HDL assignment warning at Flanger.sv(75): truncated value with size 18 to match size of target (16)
Warning (10230): Verilog HDL assignment warning at Flanger.sv(82): truncated value with size 25 to match size of target (18)
Warning (10230): Verilog HDL assignment warning at Flanger.sv(111): truncated value with size 32 to match size of target (10)
Info (12128): Elaborating entity "cosine" for hierarchy "Top:top0|DSP:dsp|Flanger:Flanger|cosine:cosine_0"
Info (12128): Elaborating entity "Chorus" for hierarchy "Top:top0|DSP:dsp|Chorus:Chorus"
Warning (10230): Verilog HDL assignment warning at Chorus.sv(58): truncated value with size 28 to match size of target (13)
Warning (10230): Verilog HDL assignment warning at Chorus.sv(62): truncated value with size 14 to match size of target (12)
Warning (10230): Verilog HDL assignment warning at Chorus.sv(70): truncated value with size 33 to match size of target (18)
Warning (10230): Verilog HDL assignment warning at Chorus.sv(82): truncated value with size 25 to match size of target (18)
Warning (10230): Verilog HDL assignment warning at Chorus.sv(111): truncated value with size 32 to match size of target (12)
Info (12128): Elaborating entity "Auto_Wah" for hierarchy "Top:top0|DSP:dsp|Auto_Wah:Auto_Wah"
Warning (10230): Verilog HDL assignment warning at Auto_Wah.sv(64): truncated value with size 26 to match size of target (11)
Warning (10230): Verilog HDL assignment warning at Auto_Wah.sv(68): truncated value with size 12 to match size of target (10)
Warning (10230): Verilog HDL assignment warning at Auto_Wah.sv(76): truncated value with size 33 to match size of target (18)
Warning (10230): Verilog HDL assignment warning at Auto_Wah.sv(79): truncated value with size 24 to match size of target (17)
Warning (10230): Verilog HDL assignment warning at Auto_Wah.sv(81): truncated value with size 18 to match size of target (16)
Warning (10230): Verilog HDL assignment warning at Auto_Wah.sv(88): truncated value with size 25 to match size of target (18)
Warning (10764): Verilog HDL warning at Auto_Wah.sv(94): converting signed shift amount to unsigned
Warning (10230): Verilog HDL assignment warning at Auto_Wah.sv(127): truncated value with size 32 to match size of target (10)
Info (12128): Elaborating entity "Buffer" for hierarchy "Top:top0|Buffer:buffer"
Warning (10230): Verilog HDL assignment warning at Buffer.sv(69): truncated value with size 32 to match size of target (4)
Warning (10230): Verilog HDL assignment warning at Buffer.sv(74): truncated value with size 32 to match size of target (4)
Warning (10230): Verilog HDL assignment warning at Buffer.sv(77): truncated value with size 32 to match size of target (4)
Warning (10230): Verilog HDL assignment warning at Buffer.sv(79): truncated value with size 32 to match size of target (16)
Warning (10230): Verilog HDL assignment warning at Buffer.sv(85): truncated value with size 32 to match size of target (4)
Warning (10230): Verilog HDL assignment warning at Buffer.sv(88): truncated value with size 32 to match size of target (4)
Warning (10230): Verilog HDL assignment warning at Buffer.sv(90): truncated value with size 32 to match size of target (16)
Warning (10230): Verilog HDL assignment warning at Buffer.sv(95): truncated value with size 32 to match size of target (4)
Info (12128): Elaborating entity "Player" for hierarchy "Top:top0|Player:player"
Warning (10230): Verilog HDL assignment warning at Player.sv(54): truncated value with size 32 to match size of target (4)
Info (12128): Elaborating entity "SevenHexDecoder" for hierarchy "SevenHexDecoder:seven_dec4"
Warning (276020): Inferred RAM node "Top:top0|Buffer:buffer|buf_data_r_rtl_0" from synchronous design logic.  Pass-through logic has been added to match the read-during-write behavior of the original design.
Warning (276020): Inferred RAM node "Top:top0|Buffer:buffer|buf_data_l_rtl_0" from synchronous design logic.  Pass-through logic has been added to match the read-during-write behavior of the original design.
Warning (276027): Inferred dual-clock RAM node "Top:top0|DSP:dsp|Chorus:Chorus|data_buffer_rtl_0" from synchronous design logic.  The read-during-write behavior of a dual-clock RAM is undefined and may not match the behavior of the original design.
Warning (276027): Inferred dual-clock RAM node "Top:top0|DSP:dsp|Chorus:Chorus|data_buffer_rtl_1" from synchronous design logic.  The read-during-write behavior of a dual-clock RAM is undefined and may not match the behavior of the original design.
Warning (276020): Inferred RAM node "Top:top0|DSP:dsp|Reverb:Reverb|FDN_4ch:fdn|ch1_buffer_rtl_0" from synchronous design logic.  Pass-through logic has been added to match the read-during-write behavior of the original design.
Warning (276020): Inferred RAM node "Top:top0|DSP:dsp|Reverb:Reverb|FDN_4ch:fdn|ch0_buffer_rtl_0" from synchronous design logic.  Pass-through logic has been added to match the read-during-write behavior of the original design.
Warning (276020): Inferred RAM node "Top:top0|DSP:dsp|Reverb:Reverb|FDN_4ch:fdn|ch2_buffer_rtl_0" from synchronous design logic.  Pass-through logic has been added to match the read-during-write behavior of the original design.
Warning (276020): Inferred RAM node "Top:top0|DSP:dsp|Reverb:Reverb|FDN_4ch:fdn|ch3_buffer_rtl_0" from synchronous design logic.  Pass-through logic has been added to match the read-during-write behavior of the original design.
Warning (276027): Inferred dual-clock RAM node "Top:top0|DSP:dsp|Auto_Wah:Auto_Wah|data_buffer_rtl_0" from synchronous design logic.  The read-during-write behavior of a dual-clock RAM is undefined and may not match the behavior of the original design.
Warning (276027): Inferred dual-clock RAM node "Top:top0|DSP:dsp|Auto_Wah:Auto_Wah|data_buffer_rtl_1" from synchronous design logic.  The read-during-write behavior of a dual-clock RAM is undefined and may not match the behavior of the original design.
Warning (276027): Inferred dual-clock RAM node "Top:top0|DSP:dsp|Flanger:Flanger|data_buffer_rtl_0" from synchronous design logic.  The read-during-write behavior of a dual-clock RAM is undefined and may not match the behavior of the original design.
Warning (276027): Inferred dual-clock RAM node "Top:top0|DSP:dsp|Flanger:Flanger|data_buffer_rtl_1" from synchronous design logic.  The read-during-write behavior of a dual-clock RAM is undefined and may not match the behavior of the original design.
Warning (276020): Inferred RAM node "Top:top0|DSP:dsp|Reverb:Reverb|Schroeder_Allpass:allpass_4|v_buffer_rtl_0" from synchronous design logic.  Pass-through logic has been added to match the read-during-write behavior of the original design.
Warning (276020): Inferred RAM node "Top:top0|DSP:dsp|Reverb:Reverb|Schroeder_Allpass:allpass_3|v_buffer_rtl_0" from synchronous design logic.  Pass-through logic has been added to match the read-during-write behavior of the original design.
Warning (276020): Inferred RAM node "Top:top0|DSP:dsp|Reverb:Reverb|Schroeder_Allpass:allpass_2|v_buffer_rtl_0" from synchronous design logic.  Pass-through logic has been added to match the read-during-write behavior of the original design.
Warning (276020): Inferred RAM node "Top:top0|DSP:dsp|Reverb:Reverb|Schroeder_Allpass:allpass_1|v_buffer_rtl_0" from synchronous design logic.  Pass-through logic has been added to match the read-during-write behavior of the original design.
Warning (276020): Inferred RAM node "Top:top0|DSP:dsp|Reverb:Reverb|Schroeder_Allpass:allpass_0|v_buffer_rtl_0" from synchronous design logic.  Pass-through logic has been added to match the read-during-write behavior of the original design.
Info (276014): Found 8 instances of uninferred RAM logic
    Info (276007): RAM logic "Top:top0|DSP:dsp|Chorus:Chorus|cosine:cosine_0|Ram0" is uninferred due to asynchronous read logic
    Info (276007): RAM logic "Top:top0|DSP:dsp|Chorus:Chorus|cosine:cosine_0|Ram1" is uninferred due to asynchronous read logic
    Info (276007): RAM logic "Top:top0|DSP:dsp|Overdrive:Overdrive|tanh:u_tanh|Ram0" is uninferred due to asynchronous read logic
    Info (276007): RAM logic "Top:top0|DSP:dsp|Overdrive:Overdrive|tanh:u_tanh|Ram1" is uninferred due to asynchronous read logic
    Info (276007): RAM logic "Top:top0|DSP:dsp|distortion:Distortion|tanh:u_tanh|Ram0" is uninferred due to asynchronous read logic
    Info (276007): RAM logic "Top:top0|DSP:dsp|distortion:Distortion|tanh:u_tanh|Ram1" is uninferred due to asynchronous read logic
    Info (276007): RAM logic "Top:top0|DSP:dsp|Flanger:Flanger|cosine:cosine_0|Ram0" is uninferred due to asynchronous read logic
    Info (276007): RAM logic "Top:top0|DSP:dsp|Flanger:Flanger|cosine:cosine_0|Ram1" is uninferred due to asynchronous read logic
Info (19000): Inferred 18 megafunctions from design logic
    Info (276029): Inferred altsyncram megafunction from the following design logic: "Top:top0|Buffer:buffer|buf_data_r_rtl_0" 
        Info (286033): Parameter OPERATION_MODE set to DUAL_PORT
        Info (286033): Parameter WIDTH_A set to 16
        Info (286033): Parameter WIDTHAD_A set to 4
        Info (286033): Parameter NUMWORDS_A set to 16
        Info (286033): Parameter WIDTH_B set to 16
        Info (286033): Parameter WIDTHAD_B set to 4
        Info (286033): Parameter NUMWORDS_B set to 16
        Info (286033): Parameter ADDRESS_ACLR_A set to NONE
        Info (286033): Parameter OUTDATA_REG_B set to UNREGISTERED
        Info (286033): Parameter ADDRESS_ACLR_B set to NONE
        Info (286033): Parameter OUTDATA_ACLR_B set to NONE
        Info (286033): Parameter ADDRESS_REG_B set to CLOCK0
        Info (286033): Parameter INDATA_ACLR_A set to NONE
        Info (286033): Parameter WRCONTROL_ACLR_A set to NONE
        Info (286033): Parameter READ_DURING_WRITE_MODE_MIXED_PORTS set to OLD_DATA
    Info (276029): Inferred altsyncram megafunction from the following design logic: "Top:top0|Buffer:buffer|buf_data_l_rtl_0" 
        Info (286033): Parameter OPERATION_MODE set to DUAL_PORT
        Info (286033): Parameter WIDTH_A set to 16
        Info (286033): Parameter WIDTHAD_A set to 4
        Info (286033): Parameter NUMWORDS_A set to 16
        Info (286033): Parameter WIDTH_B set to 16
        Info (286033): Parameter WIDTHAD_B set to 4
        Info (286033): Parameter NUMWORDS_B set to 16
        Info (286033): Parameter ADDRESS_ACLR_A set to NONE
        Info (286033): Parameter OUTDATA_REG_B set to UNREGISTERED
        Info (286033): Parameter ADDRESS_ACLR_B set to NONE
        Info (286033): Parameter OUTDATA_ACLR_B set to NONE
        Info (286033): Parameter ADDRESS_REG_B set to CLOCK0
        Info (286033): Parameter INDATA_ACLR_A set to NONE
        Info (286033): Parameter WRCONTROL_ACLR_A set to NONE
        Info (286033): Parameter READ_DURING_WRITE_MODE_MIXED_PORTS set to OLD_DATA
    Info (276029): Inferred altsyncram megafunction from the following design logic: "Top:top0|DSP:dsp|Chorus:Chorus|data_buffer_rtl_0" 
        Info (286033): Parameter OPERATION_MODE set to DUAL_PORT
        Info (286033): Parameter WIDTH_A set to 16
        Info (286033): Parameter WIDTHAD_A set to 12
        Info (286033): Parameter NUMWORDS_A set to 4096
        Info (286033): Parameter WIDTH_B set to 16
        Info (286033): Parameter WIDTHAD_B set to 12
        Info (286033): Parameter NUMWORDS_B set to 4096
        Info (286033): Parameter ADDRESS_ACLR_A set to NONE
        Info (286033): Parameter OUTDATA_REG_B set to UNREGISTERED
        Info (286033): Parameter ADDRESS_ACLR_B set to NONE
        Info (286033): Parameter OUTDATA_ACLR_B set to NONE
        Info (286033): Parameter ADDRESS_REG_B set to CLOCK1
        Info (286033): Parameter INDATA_ACLR_A set to NONE
        Info (286033): Parameter WRCONTROL_ACLR_A set to NONE
    Info (276029): Inferred altsyncram megafunction from the following design logic: "Top:top0|DSP:dsp|Chorus:Chorus|data_buffer_rtl_1" 
        Info (286033): Parameter OPERATION_MODE set to DUAL_PORT
        Info (286033): Parameter WIDTH_A set to 16
        Info (286033): Parameter WIDTHAD_A set to 12
        Info (286033): Parameter NUMWORDS_A set to 4096
        Info (286033): Parameter WIDTH_B set to 16
        Info (286033): Parameter WIDTHAD_B set to 12
        Info (286033): Parameter NUMWORDS_B set to 4096
        Info (286033): Parameter ADDRESS_ACLR_A set to NONE
        Info (286033): Parameter OUTDATA_REG_B set to UNREGISTERED
        Info (286033): Parameter ADDRESS_ACLR_B set to NONE
        Info (286033): Parameter OUTDATA_ACLR_B set to NONE
        Info (286033): Parameter ADDRESS_REG_B set to CLOCK1
        Info (286033): Parameter INDATA_ACLR_A set to NONE
        Info (286033): Parameter WRCONTROL_ACLR_A set to NONE
    Info (276029): Inferred altsyncram megafunction from the following design logic: "Top:top0|DSP:dsp|Reverb:Reverb|FDN_4ch:fdn|ch1_buffer_rtl_0" 
        Info (286033): Parameter OPERATION_MODE set to DUAL_PORT
        Info (286033): Parameter WIDTH_A set to 16
        Info (286033): Parameter WIDTHAD_A set to 11
        Info (286033): Parameter NUMWORDS_A set to 1787
        Info (286033): Parameter WIDTH_B set to 16
        Info (286033): Parameter WIDTHAD_B set to 11
        Info (286033): Parameter NUMWORDS_B set to 1787
        Info (286033): Parameter ADDRESS_ACLR_A set to NONE
        Info (286033): Parameter OUTDATA_REG_B set to UNREGISTERED
        Info (286033): Parameter ADDRESS_ACLR_B set to NONE
        Info (286033): Parameter OUTDATA_ACLR_B set to NONE
        Info (286033): Parameter ADDRESS_REG_B set to CLOCK0
        Info (286033): Parameter INDATA_ACLR_A set to NONE
        Info (286033): Parameter WRCONTROL_ACLR_A set to NONE
        Info (286033): Parameter READ_DURING_WRITE_MODE_MIXED_PORTS set to OLD_DATA
    Info (276029): Inferred altsyncram megafunction from the following design logic: "Top:top0|DSP:dsp|Reverb:Reverb|FDN_4ch:fdn|ch0_buffer_rtl_0" 
        Info (286033): Parameter OPERATION_MODE set to DUAL_PORT
        Info (286033): Parameter WIDTH_A set to 16
        Info (286033): Parameter WIDTHAD_A set to 11
        Info (286033): Parameter NUMWORDS_A set to 1423
        Info (286033): Parameter WIDTH_B set to 16
        Info (286033): Parameter WIDTHAD_B set to 11
        Info (286033): Parameter NUMWORDS_B set to 1423
        Info (286033): Parameter ADDRESS_ACLR_A set to NONE
        Info (286033): Parameter OUTDATA_REG_B set to UNREGISTERED
        Info (286033): Parameter ADDRESS_ACLR_B set to NONE
        Info (286033): Parameter OUTDATA_ACLR_B set to NONE
        Info (286033): Parameter ADDRESS_REG_B set to CLOCK0
        Info (286033): Parameter INDATA_ACLR_A set to NONE
        Info (286033): Parameter WRCONTROL_ACLR_A set to NONE
        Info (286033): Parameter READ_DURING_WRITE_MODE_MIXED_PORTS set to OLD_DATA
    Info (276029): Inferred altsyncram megafunction from the following design logic: "Top:top0|DSP:dsp|Reverb:Reverb|FDN_4ch:fdn|ch2_buffer_rtl_0" 
        Info (286033): Parameter OPERATION_MODE set to DUAL_PORT
        Info (286033): Parameter WIDTH_A set to 16
        Info (286033): Parameter WIDTHAD_A set to 12
        Info (286033): Parameter NUMWORDS_A set to 2131
        Info (286033): Parameter WIDTH_B set to 16
        Info (286033): Parameter WIDTHAD_B set to 12
        Info (286033): Parameter NUMWORDS_B set to 2131
        Info (286033): Parameter ADDRESS_ACLR_A set to NONE
        Info (286033): Parameter OUTDATA_REG_B set to UNREGISTERED
        Info (286033): Parameter ADDRESS_ACLR_B set to NONE
        Info (286033): Parameter OUTDATA_ACLR_B set to NONE
        Info (286033): Parameter ADDRESS_REG_B set to CLOCK0
        Info (286033): Parameter INDATA_ACLR_A set to NONE
        Info (286033): Parameter WRCONTROL_ACLR_A set to NONE
        Info (286033): Parameter READ_DURING_WRITE_MODE_MIXED_PORTS set to OLD_DATA
    Info (276029): Inferred altsyncram megafunction from the following design logic: "Top:top0|DSP:dsp|Reverb:Reverb|FDN_4ch:fdn|ch3_buffer_rtl_0" 
        Info (286033): Parameter OPERATION_MODE set to DUAL_PORT
        Info (286033): Parameter WIDTH_A set to 16
        Info (286033): Parameter WIDTHAD_A set to 12
        Info (286033): Parameter NUMWORDS_A set to 2531
        Info (286033): Parameter WIDTH_B set to 16
        Info (286033): Parameter WIDTHAD_B set to 12
        Info (286033): Parameter NUMWORDS_B set to 2531
        Info (286033): Parameter ADDRESS_ACLR_A set to NONE
        Info (286033): Parameter OUTDATA_REG_B set to UNREGISTERED
        Info (286033): Parameter ADDRESS_ACLR_B set to NONE
        Info (286033): Parameter OUTDATA_ACLR_B set to NONE
        Info (286033): Parameter ADDRESS_REG_B set to CLOCK0
        Info (286033): Parameter INDATA_ACLR_A set to NONE
        Info (286033): Parameter WRCONTROL_ACLR_A set to NONE
        Info (286033): Parameter READ_DURING_WRITE_MODE_MIXED_PORTS set to OLD_DATA
    Info (276029): Inferred altsyncram megafunction from the following design logic: "Top:top0|DSP:dsp|Delay_Effect:Delay_Effect|delay_ram_rtl_0" 
        Info (286033): Parameter OPERATION_MODE set to DUAL_PORT
        Info (286033): Parameter WIDTH_A set to 14
        Info (286033): Parameter WIDTHAD_A set to 16
        Info (286033): Parameter NUMWORDS_A set to 65536
        Info (286033): Parameter WIDTH_B set to 14
        Info (286033): Parameter WIDTHAD_B set to 16
        Info (286033): Parameter NUMWORDS_B set to 65536
        Info (286033): Parameter ADDRESS_ACLR_A set to NONE
        Info (286033): Parameter OUTDATA_REG_B set to UNREGISTERED
        Info (286033): Parameter ADDRESS_ACLR_B set to NONE
        Info (286033): Parameter OUTDATA_ACLR_B set to NONE
        Info (286033): Parameter ADDRESS_REG_B set to CLOCK0
        Info (286033): Parameter INDATA_ACLR_A set to NONE
        Info (286033): Parameter WRCONTROL_ACLR_A set to NONE
        Info (286033): Parameter RAM_BLOCK_TYPE set to M9K
        Info (286033): Parameter READ_DURING_WRITE_MODE_MIXED_PORTS set to OLD_DATA
    Info (276029): Inferred altsyncram megafunction from the following design logic: "Top:top0|DSP:dsp|Auto_Wah:Auto_Wah|data_buffer_rtl_0" 
        Info (286033): Parameter OPERATION_MODE set to DUAL_PORT
        Info (286033): Parameter WIDTH_A set to 16
        Info (286033): Parameter WIDTHAD_A set to 10
        Info (286033): Parameter NUMWORDS_A set to 1024
        Info (286033): Parameter WIDTH_B set to 16
        Info (286033): Parameter WIDTHAD_B set to 10
        Info (286033): Parameter NUMWORDS_B set to 1024
        Info (286033): Parameter ADDRESS_ACLR_A set to NONE
        Info (286033): Parameter OUTDATA_REG_B set to UNREGISTERED
        Info (286033): Parameter ADDRESS_ACLR_B set to NONE
        Info (286033): Parameter OUTDATA_ACLR_B set to NONE
        Info (286033): Parameter ADDRESS_REG_B set to CLOCK1
        Info (286033): Parameter INDATA_ACLR_A set to NONE
        Info (286033): Parameter WRCONTROL_ACLR_A set to NONE
    Info (276029): Inferred altsyncram megafunction from the following design logic: "Top:top0|DSP:dsp|Auto_Wah:Auto_Wah|data_buffer_rtl_1" 
        Info (286033): Parameter OPERATION_MODE set to DUAL_PORT
        Info (286033): Parameter WIDTH_A set to 16
        Info (286033): Parameter WIDTHAD_A set to 10
        Info (286033): Parameter NUMWORDS_A set to 1024
        Info (286033): Parameter WIDTH_B set to 16
        Info (286033): Parameter WIDTHAD_B set to 10
        Info (286033): Parameter NUMWORDS_B set to 1024
        Info (286033): Parameter ADDRESS_ACLR_A set to NONE
        Info (286033): Parameter OUTDATA_REG_B set to UNREGISTERED
        Info (286033): Parameter ADDRESS_ACLR_B set to NONE
        Info (286033): Parameter OUTDATA_ACLR_B set to NONE
        Info (286033): Parameter ADDRESS_REG_B set to CLOCK1
        Info (286033): Parameter INDATA_ACLR_A set to NONE
        Info (286033): Parameter WRCONTROL_ACLR_A set to NONE
    Info (276029): Inferred altsyncram megafunction from the following design logic: "Top:top0|DSP:dsp|Flanger:Flanger|data_buffer_rtl_0" 
        Info (286033): Parameter OPERATION_MODE set to DUAL_PORT
        Info (286033): Parameter WIDTH_A set to 16
        Info (286033): Parameter WIDTHAD_A set to 10
        Info (286033): Parameter NUMWORDS_A set to 1024
        Info (286033): Parameter WIDTH_B set to 16
        Info (286033): Parameter WIDTHAD_B set to 10
        Info (286033): Parameter NUMWORDS_B set to 1024
        Info (286033): Parameter ADDRESS_ACLR_A set to NONE
        Info (286033): Parameter OUTDATA_REG_B set to UNREGISTERED
        Info (286033): Parameter ADDRESS_ACLR_B set to NONE
        Info (286033): Parameter OUTDATA_ACLR_B set to NONE
        Info (286033): Parameter ADDRESS_REG_B set to CLOCK1
        Info (286033): Parameter INDATA_ACLR_A set to NONE
        Info (286033): Parameter WRCONTROL_ACLR_A set to NONE
    Info (276029): Inferred altsyncram megafunction from the following design logic: "Top:top0|DSP:dsp|Flanger:Flanger|data_buffer_rtl_1" 
        Info (286033): Parameter OPERATION_MODE set to DUAL_PORT
        Info (286033): Parameter WIDTH_A set to 16
        Info (286033): Parameter WIDTHAD_A set to 10
        Info (286033): Parameter NUMWORDS_A set to 1024
        Info (286033): Parameter WIDTH_B set to 16
        Info (286033): Parameter WIDTHAD_B set to 10
        Info (286033): Parameter NUMWORDS_B set to 1024
        Info (286033): Parameter ADDRESS_ACLR_A set to NONE
        Info (286033): Parameter OUTDATA_REG_B set to UNREGISTERED
        Info (286033): Parameter ADDRESS_ACLR_B set to NONE
        Info (286033): Parameter OUTDATA_ACLR_B set to NONE
        Info (286033): Parameter ADDRESS_REG_B set to CLOCK1
        Info (286033): Parameter INDATA_ACLR_A set to NONE
        Info (286033): Parameter WRCONTROL_ACLR_A set to NONE
    Info (276029): Inferred altsyncram megafunction from the following design logic: "Top:top0|DSP:dsp|Reverb:Reverb|Schroeder_Allpass:allpass_4|v_buffer_rtl_0" 
        Info (286033): Parameter OPERATION_MODE set to DUAL_PORT
        Info (286033): Parameter WIDTH_A set to 16
        Info (286033): Parameter WIDTHAD_A set to 12
        Info (286033): Parameter NUMWORDS_A set to 2663
        Info (286033): Parameter WIDTH_B set to 16
        Info (286033): Parameter WIDTHAD_B set to 12
        Info (286033): Parameter NUMWORDS_B set to 2663
        Info (286033): Parameter ADDRESS_ACLR_A set to NONE
        Info (286033): Parameter OUTDATA_REG_B set to UNREGISTERED
        Info (286033): Parameter ADDRESS_ACLR_B set to NONE
        Info (286033): Parameter OUTDATA_ACLR_B set to NONE
        Info (286033): Parameter ADDRESS_REG_B set to CLOCK0
        Info (286033): Parameter INDATA_ACLR_A set to NONE
        Info (286033): Parameter WRCONTROL_ACLR_A set to NONE
        Info (286033): Parameter READ_DURING_WRITE_MODE_MIXED_PORTS set to OLD_DATA
    Info (276029): Inferred altsyncram megafunction from the following design logic: "Top:top0|DSP:dsp|Reverb:Reverb|Schroeder_Allpass:allpass_3|v_buffer_rtl_0" 
        Info (286033): Parameter OPERATION_MODE set to DUAL_PORT
        Info (286033): Parameter WIDTH_A set to 16
        Info (286033): Parameter WIDTHAD_A set to 12
        Info (286033): Parameter NUMWORDS_A set to 2531
        Info (286033): Parameter WIDTH_B set to 16
        Info (286033): Parameter WIDTHAD_B set to 12
        Info (286033): Parameter NUMWORDS_B set to 2531
        Info (286033): Parameter ADDRESS_ACLR_A set to NONE
        Info (286033): Parameter OUTDATA_REG_B set to UNREGISTERED
        Info (286033): Parameter ADDRESS_ACLR_B set to NONE
        Info (286033): Parameter OUTDATA_ACLR_B set to NONE
        Info (286033): Parameter ADDRESS_REG_B set to CLOCK0
        Info (286033): Parameter INDATA_ACLR_A set to NONE
        Info (286033): Parameter WRCONTROL_ACLR_A set to NONE
        Info (286033): Parameter READ_DURING_WRITE_MODE_MIXED_PORTS set to OLD_DATA
    Info (276029): Inferred altsyncram megafunction from the following design logic: "Top:top0|DSP:dsp|Reverb:Reverb|Schroeder_Allpass:allpass_2|v_buffer_rtl_0" 
        Info (286033): Parameter OPERATION_MODE set to DUAL_PORT
        Info (286033): Parameter WIDTH_A set to 16
        Info (286033): Parameter WIDTHAD_A set to 12
        Info (286033): Parameter NUMWORDS_A set to 2131
        Info (286033): Parameter WIDTH_B set to 16
        Info (286033): Parameter WIDTHAD_B set to 12
        Info (286033): Parameter NUMWORDS_B set to 2131
        Info (286033): Parameter ADDRESS_ACLR_A set to NONE
        Info (286033): Parameter OUTDATA_REG_B set to UNREGISTERED
        Info (286033): Parameter ADDRESS_ACLR_B set to NONE
        Info (286033): Parameter OUTDATA_ACLR_B set to NONE
        Info (286033): Parameter ADDRESS_REG_B set to CLOCK0
        Info (286033): Parameter INDATA_ACLR_A set to NONE
        Info (286033): Parameter WRCONTROL_ACLR_A set to NONE
        Info (286033): Parameter READ_DURING_WRITE_MODE_MIXED_PORTS set to OLD_DATA
    Info (276029): Inferred altsyncram megafunction from the following design logic: "Top:top0|DSP:dsp|Reverb:Reverb|Schroeder_Allpass:allpass_1|v_buffer_rtl_0" 
        Info (286033): Parameter OPERATION_MODE set to DUAL_PORT
        Info (286033): Parameter WIDTH_A set to 16
        Info (286033): Parameter WIDTHAD_A set to 11
        Info (286033): Parameter NUMWORDS_A set to 1787
        Info (286033): Parameter WIDTH_B set to 16
        Info (286033): Parameter WIDTHAD_B set to 11
        Info (286033): Parameter NUMWORDS_B set to 1787
        Info (286033): Parameter ADDRESS_ACLR_A set to NONE
        Info (286033): Parameter OUTDATA_REG_B set to UNREGISTERED
        Info (286033): Parameter ADDRESS_ACLR_B set to NONE
        Info (286033): Parameter OUTDATA_ACLR_B set to NONE
        Info (286033): Parameter ADDRESS_REG_B set to CLOCK0
        Info (286033): Parameter INDATA_ACLR_A set to NONE
        Info (286033): Parameter WRCONTROL_ACLR_A set to NONE
        Info (286033): Parameter READ_DURING_WRITE_MODE_MIXED_PORTS set to OLD_DATA
    Info (276029): Inferred altsyncram megafunction from the following design logic: "Top:top0|DSP:dsp|Reverb:Reverb|Schroeder_Allpass:allpass_0|v_buffer_rtl_0" 
        Info (286033): Parameter OPERATION_MODE set to DUAL_PORT
        Info (286033): Parameter WIDTH_A set to 16
        Info (286033): Parameter WIDTHAD_A set to 11
        Info (286033): Parameter NUMWORDS_A set to 1423
        Info (286033): Parameter WIDTH_B set to 16
        Info (286033): Parameter WIDTHAD_B set to 11
        Info (286033): Parameter NUMWORDS_B set to 1423
        Info (286033): Parameter ADDRESS_ACLR_A set to NONE
        Info (286033): Parameter OUTDATA_REG_B set to UNREGISTERED
        Info (286033): Parameter ADDRESS_ACLR_B set to NONE
        Info (286033): Parameter OUTDATA_ACLR_B set to NONE
        Info (286033): Parameter ADDRESS_REG_B set to CLOCK0
        Info (286033): Parameter INDATA_ACLR_A set to NONE
        Info (286033): Parameter WRCONTROL_ACLR_A set to NONE
        Info (286033): Parameter READ_DURING_WRITE_MODE_MIXED_PORTS set to OLD_DATA
Info (278001): Inferred 40 megafunctions from design logic
    Info (278004): Inferred divider/modulo megafunction ("lpm_divide") from the following logic: "Mod2"
    Info (278004): Inferred divider/modulo megafunction ("lpm_divide") from the following logic: "Mod0"
    Info (278004): Inferred divider/modulo megafunction ("lpm_divide") from the following logic: "Mod1"
    Info (278003): Inferred multiplier megafunction ("lpm_mult") from the following logic: "Top:top0|DSP:dsp|fuzz:Fuzz|Mult2"
    Info (278003): Inferred multiplier megafunction ("lpm_mult") from the following logic: "Top:top0|DSP:dsp|Noise_Gate:Noise_Gate|Mult0"
    Info (278003): Inferred multiplier megafunction ("lpm_mult") from the following logic: "Top:top0|DSP:dsp|distortion:Distortion|Mult0"
    Info (278003): Inferred multiplier megafunction ("lpm_mult") from the following logic: "Top:top0|DSP:dsp|Overdrive:Overdrive|Mult0"
    Info (278003): Inferred multiplier megafunction ("lpm_mult") from the following logic: "Top:top0|DSP:dsp|Chorus:Chorus|Mult3"
    Info (278003): Inferred multiplier megafunction ("lpm_mult") from the following logic: "Top:top0|DSP:dsp|Chorus:Chorus|Mult4"
    Info (278003): Inferred multiplier megafunction ("lpm_mult") from the following logic: "Top:top0|DSP:dsp|fuzz:Fuzz|Mult0"
    Info (278003): Inferred multiplier megafunction ("lpm_mult") from the following logic: "Top:top0|DSP:dsp|Noise_Gate:Noise_Gate|Mult1"
    Info (278003): Inferred multiplier megafunction ("lpm_mult") from the following logic: "Top:top0|DSP:dsp|distortion:Distortion|tanh:u_tanh|Mult0"
    Info (278003): Inferred multiplier megafunction ("lpm_mult") from the following logic: "Top:top0|DSP:dsp|Overdrive:Overdrive|tanh:u_tanh|Mult0"
    Info (278003): Inferred multiplier megafunction ("lpm_mult") from the following logic: "Top:top0|DSP:dsp|Flanger:Flanger|Mult4"
    Info (278003): Inferred multiplier megafunction ("lpm_mult") from the following logic: "Top:top0|DSP:dsp|Flanger:Flanger|Mult5"
    Info (278003): Inferred multiplier megafunction ("lpm_mult") from the following logic: "Top:top0|DSP:dsp|Reverb:Reverb|Mult1"
    Info (278003): Inferred multiplier megafunction ("lpm_mult") from the following logic: "Top:top0|DSP:dsp|Reverb:Reverb|Mult0"
    Info (278003): Inferred multiplier megafunction ("lpm_mult") from the following logic: "Top:top0|DSP:dsp|Auto_Wah:Auto_Wah|Mult4"
    Info (278003): Inferred multiplier megafunction ("lpm_mult") from the following logic: "Top:top0|DSP:dsp|Auto_Wah:Auto_Wah|Mult5"
    Info (278003): Inferred multiplier megafunction ("lpm_mult") from the following logic: "Top:top0|DSP:dsp|Reverb:Reverb|Schroeder_Allpass:allpass_4|Mult0"
    Info (278003): Inferred multiplier megafunction ("lpm_mult") from the following logic: "Top:top0|DSP:dsp|Reverb:Reverb|Schroeder_Allpass:allpass_3|Mult0"
    Info (278003): Inferred multiplier megafunction ("lpm_mult") from the following logic: "Top:top0|DSP:dsp|Reverb:Reverb|Schroeder_Allpass:allpass_2|Mult0"
    Info (278003): Inferred multiplier megafunction ("lpm_mult") from the following logic: "Top:top0|DSP:dsp|Reverb:Reverb|Schroeder_Allpass:allpass_1|Mult0"
    Info (278003): Inferred multiplier megafunction ("lpm_mult") from the following logic: "Top:top0|DSP:dsp|Reverb:Reverb|Schroeder_Allpass:allpass_0|Mult0"
    Info (278003): Inferred multiplier megafunction ("lpm_mult") from the following logic: "Top:top0|DSP:dsp|fuzz:Fuzz|Mult1"
    Info (278003): Inferred multiplier megafunction ("lpm_mult") from the following logic: "Top:top0|DSP:dsp|distortion:Distortion|tanh:u_tanh|Mult1"
    Info (278003): Inferred multiplier megafunction ("lpm_mult") from the following logic: "Top:top0|DSP:dsp|Overdrive:Overdrive|tanh:u_tanh|Mult1"
    Info (278003): Inferred multiplier megafunction ("lpm_mult") from the following logic: "Top:top0|DSP:dsp|Chorus:Chorus|cosine:cosine_0|Mult0"
    Info (278003): Inferred multiplier megafunction ("lpm_mult") from the following logic: "Top:top0|DSP:dsp|Flanger:Flanger|cosine:cosine_0|Mult0"
    Info (278003): Inferred multiplier megafunction ("lpm_mult") from the following logic: "Top:top0|DSP:dsp|Chorus:Chorus|Mult1"
    Info (278003): Inferred multiplier megafunction ("lpm_mult") from the following logic: "Top:top0|DSP:dsp|Chorus:Chorus|Mult2"
    Info (278003): Inferred multiplier megafunction ("lpm_mult") from the following logic: "Top:top0|DSP:dsp|Flanger:Flanger|Mult1"
    Info (278003): Inferred multiplier megafunction ("lpm_mult") from the following logic: "Top:top0|DSP:dsp|Flanger:Flanger|Mult2"
    Info (278003): Inferred multiplier megafunction ("lpm_mult") from the following logic: "Top:top0|DSP:dsp|Auto_Wah:Auto_Wah|Mult1"
    Info (278003): Inferred multiplier megafunction ("lpm_mult") from the following logic: "Top:top0|DSP:dsp|Auto_Wah:Auto_Wah|Mult2"
    Info (278003): Inferred multiplier megafunction ("lpm_mult") from the following logic: "Top:top0|DSP:dsp|Reverb:Reverb|Schroeder_Allpass:allpass_4|Mult1"
    Info (278003): Inferred multiplier megafunction ("lpm_mult") from the following logic: "Top:top0|DSP:dsp|Reverb:Reverb|Schroeder_Allpass:allpass_3|Mult1"
    Info (278003): Inferred multiplier megafunction ("lpm_mult") from the following logic: "Top:top0|DSP:dsp|Reverb:Reverb|Schroeder_Allpass:allpass_2|Mult1"
    Info (278003): Inferred multiplier megafunction ("lpm_mult") from the following logic: "Top:top0|DSP:dsp|Reverb:Reverb|Schroeder_Allpass:allpass_1|Mult1"
    Info (278003): Inferred multiplier megafunction ("lpm_mult") from the following logic: "Top:top0|DSP:dsp|Reverb:Reverb|Schroeder_Allpass:allpass_0|Mult1"
Info (12130): Elaborated megafunction instantiation "Top:top0|Buffer:buffer|altsyncram:buf_data_r_rtl_0"
Info (12133): Instantiated megafunction "Top:top0|Buffer:buffer|altsyncram:buf_data_r_rtl_0" with the following parameter:
    Info (12134): Parameter "OPERATION_MODE" = "DUAL_PORT"
    Info (12134): Parameter "WIDTH_A" = "16"
    Info (12134): Parameter "WIDTHAD_A" = "4"
    Info (12134): Parameter "NUMWORDS_A" = "16"
    Info (12134): Parameter "WIDTH_B" = "16"
    Info (12134): Parameter "WIDTHAD_B" = "4"
    Info (12134): Parameter "NUMWORDS_B" = "16"
    Info (12134): Parameter "ADDRESS_ACLR_A" = "NONE"
    Info (12134): Parameter "OUTDATA_REG_B" = "UNREGISTERED"
    Info (12134): Parameter "ADDRESS_ACLR_B" = "NONE"
    Info (12134): Parameter "OUTDATA_ACLR_B" = "NONE"
    Info (12134): Parameter "ADDRESS_REG_B" = "CLOCK0"
    Info (12134): Parameter "INDATA_ACLR_A" = "NONE"
    Info (12134): Parameter "WRCONTROL_ACLR_A" = "NONE"
    Info (12134): Parameter "READ_DURING_WRITE_MODE_MIXED_PORTS" = "OLD_DATA"
Info (12021): Found 1 design units, including 1 entities, in source file db/altsyncram_rbi1.tdf
    Info (12023): Found entity 1: altsyncram_rbi1
Info (12130): Elaborated megafunction instantiation "Top:top0|DSP:dsp|Chorus:Chorus|altsyncram:data_buffer_rtl_0"
Info (12133): Instantiated megafunction "Top:top0|DSP:dsp|Chorus:Chorus|altsyncram:data_buffer_rtl_0" with the following parameter:
    Info (12134): Parameter "OPERATION_MODE" = "DUAL_PORT"
    Info (12134): Parameter "WIDTH_A" = "16"
    Info (12134): Parameter "WIDTHAD_A" = "12"
    Info (12134): Parameter "NUMWORDS_A" = "4096"
    Info (12134): Parameter "WIDTH_B" = "16"
    Info (12134): Parameter "WIDTHAD_B" = "12"
    Info (12134): Parameter "NUMWORDS_B" = "4096"
    Info (12134): Parameter "ADDRESS_ACLR_A" = "NONE"
    Info (12134): Parameter "OUTDATA_REG_B" = "UNREGISTERED"
    Info (12134): Parameter "ADDRESS_ACLR_B" = "NONE"
    Info (12134): Parameter "OUTDATA_ACLR_B" = "NONE"
    Info (12134): Parameter "ADDRESS_REG_B" = "CLOCK1"
    Info (12134): Parameter "INDATA_ACLR_A" = "NONE"
    Info (12134): Parameter "WRCONTROL_ACLR_A" = "NONE"
Info (12021): Found 1 design units, including 1 entities, in source file db/altsyncram_03e1.tdf
    Info (12023): Found entity 1: altsyncram_03e1
Info (12130): Elaborated megafunction instantiation "Top:top0|DSP:dsp|Reverb:Reverb|FDN_4ch:fdn|altsyncram:ch1_buffer_rtl_0"
Info (12133): Instantiated megafunction "Top:top0|DSP:dsp|Reverb:Reverb|FDN_4ch:fdn|altsyncram:ch1_buffer_rtl_0" with the following parameter:
    Info (12134): Parameter "OPERATION_MODE" = "DUAL_PORT"
    Info (12134): Parameter "WIDTH_A" = "16"
    Info (12134): Parameter "WIDTHAD_A" = "11"
    Info (12134): Parameter "NUMWORDS_A" = "1787"
    Info (12134): Parameter "WIDTH_B" = "16"
    Info (12134): Parameter "WIDTHAD_B" = "11"
    Info (12134): Parameter "NUMWORDS_B" = "1787"
    Info (12134): Parameter "ADDRESS_ACLR_A" = "NONE"
    Info (12134): Parameter "OUTDATA_REG_B" = "UNREGISTERED"
    Info (12134): Parameter "ADDRESS_ACLR_B" = "NONE"
    Info (12134): Parameter "OUTDATA_ACLR_B" = "NONE"
    Info (12134): Parameter "ADDRESS_REG_B" = "CLOCK0"
    Info (12134): Parameter "INDATA_ACLR_A" = "NONE"
    Info (12134): Parameter "WRCONTROL_ACLR_A" = "NONE"
    Info (12134): Parameter "READ_DURING_WRITE_MODE_MIXED_PORTS" = "OLD_DATA"
Info (12021): Found 1 design units, including 1 entities, in source file db/altsyncram_nli1.tdf
    Info (12023): Found entity 1: altsyncram_nli1
Info (12130): Elaborated megafunction instantiation "Top:top0|DSP:dsp|Reverb:Reverb|FDN_4ch:fdn|altsyncram:ch0_buffer_rtl_0"
Info (12133): Instantiated megafunction "Top:top0|DSP:dsp|Reverb:Reverb|FDN_4ch:fdn|altsyncram:ch0_buffer_rtl_0" with the following parameter:
    Info (12134): Parameter "OPERATION_MODE" = "DUAL_PORT"
    Info (12134): Parameter "WIDTH_A" = "16"
    Info (12134): Parameter "WIDTHAD_A" = "11"
    Info (12134): Parameter "NUMWORDS_A" = "1423"
    Info (12134): Parameter "WIDTH_B" = "16"
    Info (12134): Parameter "WIDTHAD_B" = "11"
    Info (12134): Parameter "NUMWORDS_B" = "1423"
    Info (12134): Parameter "ADDRESS_ACLR_A" = "NONE"
    Info (12134): Parameter "OUTDATA_REG_B" = "UNREGISTERED"
    Info (12134): Parameter "ADDRESS_ACLR_B" = "NONE"
    Info (12134): Parameter "OUTDATA_ACLR_B" = "NONE"
    Info (12134): Parameter "ADDRESS_REG_B" = "CLOCK0"
    Info (12134): Parameter "INDATA_ACLR_A" = "NONE"
    Info (12134): Parameter "WRCONTROL_ACLR_A" = "NONE"
    Info (12134): Parameter "READ_DURING_WRITE_MODE_MIXED_PORTS" = "OLD_DATA"
Info (12021): Found 1 design units, including 1 entities, in source file db/altsyncram_tki1.tdf
    Info (12023): Found entity 1: altsyncram_tki1
Info (12130): Elaborated megafunction instantiation "Top:top0|DSP:dsp|Reverb:Reverb|FDN_4ch:fdn|altsyncram:ch2_buffer_rtl_0"
Info (12133): Instantiated megafunction "Top:top0|DSP:dsp|Reverb:Reverb|FDN_4ch:fdn|altsyncram:ch2_buffer_rtl_0" with the following parameter:
    Info (12134): Parameter "OPERATION_MODE" = "DUAL_PORT"
    Info (12134): Parameter "WIDTH_A" = "16"
    Info (12134): Parameter "WIDTHAD_A" = "12"
    Info (12134): Parameter "NUMWORDS_A" = "2131"
    Info (12134): Parameter "WIDTH_B" = "16"
    Info (12134): Parameter "WIDTHAD_B" = "12"
    Info (12134): Parameter "NUMWORDS_B" = "2131"
    Info (12134): Parameter "ADDRESS_ACLR_A" = "NONE"
    Info (12134): Parameter "OUTDATA_REG_B" = "UNREGISTERED"
    Info (12134): Parameter "ADDRESS_ACLR_B" = "NONE"
    Info (12134): Parameter "OUTDATA_ACLR_B" = "NONE"
    Info (12134): Parameter "ADDRESS_REG_B" = "CLOCK0"
    Info (12134): Parameter "INDATA_ACLR_A" = "NONE"
    Info (12134): Parameter "WRCONTROL_ACLR_A" = "NONE"
    Info (12134): Parameter "READ_DURING_WRITE_MODE_MIXED_PORTS" = "OLD_DATA"
Info (12021): Found 1 design units, including 1 entities, in source file db/altsyncram_pki1.tdf
    Info (12023): Found entity 1: altsyncram_pki1
Info (12130): Elaborated megafunction instantiation "Top:top0|DSP:dsp|Reverb:Reverb|FDN_4ch:fdn|altsyncram:ch3_buffer_rtl_0"
Info (12133): Instantiated megafunction "Top:top0|DSP:dsp|Reverb:Reverb|FDN_4ch:fdn|altsyncram:ch3_buffer_rtl_0" with the following parameter:
    Info (12134): Parameter "OPERATION_MODE" = "DUAL_PORT"
    Info (12134): Parameter "WIDTH_A" = "16"
    Info (12134): Parameter "WIDTHAD_A" = "12"
    Info (12134): Parameter "NUMWORDS_A" = "2531"
    Info (12134): Parameter "WIDTH_B" = "16"
    Info (12134): Parameter "WIDTHAD_B" = "12"
    Info (12134): Parameter "NUMWORDS_B" = "2531"
    Info (12134): Parameter "ADDRESS_ACLR_A" = "NONE"
    Info (12134): Parameter "OUTDATA_REG_B" = "UNREGISTERED"
    Info (12134): Parameter "ADDRESS_ACLR_B" = "NONE"
    Info (12134): Parameter "OUTDATA_ACLR_B" = "NONE"
    Info (12134): Parameter "ADDRESS_REG_B" = "CLOCK0"
    Info (12134): Parameter "INDATA_ACLR_A" = "NONE"
    Info (12134): Parameter "WRCONTROL_ACLR_A" = "NONE"
    Info (12134): Parameter "READ_DURING_WRITE_MODE_MIXED_PORTS" = "OLD_DATA"
Info (12021): Found 1 design units, including 1 entities, in source file db/altsyncram_1li1.tdf
    Info (12023): Found entity 1: altsyncram_1li1
Info (12130): Elaborated megafunction instantiation "Top:top0|DSP:dsp|Delay_Effect:Delay_Effect|altsyncram:delay_ram_rtl_0"
Info (12133): Instantiated megafunction "Top:top0|DSP:dsp|Delay_Effect:Delay_Effect|altsyncram:delay_ram_rtl_0" with the following parameter:
    Info (12134): Parameter "OPERATION_MODE" = "DUAL_PORT"
    Info (12134): Parameter "WIDTH_A" = "14"
    Info (12134): Parameter "WIDTHAD_A" = "16"
    Info (12134): Parameter "NUMWORDS_A" = "65536"
    Info (12134): Parameter "WIDTH_B" = "14"
    Info (12134): Parameter "WIDTHAD_B" = "16"
    Info (12134): Parameter "NUMWORDS_B" = "65536"
    Info (12134): Parameter "ADDRESS_ACLR_A" = "NONE"
    Info (12134): Parameter "OUTDATA_REG_B" = "UNREGISTERED"
    Info (12134): Parameter "ADDRESS_ACLR_B" = "NONE"
    Info (12134): Parameter "OUTDATA_ACLR_B" = "NONE"
    Info (12134): Parameter "ADDRESS_REG_B" = "CLOCK0"
    Info (12134): Parameter "INDATA_ACLR_A" = "NONE"
    Info (12134): Parameter "WRCONTROL_ACLR_A" = "NONE"
    Info (12134): Parameter "RAM_BLOCK_TYPE" = "M9K"
    Info (12134): Parameter "READ_DURING_WRITE_MODE_MIXED_PORTS" = "OLD_DATA"
Info (12021): Found 1 design units, including 1 entities, in source file db/altsyncram_n5j1.tdf
    Info (12023): Found entity 1: altsyncram_n5j1
Info (12021): Found 1 design units, including 1 entities, in source file db/decode_rsa.tdf
    Info (12023): Found entity 1: decode_rsa
Info (12021): Found 1 design units, including 1 entities, in source file db/mux_oob.tdf
    Info (12023): Found entity 1: mux_oob
Info (12130): Elaborated megafunction instantiation "Top:top0|DSP:dsp|Auto_Wah:Auto_Wah|altsyncram:data_buffer_rtl_0"
Info (12133): Instantiated megafunction "Top:top0|DSP:dsp|Auto_Wah:Auto_Wah|altsyncram:data_buffer_rtl_0" with the following parameter:
    Info (12134): Parameter "OPERATION_MODE" = "DUAL_PORT"
    Info (12134): Parameter "WIDTH_A" = "16"
    Info (12134): Parameter "WIDTHAD_A" = "10"
    Info (12134): Parameter "NUMWORDS_A" = "1024"
    Info (12134): Parameter "WIDTH_B" = "16"
    Info (12134): Parameter "WIDTHAD_B" = "10"
    Info (12134): Parameter "NUMWORDS_B" = "1024"
    Info (12134): Parameter "ADDRESS_ACLR_A" = "NONE"
    Info (12134): Parameter "OUTDATA_REG_B" = "UNREGISTERED"
    Info (12134): Parameter "ADDRESS_ACLR_B" = "NONE"
    Info (12134): Parameter "OUTDATA_ACLR_B" = "NONE"
    Info (12134): Parameter "ADDRESS_REG_B" = "CLOCK1"
    Info (12134): Parameter "INDATA_ACLR_A" = "NONE"
    Info (12134): Parameter "WRCONTROL_ACLR_A" = "NONE"
Info (12021): Found 1 design units, including 1 entities, in source file db/altsyncram_42e1.tdf
    Info (12023): Found entity 1: altsyncram_42e1
Info (12130): Elaborated megafunction instantiation "Top:top0|DSP:dsp|Reverb:Reverb|Schroeder_Allpass:allpass_4|altsyncram:v_buffer_rtl_0"
Info (12133): Instantiated megafunction "Top:top0|DSP:dsp|Reverb:Reverb|Schroeder_Allpass:allpass_4|altsyncram:v_buffer_rtl_0" with the following parameter:
    Info (12134): Parameter "OPERATION_MODE" = "DUAL_PORT"
    Info (12134): Parameter "WIDTH_A" = "16"
    Info (12134): Parameter "WIDTHAD_A" = "12"
    Info (12134): Parameter "NUMWORDS_A" = "2663"
    Info (12134): Parameter "WIDTH_B" = "16"
    Info (12134): Parameter "WIDTHAD_B" = "12"
    Info (12134): Parameter "NUMWORDS_B" = "2663"
    Info (12134): Parameter "ADDRESS_ACLR_A" = "NONE"
    Info (12134): Parameter "OUTDATA_REG_B" = "UNREGISTERED"
    Info (12134): Parameter "ADDRESS_ACLR_B" = "NONE"
    Info (12134): Parameter "OUTDATA_ACLR_B" = "NONE"
    Info (12134): Parameter "ADDRESS_REG_B" = "CLOCK0"
    Info (12134): Parameter "INDATA_ACLR_A" = "NONE"
    Info (12134): Parameter "WRCONTROL_ACLR_A" = "NONE"
    Info (12134): Parameter "READ_DURING_WRITE_MODE_MIXED_PORTS" = "OLD_DATA"
Info (12021): Found 1 design units, including 1 entities, in source file db/altsyncram_dli1.tdf
    Info (12023): Found entity 1: altsyncram_dli1
Info (12130): Elaborated megafunction instantiation "lpm_divide:Mod2"
Info (12133): Instantiated megafunction "lpm_divide:Mod2" with the following parameter:
    Info (12134): Parameter "LPM_WIDTHN" = "4"
    Info (12134): Parameter "LPM_WIDTHD" = "4"
    Info (12134): Parameter "LPM_NREPRESENTATION" = "UNSIGNED"
    Info (12134): Parameter "LPM_DREPRESENTATION" = "UNSIGNED"
Info (12021): Found 1 design units, including 1 entities, in source file db/lpm_divide_i9m.tdf
    Info (12023): Found entity 1: lpm_divide_i9m
Info (12021): Found 1 design units, including 1 entities, in source file db/sign_div_unsign_7kh.tdf
    Info (12023): Found entity 1: sign_div_unsign_7kh
Info (12021): Found 1 design units, including 1 entities, in source file db/alt_u_div_24f.tdf
    Info (12023): Found entity 1: alt_u_div_24f
Info (12021): Found 1 design units, including 1 entities, in source file db/add_sub_7pc.tdf
    Info (12023): Found entity 1: add_sub_7pc
Info (12021): Found 1 design units, including 1 entities, in source file db/add_sub_8pc.tdf
    Info (12023): Found entity 1: add_sub_8pc
Info (12130): Elaborated megafunction instantiation "Top:top0|DSP:dsp|fuzz:Fuzz|lpm_mult:Mult2"
Info (12133): Instantiated megafunction "Top:top0|DSP:dsp|fuzz:Fuzz|lpm_mult:Mult2" with the following parameter:
    Info (12134): Parameter "LPM_WIDTHA" = "16"
    Info (12134): Parameter "LPM_WIDTHB" = "17"
    Info (12134): Parameter "LPM_WIDTHP" = "33"
    Info (12134): Parameter "LPM_WIDTHR" = "33"
    Info (12134): Parameter "LPM_WIDTHS" = "1"
    Info (12134): Parameter "LPM_REPRESENTATION" = "SIGNED"
    Info (12134): Parameter "INPUT_A_IS_CONSTANT" = "NO"
    Info (12134): Parameter "INPUT_B_IS_CONSTANT" = "NO"
    Info (12134): Parameter "MAXIMIZE_SPEED" = "5"
Info (12021): Found 1 design units, including 1 entities, in source file db/mult_e6t.tdf
    Info (12023): Found entity 1: mult_e6t
Info (12130): Elaborated megafunction instantiation "Top:top0|DSP:dsp|Noise_Gate:Noise_Gate|lpm_mult:Mult0"
Info (12133): Instantiated megafunction "Top:top0|DSP:dsp|Noise_Gate:Noise_Gate|lpm_mult:Mult0" with the following parameter:
    Info (12134): Parameter "LPM_WIDTHA" = "16"
    Info (12134): Parameter "LPM_WIDTHB" = "16"
    Info (12134): Parameter "LPM_WIDTHP" = "32"
    Info (12134): Parameter "LPM_WIDTHR" = "32"
    Info (12134): Parameter "LPM_WIDTHS" = "1"
    Info (12134): Parameter "LPM_REPRESENTATION" = "SIGNED"
    Info (12134): Parameter "INPUT_A_IS_CONSTANT" = "NO"
    Info (12134): Parameter "INPUT_B_IS_CONSTANT" = "NO"
    Info (12134): Parameter "MAXIMIZE_SPEED" = "5"
Info (12021): Found 1 design units, including 1 entities, in source file db/mult_86t.tdf
    Info (12023): Found entity 1: mult_86t
Info (12130): Elaborated megafunction instantiation "Top:top0|DSP:dsp|distortion:Distortion|lpm_mult:Mult0"
Info (12133): Instantiated megafunction "Top:top0|DSP:dsp|distortion:Distortion|lpm_mult:Mult0" with the following parameter:
    Info (12134): Parameter "LPM_WIDTHA" = "17"
    Info (12134): Parameter "LPM_WIDTHB" = "17"
    Info (12134): Parameter "LPM_WIDTHP" = "34"
    Info (12134): Parameter "LPM_WIDTHR" = "34"
    Info (12134): Parameter "LPM_WIDTHS" = "1"
    Info (12134): Parameter "LPM_REPRESENTATION" = "SIGNED"
    Info (12134): Parameter "INPUT_A_IS_CONSTANT" = "NO"
    Info (12134): Parameter "INPUT_B_IS_CONSTANT" = "NO"
    Info (12134): Parameter "MAXIMIZE_SPEED" = "5"
Info (12021): Found 1 design units, including 1 entities, in source file db/mult_96t.tdf
    Info (12023): Found entity 1: mult_96t
Info (12130): Elaborated megafunction instantiation "Top:top0|DSP:dsp|Chorus:Chorus|lpm_mult:Mult3"
Info (12133): Instantiated megafunction "Top:top0|DSP:dsp|Chorus:Chorus|lpm_mult:Mult3" with the following parameter:
    Info (12134): Parameter "LPM_WIDTHA" = "8"
    Info (12134): Parameter "LPM_WIDTHB" = "16"
    Info (12134): Parameter "LPM_WIDTHP" = "24"
    Info (12134): Parameter "LPM_WIDTHR" = "24"
    Info (12134): Parameter "LPM_WIDTHS" = "1"
    Info (12134): Parameter "LPM_REPRESENTATION" = "SIGNED"
    Info (12134): Parameter "INPUT_A_IS_CONSTANT" = "NO"
    Info (12134): Parameter "INPUT_B_IS_CONSTANT" = "NO"
    Info (12134): Parameter "MAXIMIZE_SPEED" = "5"
Info (12021): Found 1 design units, including 1 entities, in source file db/mult_m4t.tdf
    Info (12023): Found entity 1: mult_m4t
Info (12130): Elaborated megafunction instantiation "Top:top0|DSP:dsp|Chorus:Chorus|lpm_mult:Mult4"
Info (12133): Instantiated megafunction "Top:top0|DSP:dsp|Chorus:Chorus|lpm_mult:Mult4" with the following parameter:
    Info (12134): Parameter "LPM_WIDTHA" = "8"
    Info (12134): Parameter "LPM_WIDTHB" = "16"
    Info (12134): Parameter "LPM_WIDTHP" = "24"
    Info (12134): Parameter "LPM_WIDTHR" = "24"
    Info (12134): Parameter "LPM_WIDTHS" = "1"
    Info (12134): Parameter "LPM_REPRESENTATION" = "SIGNED"
    Info (12134): Parameter "INPUT_A_IS_CONSTANT" = "NO"
    Info (12134): Parameter "INPUT_B_IS_CONSTANT" = "NO"
    Info (12134): Parameter "MAXIMIZE_SPEED" = "5"
Info (12130): Elaborated megafunction instantiation "Top:top0|DSP:dsp|fuzz:Fuzz|lpm_mult:Mult0"
Info (12133): Instantiated megafunction "Top:top0|DSP:dsp|fuzz:Fuzz|lpm_mult:Mult0" with the following parameter:
    Info (12134): Parameter "LPM_WIDTHA" = "16"
    Info (12134): Parameter "LPM_WIDTHB" = "9"
    Info (12134): Parameter "LPM_WIDTHP" = "25"
    Info (12134): Parameter "LPM_WIDTHR" = "25"
    Info (12134): Parameter "LPM_WIDTHS" = "1"
    Info (12134): Parameter "LPM_REPRESENTATION" = "SIGNED"
    Info (12134): Parameter "INPUT_A_IS_CONSTANT" = "NO"
    Info (12134): Parameter "INPUT_B_IS_CONSTANT" = "NO"
    Info (12134): Parameter "MAXIMIZE_SPEED" = "5"
Info (12021): Found 1 design units, including 1 entities, in source file db/mult_o4t.tdf
    Info (12023): Found entity 1: mult_o4t
Info (12130): Elaborated megafunction instantiation "Top:top0|DSP:dsp|Noise_Gate:Noise_Gate|lpm_mult:Mult1"
Info (12133): Instantiated megafunction "Top:top0|DSP:dsp|Noise_Gate:Noise_Gate|lpm_mult:Mult1" with the following parameter:
    Info (12134): Parameter "LPM_WIDTHA" = "17"
    Info (12134): Parameter "LPM_WIDTHB" = "9"
    Info (12134): Parameter "LPM_WIDTHP" = "26"
    Info (12134): Parameter "LPM_WIDTHR" = "26"
    Info (12134): Parameter "LPM_WIDTHS" = "1"
    Info (12134): Parameter "LPM_REPRESENTATION" = "SIGNED"
    Info (12134): Parameter "INPUT_A_IS_CONSTANT" = "NO"
    Info (12134): Parameter "INPUT_B_IS_CONSTANT" = "NO"
    Info (12134): Parameter "MAXIMIZE_SPEED" = "5"
Info (12021): Found 1 design units, including 1 entities, in source file db/mult_p4t.tdf
    Info (12023): Found entity 1: mult_p4t
Info (12130): Elaborated megafunction instantiation "Top:top0|DSP:dsp|distortion:Distortion|tanh:u_tanh|lpm_mult:Mult0"
Info (12133): Instantiated megafunction "Top:top0|DSP:dsp|distortion:Distortion|tanh:u_tanh|lpm_mult:Mult0" with the following parameter:
    Info (12134): Parameter "LPM_WIDTHA" = "16"
    Info (12134): Parameter "LPM_WIDTHB" = "9"
    Info (12134): Parameter "LPM_WIDTHP" = "25"
    Info (12134): Parameter "LPM_WIDTHR" = "25"
    Info (12134): Parameter "LPM_WIDTHS" = "1"
    Info (12134): Parameter "LPM_REPRESENTATION" = "SIGNED"
    Info (12134): Parameter "INPUT_A_IS_CONSTANT" = "NO"
    Info (12134): Parameter "INPUT_B_IS_CONSTANT" = "NO"
    Info (12134): Parameter "MAXIMIZE_SPEED" = "5"
Info (12130): Elaborated megafunction instantiation "Top:top0|DSP:dsp|Flanger:Flanger|lpm_mult:Mult5"
Info (12133): Instantiated megafunction "Top:top0|DSP:dsp|Flanger:Flanger|lpm_mult:Mult5" with the following parameter:
    Info (12134): Parameter "LPM_WIDTHA" = "8"
    Info (12134): Parameter "LPM_WIDTHB" = "16"
    Info (12134): Parameter "LPM_WIDTHP" = "24"
    Info (12134): Parameter "LPM_WIDTHR" = "24"
    Info (12134): Parameter "LPM_WIDTHS" = "1"
    Info (12134): Parameter "LPM_REPRESENTATION" = "SIGNED"
    Info (12134): Parameter "INPUT_A_IS_CONSTANT" = "NO"
    Info (12134): Parameter "INPUT_B_IS_CONSTANT" = "NO"
    Info (12134): Parameter "MAXIMIZE_SPEED" = "5"
Info (12130): Elaborated megafunction instantiation "Top:top0|DSP:dsp|Reverb:Reverb|lpm_mult:Mult1"
Info (12133): Instantiated megafunction "Top:top0|DSP:dsp|Reverb:Reverb|lpm_mult:Mult1" with the following parameter:
    Info (12134): Parameter "LPM_WIDTHA" = "8"
    Info (12134): Parameter "LPM_WIDTHB" = "16"
    Info (12134): Parameter "LPM_WIDTHP" = "24"
    Info (12134): Parameter "LPM_WIDTHR" = "24"
    Info (12134): Parameter "LPM_WIDTHS" = "1"
    Info (12134): Parameter "LPM_REPRESENTATION" = "SIGNED"
    Info (12134): Parameter "INPUT_A_IS_CONSTANT" = "NO"
    Info (12134): Parameter "INPUT_B_IS_CONSTANT" = "NO"
    Info (12134): Parameter "MAXIMIZE_SPEED" = "5"
Info (12130): Elaborated megafunction instantiation "Top:top0|DSP:dsp|Reverb:Reverb|lpm_mult:Mult0"
Info (12133): Instantiated megafunction "Top:top0|DSP:dsp|Reverb:Reverb|lpm_mult:Mult0" with the following parameter:
    Info (12134): Parameter "LPM_WIDTHA" = "7"
    Info (12134): Parameter "LPM_WIDTHB" = "16"
    Info (12134): Parameter "LPM_WIDTHP" = "23"
    Info (12134): Parameter "LPM_WIDTHR" = "23"
    Info (12134): Parameter "LPM_WIDTHS" = "1"
    Info (12134): Parameter "LPM_REPRESENTATION" = "SIGNED"
    Info (12134): Parameter "INPUT_A_IS_CONSTANT" = "NO"
    Info (12134): Parameter "INPUT_B_IS_CONSTANT" = "NO"
    Info (12134): Parameter "MAXIMIZE_SPEED" = "5"
Info (12021): Found 1 design units, including 1 entities, in source file db/mult_j4t.tdf
    Info (12023): Found entity 1: mult_j4t
Info (12130): Elaborated megafunction instantiation "Top:top0|DSP:dsp|Reverb:Reverb|Schroeder_Allpass:allpass_4|lpm_mult:Mult0"
Info (12133): Instantiated megafunction "Top:top0|DSP:dsp|Reverb:Reverb|Schroeder_Allpass:allpass_4|lpm_mult:Mult0" with the following parameter:
    Info (12134): Parameter "LPM_WIDTHA" = "6"
    Info (12134): Parameter "LPM_WIDTHB" = "16"
    Info (12134): Parameter "LPM_WIDTHP" = "22"
    Info (12134): Parameter "LPM_WIDTHR" = "22"
    Info (12134): Parameter "LPM_WIDTHS" = "1"
    Info (12134): Parameter "LPM_REPRESENTATION" = "SIGNED"
    Info (12134): Parameter "INPUT_A_IS_CONSTANT" = "NO"
    Info (12134): Parameter "INPUT_B_IS_CONSTANT" = "NO"
    Info (12134): Parameter "MAXIMIZE_SPEED" = "5"
Info (12021): Found 1 design units, including 1 entities, in source file db/mult_h4t.tdf
    Info (12023): Found entity 1: mult_h4t
Info (12130): Elaborated megafunction instantiation "Top:top0|DSP:dsp|fuzz:Fuzz|lpm_mult:Mult1"
Info (12133): Instantiated megafunction "Top:top0|DSP:dsp|fuzz:Fuzz|lpm_mult:Mult1" with the following parameter:
    Info (12134): Parameter "LPM_WIDTHA" = "17"
    Info (12134): Parameter "LPM_WIDTHB" = "17"
    Info (12134): Parameter "LPM_WIDTHP" = "34"
    Info (12134): Parameter "LPM_WIDTHR" = "34"
    Info (12134): Parameter "LPM_WIDTHS" = "1"
    Info (12134): Parameter "LPM_REPRESENTATION" = "UNSIGNED"
    Info (12134): Parameter "INPUT_A_IS_CONSTANT" = "NO"
    Info (12134): Parameter "INPUT_B_IS_CONSTANT" = "NO"
    Info (12134): Parameter "MAXIMIZE_SPEED" = "5"
Info (12021): Found 1 design units, including 1 entities, in source file db/mult_adt.tdf
    Info (12023): Found entity 1: mult_adt
Info (12130): Elaborated megafunction instantiation "Top:top0|DSP:dsp|distortion:Distortion|tanh:u_tanh|lpm_mult:Mult1"
Info (12133): Instantiated megafunction "Top:top0|DSP:dsp|distortion:Distortion|tanh:u_tanh|lpm_mult:Mult1" with the following parameter:
    Info (12134): Parameter "LPM_WIDTHA" = "17"
    Info (12134): Parameter "LPM_WIDTHB" = "12"
    Info (12134): Parameter "LPM_WIDTHP" = "29"
    Info (12134): Parameter "LPM_WIDTHR" = "29"
    Info (12134): Parameter "LPM_WIDTHS" = "1"
    Info (12134): Parameter "LPM_REPRESENTATION" = "SIGNED"
    Info (12134): Parameter "INPUT_A_IS_CONSTANT" = "NO"
    Info (12134): Parameter "INPUT_B_IS_CONSTANT" = "NO"
    Info (12134): Parameter "MAXIMIZE_SPEED" = "5"
Info (12021): Found 1 design units, including 1 entities, in source file db/mult_66t.tdf
    Info (12023): Found entity 1: mult_66t
Info (12130): Elaborated megafunction instantiation "Top:top0|DSP:dsp|Chorus:Chorus|cosine:cosine_0|lpm_mult:Mult0"
Info (12133): Instantiated megafunction "Top:top0|DSP:dsp|Chorus:Chorus|cosine:cosine_0|lpm_mult:Mult0" with the following parameter:
    Info (12134): Parameter "LPM_WIDTHA" = "19"
    Info (12134): Parameter "LPM_WIDTHB" = "8"
    Info (12134): Parameter "LPM_WIDTHP" = "27"
    Info (12134): Parameter "LPM_WIDTHR" = "27"
    Info (12134): Parameter "LPM_WIDTHS" = "1"
    Info (12134): Parameter "LPM_REPRESENTATION" = "UNSIGNED"
    Info (12134): Parameter "INPUT_A_IS_CONSTANT" = "NO"
    Info (12134): Parameter "INPUT_B_IS_CONSTANT" = "NO"
    Info (12134): Parameter "MAXIMIZE_SPEED" = "5"
Info (12021): Found 1 design units, including 1 entities, in source file db/mult_ubt.tdf
    Info (12023): Found entity 1: mult_ubt
Info (12130): Elaborated megafunction instantiation "Top:top0|DSP:dsp|Chorus:Chorus|lpm_mult:Mult1"
Info (12133): Instantiated megafunction "Top:top0|DSP:dsp|Chorus:Chorus|lpm_mult:Mult1" with the following parameter:
    Info (12134): Parameter "LPM_WIDTHA" = "16"
    Info (12134): Parameter "LPM_WIDTHB" = "16"
    Info (12134): Parameter "LPM_WIDTHP" = "32"
    Info (12134): Parameter "LPM_WIDTHR" = "32"
    Info (12134): Parameter "LPM_WIDTHS" = "1"
    Info (12134): Parameter "LPM_REPRESENTATION" = "SIGNED"
    Info (12134): Parameter "INPUT_A_IS_CONSTANT" = "NO"
    Info (12134): Parameter "INPUT_B_IS_CONSTANT" = "NO"
    Info (12134): Parameter "MAXIMIZE_SPEED" = "5"
Info (12130): Elaborated megafunction instantiation "Top:top0|DSP:dsp|Chorus:Chorus|lpm_mult:Mult2"
Info (12133): Instantiated megafunction "Top:top0|DSP:dsp|Chorus:Chorus|lpm_mult:Mult2" with the following parameter:
    Info (12134): Parameter "LPM_WIDTHA" = "17"
    Info (12134): Parameter "LPM_WIDTHB" = "16"
    Info (12134): Parameter "LPM_WIDTHP" = "33"
    Info (12134): Parameter "LPM_WIDTHR" = "33"
    Info (12134): Parameter "LPM_WIDTHS" = "1"
    Info (12134): Parameter "LPM_REPRESENTATION" = "SIGNED"
    Info (12134): Parameter "INPUT_A_IS_CONSTANT" = "NO"
    Info (12134): Parameter "INPUT_B_IS_CONSTANT" = "NO"
    Info (12134): Parameter "MAXIMIZE_SPEED" = "5"
Info (12021): Found 1 design units, including 1 entities, in source file db/mult_b6t.tdf
    Info (12023): Found entity 1: mult_b6t
Info (12130): Elaborated megafunction instantiation "Top:top0|DSP:dsp|Auto_Wah:Auto_Wah|lpm_mult:Mult2"
Info (12133): Instantiated megafunction "Top:top0|DSP:dsp|Auto_Wah:Auto_Wah|lpm_mult:Mult2" with the following parameter:
    Info (12134): Parameter "LPM_WIDTHA" = "17"
    Info (12134): Parameter "LPM_WIDTHB" = "16"
    Info (12134): Parameter "LPM_WIDTHP" = "33"
    Info (12134): Parameter "LPM_WIDTHR" = "33"
    Info (12134): Parameter "LPM_WIDTHS" = "1"
    Info (12134): Parameter "LPM_REPRESENTATION" = "SIGNED"
    Info (12134): Parameter "INPUT_A_IS_CONSTANT" = "NO"
    Info (12134): Parameter "INPUT_B_IS_CONSTANT" = "NO"
    Info (12134): Parameter "MAXIMIZE_SPEED" = "5"
Warning (12241): 6 hierarchies have connectivity warnings - see the Connectivity Checks report folder
Info (13014): Ignored 52 buffer(s)
    Info (13019): Ignored 52 SOFT buffer(s)
Warning (13039): The following bidirectional pins have no drivers
    Warning (13040): bidirectional pin "AUD_ADCLRCK" has no driver
    Warning (13040): bidirectional pin "AUD_BCLK" has no driver
    Warning (13040): bidirectional pin "AUD_DACLRCK" has no driver
    Warning (13040): bidirectional pin "LCD_DATA[0]" has no driver
    Warning (13040): bidirectional pin "LCD_DATA[1]" has no driver
    Warning (13040): bidirectional pin "LCD_DATA[2]" has no driver
    Warning (13040): bidirectional pin "LCD_DATA[3]" has no driver
    Warning (13040): bidirectional pin "LCD_DATA[4]" has no driver
    Warning (13040): bidirectional pin "LCD_DATA[5]" has no driver
    Warning (13040): bidirectional pin "LCD_DATA[6]" has no driver
    Warning (13040): bidirectional pin "LCD_DATA[7]" has no driver
    Warning (13040): bidirectional pin "PS2_CLK" has no driver
    Warning (13040): bidirectional pin "PS2_DAT" has no driver
    Warning (13040): bidirectional pin "PS2_CLK2" has no driver
    Warning (13040): bidirectional pin "PS2_DAT2" has no driver
    Warning (13040): bidirectional pin "SD_CMD" has no driver
    Warning (13040): bidirectional pin "SD_DAT[0]" has no driver
    Warning (13040): bidirectional pin "SD_DAT[1]" has no driver
    Warning (13040): bidirectional pin "SD_DAT[2]" has no driver
    Warning (13040): bidirectional pin "SD_DAT[3]" has no driver
    Warning (13040): bidirectional pin "EEP_I2C_SDAT" has no driver
    Warning (13040): bidirectional pin "OTG_DATA[0]" has no driver
    Warning (13040): bidirectional pin "OTG_DATA[1]" has no driver
    Warning (13040): bidirectional pin "OTG_DATA[2]" has no driver
    Warning (13040): bidirectional pin "OTG_DATA[3]" has no driver
    Warning (13040): bidirectional pin "OTG_DATA[4]" has no driver
    Warning (13040): bidirectional pin "OTG_DATA[5]" has no driver
    Warning (13040): bidirectional pin "OTG_DATA[6]" has no driver
    Warning (13040): bidirectional pin "OTG_DATA[7]" has no driver
    Warning (13040): bidirectional pin "OTG_DATA[8]" has no driver
    Warning (13040): bidirectional pin "OTG_DATA[9]" has no driver
    Warning (13040): bidirectional pin "OTG_DATA[10]" has no driver
    Warning (13040): bidirectional pin "OTG_DATA[11]" has no driver
    Warning (13040): bidirectional pin "OTG_DATA[12]" has no driver
    Warning (13040): bidirectional pin "OTG_DATA[13]" has no driver
    Warning (13040): bidirectional pin "OTG_DATA[14]" has no driver
    Warning (13040): bidirectional pin "OTG_DATA[15]" has no driver
    Warning (13040): bidirectional pin "DRAM_DQ[0]" has no driver
    Warning (13040): bidirectional pin "DRAM_DQ[1]" has no driver
    Warning (13040): bidirectional pin "DRAM_DQ[2]" has no driver
    Warning (13040): bidirectional pin "DRAM_DQ[3]" has no driver
    Warning (13040): bidirectional pin "DRAM_DQ[4]" has no driver
    Warning (13040): bidirectional pin "DRAM_DQ[5]" has no driver
    Warning (13040): bidirectional pin "DRAM_DQ[6]" has no driver
    Warning (13040): bidirectional pin "DRAM_DQ[7]" has no driver
    Warning (13040): bidirectional pin "DRAM_DQ[8]" has no driver
    Warning (13040): bidirectional pin "DRAM_DQ[9]" has no driver
    Warning (13040): bidirectional pin "DRAM_DQ[10]" has no driver
    Warning (13040): bidirectional pin "DRAM_DQ[11]" has no driver
    Warning (13040): bidirectional pin "DRAM_DQ[12]" has no driver
    Warning (13040): bidirectional pin "DRAM_DQ[13]" has no driver
    Warning (13040): bidirectional pin "DRAM_DQ[14]" has no driver
    Warning (13040): bidirectional pin "DRAM_DQ[15]" has no driver
    Warning (13040): bidirectional pin "DRAM_DQ[16]" has no driver
    Warning (13040): bidirectional pin "DRAM_DQ[17]" has no driver
    Warning (13040): bidirectional pin "DRAM_DQ[18]" has no driver
    Warning (13040): bidirectional pin "DRAM_DQ[19]" has no driver
    Warning (13040): bidirectional pin "DRAM_DQ[20]" has no driver
    Warning (13040): bidirectional pin "DRAM_DQ[21]" has no driver
    Warning (13040): bidirectional pin "DRAM_DQ[22]" has no driver
    Warning (13040): bidirectional pin "DRAM_DQ[23]" has no driver
    Warning (13040): bidirectional pin "DRAM_DQ[24]" has no driver
    Warning (13040): bidirectional pin "DRAM_DQ[25]" has no driver
    Warning (13040): bidirectional pin "DRAM_DQ[26]" has no driver
    Warning (13040): bidirectional pin "DRAM_DQ[27]" has no driver
    Warning (13040): bidirectional pin "DRAM_DQ[28]" has no driver
    Warning (13040): bidirectional pin "DRAM_DQ[29]" has no driver
    Warning (13040): bidirectional pin "DRAM_DQ[30]" has no driver
    Warning (13040): bidirectional pin "DRAM_DQ[31]" has no driver
    Warning (13040): bidirectional pin "SRAM_DQ[0]" has no driver
    Warning (13040): bidirectional pin "SRAM_DQ[1]" has no driver
    Warning (13040): bidirectional pin "SRAM_DQ[2]" has no driver
    Warning (13040): bidirectional pin "SRAM_DQ[3]" has no driver
    Warning (13040): bidirectional pin "SRAM_DQ[4]" has no driver
    Warning (13040): bidirectional pin "SRAM_DQ[5]" has no driver
    Warning (13040): bidirectional pin "SRAM_DQ[6]" has no driver
    Warning (13040): bidirectional pin "SRAM_DQ[7]" has no driver
    Warning (13040): bidirectional pin "SRAM_DQ[8]" has no driver
    Warning (13040): bidirectional pin "SRAM_DQ[9]" has no driver
    Warning (13040): bidirectional pin "SRAM_DQ[10]" has no driver
    Warning (13040): bidirectional pin "SRAM_DQ[11]" has no driver
    Warning (13040): bidirectional pin "SRAM_DQ[12]" has no driver
    Warning (13040): bidirectional pin "SRAM_DQ[13]" has no driver
    Warning (13040): bidirectional pin "SRAM_DQ[14]" has no driver
    Warning (13040): bidirectional pin "SRAM_DQ[15]" has no driver
    Warning (13040): bidirectional pin "FL_DQ[0]" has no driver
    Warning (13040): bidirectional pin "FL_DQ[1]" has no driver
    Warning (13040): bidirectional pin "FL_DQ[2]" has no driver
    Warning (13040): bidirectional pin "FL_DQ[3]" has no driver
    Warning (13040): bidirectional pin "FL_DQ[4]" has no driver
    Warning (13040): bidirectional pin "FL_DQ[5]" has no driver
    Warning (13040): bidirectional pin "FL_DQ[6]" has no driver
    Warning (13040): bidirectional pin "FL_DQ[7]" has no driver
    Warning (13040): bidirectional pin "GPIO[0]" has no driver
    Warning (13040): bidirectional pin "GPIO[1]" has no driver
    Warning (13040): bidirectional pin "GPIO[2]" has no driver
    Warning (13040): bidirectional pin "GPIO[3]" has no driver
    Warning (13040): bidirectional pin "GPIO[4]" has no driver
    Warning (13040): bidirectional pin "GPIO[5]" has no driver
    Warning (13040): bidirectional pin "GPIO[6]" has no driver
    Warning (13040): bidirectional pin "GPIO[7]" has no driver
    Warning (13040): bidirectional pin "GPIO[8]" has no driver
    Warning (13040): bidirectional pin "GPIO[9]" has no driver
    Warning (13040): bidirectional pin "GPIO[10]" has no driver
    Warning (13040): bidirectional pin "GPIO[11]" has no driver
    Warning (13040): bidirectional pin "GPIO[12]" has no driver
    Warning (13040): bidirectional pin "GPIO[13]" has no driver
    Warning (13040): bidirectional pin "GPIO[14]" has no driver
    Warning (13040): bidirectional pin "GPIO[15]" has no driver
    Warning (13040): bidirectional pin "GPIO[16]" has no driver
    Warning (13040): bidirectional pin "GPIO[17]" has no driver
    Warning (13040): bidirectional pin "GPIO[18]" has no driver
    Warning (13040): bidirectional pin "GPIO[19]" has no driver
    Warning (13040): bidirectional pin "GPIO[20]" has no driver
    Warning (13040): bidirectional pin "GPIO[21]" has no driver
    Warning (13040): bidirectional pin "GPIO[22]" has no driver
    Warning (13040): bidirectional pin "GPIO[23]" has no driver
    Warning (13040): bidirectional pin "GPIO[24]" has no driver
    Warning (13040): bidirectional pin "GPIO[25]" has no driver
    Warning (13040): bidirectional pin "GPIO[26]" has no driver
    Warning (13040): bidirectional pin "GPIO[27]" has no driver
    Warning (13040): bidirectional pin "GPIO[28]" has no driver
    Warning (13040): bidirectional pin "GPIO[29]" has no driver
    Warning (13040): bidirectional pin "GPIO[30]" has no driver
    Warning (13040): bidirectional pin "GPIO[31]" has no driver
    Warning (13040): bidirectional pin "GPIO[32]" has no driver
    Warning (13040): bidirectional pin "GPIO[33]" has no driver
    Warning (13040): bidirectional pin "GPIO[34]" has no driver
    Warning (13040): bidirectional pin "GPIO[35]" has no driver
    Warning (13040): bidirectional pin "HSMC_D[0]" has no driver
    Warning (13040): bidirectional pin "HSMC_D[1]" has no driver
    Warning (13040): bidirectional pin "HSMC_D[2]" has no driver
    Warning (13040): bidirectional pin "HSMC_D[3]" has no driver
    Warning (13040): bidirectional pin "EX_IO[0]" has no driver
    Warning (13040): bidirectional pin "EX_IO[1]" has no driver
    Warning (13040): bidirectional pin "EX_IO[2]" has no driver
    Warning (13040): bidirectional pin "EX_IO[3]" has no driver
    Warning (13040): bidirectional pin "EX_IO[4]" has no driver
    Warning (13040): bidirectional pin "EX_IO[5]" has no driver
    Warning (13040): bidirectional pin "EX_IO[6]" has no driver
Info (13000): Registers with preset signals will power-up high
Info (13003): DEV_CLRn pin will set, and not reset, register with preset signal due to NOT Gate Push-Back
Warning (13004): Presettable and clearable registers converted to equivalent circuits with latches. Registers power-up to an undefined state, and DEVCLRn places the registers in an undefined state.
    Warning (13310): Register "Top:top0|Player:player|daclrck_prev_r" is converted into an equivalent circuit using register "Top:top0|Player:player|daclrck_prev_r~_emulated" and latch "Top:top0|Player:player|daclrck_prev_r~1"
Warning (13024): Output pins are stuck at VCC or GND
    Warning (13410): Pin "SMA_CLKOUT" is stuck at GND
    Warning (13410): Pin "LEDG[8]" is stuck at GND
    Warning (13410): Pin "HEX1[1]" is stuck at GND
    Warning (13410): Pin "HEX1[2]" is stuck at GND
    Warning (13410): Pin "HEX1[6]" is stuck at VCC
    Warning (13410): Pin "HEX2[0]" is stuck at VCC
    Warning (13410): Pin "HEX2[1]" is stuck at VCC
    Warning (13410): Pin "HEX2[2]" is stuck at VCC
    Warning (13410): Pin "HEX2[3]" is stuck at VCC
    Warning (13410): Pin "HEX2[4]" is stuck at VCC
    Warning (13410): Pin "HEX2[5]" is stuck at VCC
    Warning (13410): Pin "HEX2[6]" is stuck at VCC
    Warning (13410): Pin "HEX3[0]" is stuck at VCC
    Warning (13410): Pin "HEX3[1]" is stuck at VCC
    Warning (13410): Pin "HEX3[2]" is stuck at VCC
    Warning (13410): Pin "HEX3[3]" is stuck at VCC
    Warning (13410): Pin "HEX3[4]" is stuck at VCC
    Warning (13410): Pin "HEX3[5]" is stuck at VCC
    Warning (13410): Pin "HEX3[6]" is stuck at VCC
    Warning (13410): Pin "HEX5[1]" is stuck at GND
    Warning (13410): Pin "HEX5[2]" is stuck at GND
    Warning (13410): Pin "HEX5[6]" is stuck at VCC
    Warning (13410): Pin "HEX7[1]" is stuck at GND
    Warning (13410): Pin "HEX7[2]" is stuck at GND
    Warning (13410): Pin "HEX7[6]" is stuck at VCC
    Warning (13410): Pin "LCD_BLON" is stuck at GND
    Warning (13410): Pin "LCD_EN" is stuck at GND
    Warning (13410): Pin "LCD_ON" is stuck at GND
    Warning (13410): Pin "LCD_RS" is stuck at GND
    Warning (13410): Pin "LCD_RW" is stuck at GND
    Warning (13410): Pin "UART_CTS" is stuck at GND
    Warning (13410): Pin "UART_TXD" is stuck at GND
    Warning (13410): Pin "SD_CLK" is stuck at GND
    Warning (13410): Pin "VGA_B[0]" is stuck at GND
    Warning (13410): Pin "VGA_B[1]" is stuck at GND
    Warning (13410): Pin "VGA_B[2]" is stuck at GND
    Warning (13410): Pin "VGA_B[3]" is stuck at GND
    Warning (13410): Pin "VGA_B[4]" is stuck at GND
    Warning (13410): Pin "VGA_B[5]" is stuck at GND
    Warning (13410): Pin "VGA_B[6]" is stuck at GND
    Warning (13410): Pin "VGA_B[7]" is stuck at GND
    Warning (13410): Pin "VGA_BLANK_N" is stuck at GND
    Warning (13410): Pin "VGA_CLK" is stuck at GND
    Warning (13410): Pin "VGA_G[0]" is stuck at GND
    Warning (13410): Pin "VGA_G[1]" is stuck at GND
    Warning (13410): Pin "VGA_G[2]" is stuck at GND
    Warning (13410): Pin "VGA_G[3]" is stuck at GND
    Warning (13410): Pin "VGA_G[4]" is stuck at GND
    Warning (13410): Pin "VGA_G[5]" is stuck at GND
    Warning (13410): Pin "VGA_G[6]" is stuck at GND
    Warning (13410): Pin "VGA_G[7]" is stuck at GND
    Warning (13410): Pin "VGA_HS" is stuck at GND
    Warning (13410): Pin "VGA_R[0]" is stuck at GND
    Warning (13410): Pin "VGA_R[1]" is stuck at GND
    Warning (13410): Pin "VGA_R[2]" is stuck at GND
    Warning (13410): Pin "VGA_R[3]" is stuck at GND
    Warning (13410): Pin "VGA_R[4]" is stuck at GND
    Warning (13410): Pin "VGA_R[5]" is stuck at GND
    Warning (13410): Pin "VGA_R[6]" is stuck at GND
    Warning (13410): Pin "VGA_R[7]" is stuck at GND
    Warning (13410): Pin "VGA_SYNC_N" is stuck at GND
    Warning (13410): Pin "VGA_VS" is stuck at GND
    Warning (13410): Pin "EEP_I2C_SCLK" is stuck at GND
    Warning (13410): Pin "ENET0_GTX_CLK" is stuck at GND
    Warning (13410): Pin "ENET0_MDC" is stuck at GND
    Warning (13410): Pin "ENET0_RST_N" is stuck at GND
    Warning (13410): Pin "ENET0_TX_DATA[0]" is stuck at GND
    Warning (13410): Pin "ENET0_TX_DATA[1]" is stuck at GND
    Warning (13410): Pin "ENET0_TX_DATA[2]" is stuck at GND
    Warning (13410): Pin "ENET0_TX_DATA[3]" is stuck at GND
    Warning (13410): Pin "ENET0_TX_EN" is stuck at GND
    Warning (13410): Pin "ENET0_TX_ER" is stuck at GND
    Warning (13410): Pin "ENET1_GTX_CLK" is stuck at GND
    Warning (13410): Pin "ENET1_MDC" is stuck at GND
    Warning (13410): Pin "ENET1_RST_N" is stuck at GND
    Warning (13410): Pin "ENET1_TX_DATA[0]" is stuck at GND
    Warning (13410): Pin "ENET1_TX_DATA[1]" is stuck at GND
    Warning (13410): Pin "ENET1_TX_DATA[2]" is stuck at GND
    Warning (13410): Pin "ENET1_TX_DATA[3]" is stuck at GND
    Warning (13410): Pin "ENET1_TX_EN" is stuck at GND
    Warning (13410): Pin "ENET1_TX_ER" is stuck at GND
    Warning (13410): Pin "TD_RESET_N" is stuck at GND
    Warning (13410): Pin "OTG_ADDR[0]" is stuck at GND
    Warning (13410): Pin "OTG_ADDR[1]" is stuck at GND
    Warning (13410): Pin "OTG_CS_N" is stuck at GND
    Warning (13410): Pin "OTG_WR_N" is stuck at GND
    Warning (13410): Pin "OTG_RD_N" is stuck at GND
    Warning (13410): Pin "OTG_RST_N" is stuck at GND
    Warning (13410): Pin "DRAM_ADDR[0]" is stuck at GND
    Warning (13410): Pin "DRAM_ADDR[1]" is stuck at GND
    Warning (13410): Pin "DRAM_ADDR[2]" is stuck at GND
    Warning (13410): Pin "DRAM_ADDR[3]" is stuck at GND
    Warning (13410): Pin "DRAM_ADDR[4]" is stuck at GND
    Warning (13410): Pin "DRAM_ADDR[5]" is stuck at GND
    Warning (13410): Pin "DRAM_ADDR[6]" is stuck at GND
    Warning (13410): Pin "DRAM_ADDR[7]" is stuck at GND
    Warning (13410): Pin "DRAM_ADDR[8]" is stuck at GND
    Warning (13410): Pin "DRAM_ADDR[9]" is stuck at GND
    Warning (13410): Pin "DRAM_ADDR[10]" is stuck at GND
    Warning (13410): Pin "DRAM_ADDR[11]" is stuck at GND
    Warning (13410): Pin "DRAM_ADDR[12]" is stuck at GND
    Warning (13410): Pin "DRAM_BA[0]" is stuck at GND
    Warning (13410): Pin "DRAM_BA[1]" is stuck at GND
    Warning (13410): Pin "DRAM_CAS_N" is stuck at GND
    Warning (13410): Pin "DRAM_CKE" is stuck at GND
    Warning (13410): Pin "DRAM_CLK" is stuck at GND
    Warning (13410): Pin "DRAM_CS_N" is stuck at GND
    Warning (13410): Pin "DRAM_DQM[0]" is stuck at GND
    Warning (13410): Pin "DRAM_DQM[1]" is stuck at GND
    Warning (13410): Pin "DRAM_DQM[2]" is stuck at GND
    Warning (13410): Pin "DRAM_DQM[3]" is stuck at GND
    Warning (13410): Pin "DRAM_RAS_N" is stuck at GND
    Warning (13410): Pin "DRAM_WE_N" is stuck at GND
    Warning (13410): Pin "SRAM_ADDR[0]" is stuck at GND
    Warning (13410): Pin "SRAM_ADDR[1]" is stuck at GND
    Warning (13410): Pin "SRAM_ADDR[2]" is stuck at GND
    Warning (13410): Pin "SRAM_ADDR[3]" is stuck at GND
    Warning (13410): Pin "SRAM_ADDR[4]" is stuck at GND
    Warning (13410): Pin "SRAM_ADDR[5]" is stuck at GND
    Warning (13410): Pin "SRAM_ADDR[6]" is stuck at GND
    Warning (13410): Pin "SRAM_ADDR[7]" is stuck at GND
    Warning (13410): Pin "SRAM_ADDR[8]" is stuck at GND
    Warning (13410): Pin "SRAM_ADDR[9]" is stuck at GND
    Warning (13410): Pin "SRAM_ADDR[10]" is stuck at GND
    Warning (13410): Pin "SRAM_ADDR[11]" is stuck at GND
    Warning (13410): Pin "SRAM_ADDR[12]" is stuck at GND
    Warning (13410): Pin "SRAM_ADDR[13]" is stuck at GND
    Warning (13410): Pin "SRAM_ADDR[14]" is stuck at GND
    Warning (13410): Pin "SRAM_ADDR[15]" is stuck at GND
    Warning (13410): Pin "SRAM_ADDR[16]" is stuck at GND
    Warning (13410): Pin "SRAM_ADDR[17]" is stuck at GND
    Warning (13410): Pin "SRAM_ADDR[18]" is stuck at GND
    Warning (13410): Pin "SRAM_ADDR[19]" is stuck at GND
    Warning (13410): Pin "SRAM_CE_N" is stuck at GND
    Warning (13410): Pin "SRAM_LB_N" is stuck at GND
    Warning (13410): Pin "SRAM_OE_N" is stuck at GND
    Warning (13410): Pin "SRAM_UB_N" is stuck at GND
    Warning (13410): Pin "SRAM_WE_N" is stuck at GND
    Warning (13410): Pin "FL_ADDR[0]" is stuck at GND
    Warning (13410): Pin "FL_ADDR[1]" is stuck at GND
    Warning (13410): Pin "FL_ADDR[2]" is stuck at GND
    Warning (13410): Pin "FL_ADDR[3]" is stuck at GND
    Warning (13410): Pin "FL_ADDR[4]" is stuck at GND
    Warning (13410): Pin "FL_ADDR[5]" is stuck at GND
    Warning (13410): Pin "FL_ADDR[6]" is stuck at GND
    Warning (13410): Pin "FL_ADDR[7]" is stuck at GND
    Warning (13410): Pin "FL_ADDR[8]" is stuck at GND
    Warning (13410): Pin "FL_ADDR[9]" is stuck at GND
    Warning (13410): Pin "FL_ADDR[10]" is stuck at GND
    Warning (13410): Pin "FL_ADDR[11]" is stuck at GND
    Warning (13410): Pin "FL_ADDR[12]" is stuck at GND
    Warning (13410): Pin "FL_ADDR[13]" is stuck at GND
    Warning (13410): Pin "FL_ADDR[14]" is stuck at GND
    Warning (13410): Pin "FL_ADDR[15]" is stuck at GND
    Warning (13410): Pin "FL_ADDR[16]" is stuck at GND
    Warning (13410): Pin "FL_ADDR[17]" is stuck at GND
    Warning (13410): Pin "FL_ADDR[18]" is stuck at GND
    Warning (13410): Pin "FL_ADDR[19]" is stuck at GND
    Warning (13410): Pin "FL_ADDR[20]" is stuck at GND
    Warning (13410): Pin "FL_ADDR[21]" is stuck at GND
    Warning (13410): Pin "FL_ADDR[22]" is stuck at GND
    Warning (13410): Pin "FL_CE_N" is stuck at GND
    Warning (13410): Pin "FL_OE_N" is stuck at GND
    Warning (13410): Pin "FL_RST_N" is stuck at GND
    Warning (13410): Pin "FL_WE_N" is stuck at GND
    Warning (13410): Pin "FL_WP_N" is stuck at GND
    Warning (13410): Pin "HSMC_CLKOUT_P1" is stuck at GND
    Warning (13410): Pin "HSMC_CLKOUT_P2" is stuck at GND
    Warning (13410): Pin "HSMC_CLKOUT0" is stuck at GND
    Warning (13410): Pin "HSMC_TX_D_P[0]" is stuck at GND
    Warning (13410): Pin "HSMC_TX_D_P[1]" is stuck at GND
    Warning (13410): Pin "HSMC_TX_D_P[2]" is stuck at GND
    Warning (13410): Pin "HSMC_TX_D_P[3]" is stuck at GND
    Warning (13410): Pin "HSMC_TX_D_P[4]" is stuck at GND
    Warning (13410): Pin "HSMC_TX_D_P[5]" is stuck at GND
    Warning (13410): Pin "HSMC_TX_D_P[6]" is stuck at GND
    Warning (13410): Pin "HSMC_TX_D_P[7]" is stuck at GND
    Warning (13410): Pin "HSMC_TX_D_P[8]" is stuck at GND
    Warning (13410): Pin "HSMC_TX_D_P[9]" is stuck at GND
    Warning (13410): Pin "HSMC_TX_D_P[10]" is stuck at GND
    Warning (13410): Pin "HSMC_TX_D_P[11]" is stuck at GND
    Warning (13410): Pin "HSMC_TX_D_P[12]" is stuck at GND
    Warning (13410): Pin "HSMC_TX_D_P[13]" is stuck at GND
    Warning (13410): Pin "HSMC_TX_D_P[14]" is stuck at GND
    Warning (13410): Pin "HSMC_TX_D_P[15]" is stuck at GND
    Warning (13410): Pin "HSMC_TX_D_P[16]" is stuck at GND
Warning (332009): The launch and latch times for the relationship between source clock: pll0|altpll_0|sd1|pll7|clk[1] and destination clock: AUD_BCLK are outside of the legal time range. The relationship difference is correct, however the launch time is set to 0.
Warning (332009): The launch and latch times for the relationship between source clock: AUD_BCLK and destination clock: pll0|altpll_0|sd1|pll7|clk[1] are outside of the legal time range. The relationship difference is correct, however the launch time is set to 0.
Info (286030): Timing-Driven Synthesis is running
Warning (332009): The launch and latch times for the relationship between source clock: pll0|altpll_0|sd1|pll7|clk[1] and destination clock: AUD_BCLK are outside of the legal time range. The relationship difference is correct, however the launch time is set to 0.
Warning (332009): The launch and latch times for the relationship between source clock: AUD_BCLK and destination clock: pll0|altpll_0|sd1|pll7|clk[1] are outside of the legal time range. The relationship difference is correct, however the launch time is set to 0.
Warning (332009): The launch and latch times for the relationship between source clock: pll0|altpll_0|sd1|pll7|clk[1] and destination clock: AUD_BCLK are outside of the legal time range. The relationship difference is correct, however the launch time is set to 0.
Warning (332009): The launch and latch times for the relationship between source clock: AUD_BCLK and destination clock: pll0|altpll_0|sd1|pll7|clk[1] are outside of the legal time range. The relationship difference is correct, however the launch time is set to 0.
Info (17049): 15 registers lost all their fanouts during netlist optimizations.
Info (16010): Generating hard_block partition "hard_block:auto_generated_inst"
    Info (16011): Adding 1 node(s), including 0 DDIO, 1 PLL, 0 transceiver and 0 LCELL
Warning (21074): Design contains 71 input pin(s) that do not drive logic
    Warning (15610): No output dependent on input pin "CLOCK2_50"
    Warning (15610): No output dependent on input pin "CLOCK3_50"
    Warning (15610): No output dependent on input pin "ENETCLK_25"
    Warning (15610): No output dependent on input pin "SMA_CLKIN"
    Warning (15610): No output dependent on input pin "KEY[1]"
    Warning (15610): No output dependent on input pin "KEY[2]"
    Warning (15610): No output dependent on input pin "SW[16]"
    Warning (15610): No output dependent on input pin "SW[17]"
    Warning (15610): No output dependent on input pin "UART_RTS"
    Warning (15610): No output dependent on input pin "UART_RXD"
    Warning (15610): No output dependent on input pin "SD_WP_N"
    Warning (15610): No output dependent on input pin "ENET0_INT_N"
    Warning (15610): No output dependent on input pin "ENET0_MDIO"
    Warning (15610): No output dependent on input pin "ENET0_RX_CLK"
    Warning (15610): No output dependent on input pin "ENET0_RX_COL"
    Warning (15610): No output dependent on input pin "ENET0_RX_CRS"
    Warning (15610): No output dependent on input pin "ENET0_RX_DATA[0]"
    Warning (15610): No output dependent on input pin "ENET0_RX_DATA[1]"
    Warning (15610): No output dependent on input pin "ENET0_RX_DATA[2]"
    Warning (15610): No output dependent on input pin "ENET0_RX_DATA[3]"
    Warning (15610): No output dependent on input pin "ENET0_RX_DV"
    Warning (15610): No output dependent on input pin "ENET0_RX_ER"
    Warning (15610): No output dependent on input pin "ENET0_TX_CLK"
    Warning (15610): No output dependent on input pin "ENET0_LINK100"
    Warning (15610): No output dependent on input pin "ENET1_INT_N"
    Warning (15610): No output dependent on input pin "ENET1_MDIO"
    Warning (15610): No output dependent on input pin "ENET1_RX_CLK"
    Warning (15610): No output dependent on input pin "ENET1_RX_COL"
    Warning (15610): No output dependent on input pin "ENET1_RX_CRS"
    Warning (15610): No output dependent on input pin "ENET1_RX_DATA[0]"
    Warning (15610): No output dependent on input pin "ENET1_RX_DATA[1]"
    Warning (15610): No output dependent on input pin "ENET1_RX_DATA[2]"
    Warning (15610): No output dependent on input pin "ENET1_RX_DATA[3]"
    Warning (15610): No output dependent on input pin "ENET1_RX_DV"
    Warning (15610): No output dependent on input pin "ENET1_RX_ER"
    Warning (15610): No output dependent on input pin "ENET1_TX_CLK"
    Warning (15610): No output dependent on input pin "ENET1_LINK100"
    Warning (15610): No output dependent on input pin "TD_CLK27"
    Warning (15610): No output dependent on input pin "TD_DATA[0]"
    Warning (15610): No output dependent on input pin "TD_DATA[1]"
    Warning (15610): No output dependent on input pin "TD_DATA[2]"
    Warning (15610): No output dependent on input pin "TD_DATA[3]"
    Warning (15610): No output dependent on input pin "TD_DATA[4]"
    Warning (15610): No output dependent on input pin "TD_DATA[5]"
    Warning (15610): No output dependent on input pin "TD_DATA[6]"
    Warning (15610): No output dependent on input pin "TD_DATA[7]"
    Warning (15610): No output dependent on input pin "TD_HS"
    Warning (15610): No output dependent on input pin "TD_VS"
    Warning (15610): No output dependent on input pin "OTG_INT"
    Warning (15610): No output dependent on input pin "IRDA_RXD"
    Warning (15610): No output dependent on input pin "FL_RY"
    Warning (15610): No output dependent on input pin "HSMC_CLKIN_P1"
    Warning (15610): No output dependent on input pin "HSMC_CLKIN_P2"
    Warning (15610): No output dependent on input pin "HSMC_CLKIN0"
    Warning (15610): No output dependent on input pin "HSMC_RX_D_P[0]"
    Warning (15610): No output dependent on input pin "HSMC_RX_D_P[1]"
    Warning (15610): No output dependent on input pin "HSMC_RX_D_P[2]"
    Warning (15610): No output dependent on input pin "HSMC_RX_D_P[3]"
    Warning (15610): No output dependent on input pin "HSMC_RX_D_P[4]"
    Warning (15610): No output dependent on input pin "HSMC_RX_D_P[5]"
    Warning (15610): No output dependent on input pin "HSMC_RX_D_P[6]"
    Warning (15610): No output dependent on input pin "HSMC_RX_D_P[7]"
    Warning (15610): No output dependent on input pin "HSMC_RX_D_P[8]"
    Warning (15610): No output dependent on input pin "HSMC_RX_D_P[9]"
    Warning (15610): No output dependent on input pin "HSMC_RX_D_P[10]"
    Warning (15610): No output dependent on input pin "HSMC_RX_D_P[11]"
    Warning (15610): No output dependent on input pin "HSMC_RX_D_P[12]"
    Warning (15610): No output dependent on input pin "HSMC_RX_D_P[13]"
    Warning (15610): No output dependent on input pin "HSMC_RX_D_P[14]"
    Warning (15610): No output dependent on input pin "HSMC_RX_D_P[15]"
    Warning (15610): No output dependent on input pin "HSMC_RX_D_P[16]"
Info (21057): Implemented 6922 device resources after synthesis - the final resource count might be different
    Info (21058): Implemented 91 input pins
    Info (21059): Implemented 248 output pins
    Info (21060): Implemented 141 bidirectional pins
    Info (21061): Implemented 5981 logic cells
    Info (21064): Implemented 384 RAM segments
    Info (21065): Implemented 1 PLLs
    Info (21062): Implemented 76 DSP elements
Info: Quartus II 64-Bit Analysis & Synthesis was successful. 0 errors, 582 warnings
    Info: Peak virtual memory: 4978 megabytes
    Info: Processing ended: Thu Jun 18 01:55:32 2026
    Info: Elapsed time: 00:00:45
    Info: Total CPU time (on all processors): 00:00:50


