Partition Merge report for DE2_115
Wed Jun 03 20:08:30 2026
Quartus II 64-Bit Version 15.0.0 Build 145 04/22/2015 SJ Full Version


---------------------
; Table of Contents ;
---------------------
  1. Legal Notice
  2. Partition Merge Summary
  3. Partition Merge Netlist Types Used
  4. Connections to In-System Debugging Instance "auto_signaltap_0"
  5. Partition Merge Partition Statistics
  6. Partition Merge Partition Pin Processing
  7. Partition Merge Resource Usage Summary
  8. Partition Merge RAM Summary
  9. Partition Merge DSP Block Usage Summary
 10. Partition Merge Messages



----------------
; Legal Notice ;
----------------
Copyright (C) 1991-2015 Altera Corporation. All rights reserved.
Your use of Altera Corporation's design tools, logic functions 
and other software and tools, and its AMPP partner logic 
functions, and any output files from any of the foregoing 
(including device programming or simulation files), and any 
associated documentation or information are expressly subject 
to the terms and conditions of the Altera Program License 
Subscription Agreement, the Altera Quartus II License Agreement,
the Altera MegaCore Function License Agreement, or other 
applicable license agreement, including, without limitation, 
that your use is for the sole purpose of programming logic 
devices manufactured by Altera and sold by Altera or its 
authorized distributors.  Please refer to the applicable 
agreement for further details.



+----------------------------------------------------------------------------------+
; Partition Merge Summary                                                          ;
+------------------------------------+---------------------------------------------+
; Partition Merge Status             ; Successful - Wed Jun 03 20:08:30 2026       ;
; Quartus II 64-Bit Version          ; 15.0.0 Build 145 04/22/2015 SJ Full Version ;
; Revision Name                      ; DE2_115                                     ;
; Top-level Entity Name              ; DE2_115                                     ;
; Family                             ; Cyclone IV E                                ;
; Total logic elements               ; 3,597 / 114,480 ( 3 % )                     ;
;     Total combinational functions  ; 2,382 / 114,480 ( 2 % )                     ;
;     Dedicated logic registers      ; 1,823 / 114,480 ( 2 % )                     ;
; Total registers                    ; 1823                                        ;
; Total pins                         ; 518 / 529 ( 98 % )                          ;
; Total virtual pins                 ; 0                                           ;
; Total memory bits                  ; 303,616 / 3,981,312 ( 8 % )                 ;
; Embedded Multiplier 9-bit elements ; 4 / 532 ( < 1 % )                           ;
; Total PLLs                         ; 1 / 4 ( 25 % )                              ;
+------------------------------------+---------------------------------------------+


+-------------------------------------------------------------------------------------------------------------------------------+
; Partition Merge Netlist Types Used                                                                                            ;
+--------------------------------+----------------+-------------------+------------------------+--------------------------------+
; Partition Name                 ; Partition Type ; Netlist Type Used ; Netlist Type Requested ; Partition Contents             ;
+--------------------------------+----------------+-------------------+------------------------+--------------------------------+
; Top                            ; User-created   ; Post-Fit          ; Post-Fit               ;                                ;
; sld_hub:auto_hub               ; Auto-generated ; Post-Synthesis    ; Post-Synthesis         ; sld_hub:auto_hub               ;
; sld_signaltap:auto_signaltap_0 ; Auto-generated ; Post-Synthesis    ; Post-Synthesis         ; sld_signaltap:auto_signaltap_0 ;
; hard_block:auto_generated_inst ; Auto-generated ; Source File       ; Source File            ; hard_block:auto_generated_inst ;
+--------------------------------+----------------+-------------------+------------------------+--------------------------------+


+--------------------------------------------------------------------------------------------------------------------------------------------------------------------------------------------------------------------------------------------------------------------------------------------------------------------+
; Connections to In-System Debugging Instance "auto_signaltap_0"                                                                                                                                                                                                                                                     ;
+-------------------------------------+---------------+-----------+--------------------------------+-------------------+---------------------------------------+-----------------------------------------------------------------------------------------------------------------------------------------------------+
; Name                                ; Type          ; Status    ; Partition Name                 ; Netlist Type Used ; Actual Connection                     ; Details                                                                                                                                             ;
+-------------------------------------+---------------+-----------+--------------------------------+-------------------+---------------------------------------+-----------------------------------------------------------------------------------------------------------------------------------------------------+
; Top:top0|DSP:dsp|i_raw_data[0]      ; pre-synthesis ; connected ; Top                            ; post-fit          ; Top:top0|Recorder:recorder|data_r[0]  ; N/A                                                                                                                                                 ;
; Top:top0|DSP:dsp|i_raw_data[0]      ; pre-synthesis ; connected ; Top                            ; post-fit          ; Top:top0|Recorder:recorder|data_r[0]  ; N/A                                                                                                                                                 ;
; Top:top0|DSP:dsp|i_raw_data[10]     ; pre-synthesis ; connected ; Top                            ; post-fit          ; Top:top0|Recorder:recorder|data_r[10] ; N/A                                                                                                                                                 ;
; Top:top0|DSP:dsp|i_raw_data[10]     ; pre-synthesis ; connected ; Top                            ; post-fit          ; Top:top0|Recorder:recorder|data_r[10] ; N/A                                                                                                                                                 ;
; Top:top0|DSP:dsp|i_raw_data[11]     ; pre-synthesis ; connected ; Top                            ; post-fit          ; Top:top0|Recorder:recorder|data_r[11] ; N/A                                                                                                                                                 ;
; Top:top0|DSP:dsp|i_raw_data[11]     ; pre-synthesis ; connected ; Top                            ; post-fit          ; Top:top0|Recorder:recorder|data_r[11] ; N/A                                                                                                                                                 ;
; Top:top0|DSP:dsp|i_raw_data[12]     ; pre-synthesis ; connected ; Top                            ; post-fit          ; Top:top0|Recorder:recorder|data_r[12] ; N/A                                                                                                                                                 ;
; Top:top0|DSP:dsp|i_raw_data[12]     ; pre-synthesis ; connected ; Top                            ; post-fit          ; Top:top0|Recorder:recorder|data_r[12] ; N/A                                                                                                                                                 ;
; Top:top0|DSP:dsp|i_raw_data[13]     ; pre-synthesis ; connected ; Top                            ; post-fit          ; Top:top0|Recorder:recorder|data_r[13] ; N/A                                                                                                                                                 ;
; Top:top0|DSP:dsp|i_raw_data[13]     ; pre-synthesis ; connected ; Top                            ; post-fit          ; Top:top0|Recorder:recorder|data_r[13] ; N/A                                                                                                                                                 ;
; Top:top0|DSP:dsp|i_raw_data[14]     ; pre-synthesis ; connected ; Top                            ; post-fit          ; Top:top0|Recorder:recorder|data_r[14] ; N/A                                                                                                                                                 ;
; Top:top0|DSP:dsp|i_raw_data[14]     ; pre-synthesis ; connected ; Top                            ; post-fit          ; Top:top0|Recorder:recorder|data_r[14] ; N/A                                                                                                                                                 ;
; Top:top0|DSP:dsp|i_raw_data[15]     ; pre-synthesis ; connected ; Top                            ; post-fit          ; Top:top0|Recorder:recorder|data_r[15] ; N/A                                                                                                                                                 ;
; Top:top0|DSP:dsp|i_raw_data[15]     ; pre-synthesis ; connected ; Top                            ; post-fit          ; Top:top0|Recorder:recorder|data_r[15] ; N/A                                                                                                                                                 ;
; Top:top0|DSP:dsp|i_raw_data[1]      ; pre-synthesis ; connected ; Top                            ; post-fit          ; Top:top0|Recorder:recorder|data_r[1]  ; N/A                                                                                                                                                 ;
; Top:top0|DSP:dsp|i_raw_data[1]      ; pre-synthesis ; connected ; Top                            ; post-fit          ; Top:top0|Recorder:recorder|data_r[1]  ; N/A                                                                                                                                                 ;
; Top:top0|DSP:dsp|i_raw_data[2]      ; pre-synthesis ; connected ; Top                            ; post-fit          ; Top:top0|Recorder:recorder|data_r[2]  ; N/A                                                                                                                                                 ;
; Top:top0|DSP:dsp|i_raw_data[2]      ; pre-synthesis ; connected ; Top                            ; post-fit          ; Top:top0|Recorder:recorder|data_r[2]  ; N/A                                                                                                                                                 ;
; Top:top0|DSP:dsp|i_raw_data[3]      ; pre-synthesis ; connected ; Top                            ; post-fit          ; Top:top0|Recorder:recorder|data_r[3]  ; N/A                                                                                                                                                 ;
; Top:top0|DSP:dsp|i_raw_data[3]      ; pre-synthesis ; connected ; Top                            ; post-fit          ; Top:top0|Recorder:recorder|data_r[3]  ; N/A                                                                                                                                                 ;
; Top:top0|DSP:dsp|i_raw_data[4]      ; pre-synthesis ; connected ; Top                            ; post-fit          ; Top:top0|Recorder:recorder|data_r[4]  ; N/A                                                                                                                                                 ;
; Top:top0|DSP:dsp|i_raw_data[4]      ; pre-synthesis ; connected ; Top                            ; post-fit          ; Top:top0|Recorder:recorder|data_r[4]  ; N/A                                                                                                                                                 ;
; Top:top0|DSP:dsp|i_raw_data[5]      ; pre-synthesis ; connected ; Top                            ; post-fit          ; Top:top0|Recorder:recorder|data_r[5]  ; N/A                                                                                                                                                 ;
; Top:top0|DSP:dsp|i_raw_data[5]      ; pre-synthesis ; connected ; Top                            ; post-fit          ; Top:top0|Recorder:recorder|data_r[5]  ; N/A                                                                                                                                                 ;
; Top:top0|DSP:dsp|i_raw_data[6]      ; pre-synthesis ; connected ; Top                            ; post-fit          ; Top:top0|Recorder:recorder|data_r[6]  ; N/A                                                                                                                                                 ;
; Top:top0|DSP:dsp|i_raw_data[6]      ; pre-synthesis ; connected ; Top                            ; post-fit          ; Top:top0|Recorder:recorder|data_r[6]  ; N/A                                                                                                                                                 ;
; Top:top0|DSP:dsp|i_raw_data[7]      ; pre-synthesis ; connected ; Top                            ; post-fit          ; Top:top0|Recorder:recorder|data_r[7]  ; N/A                                                                                                                                                 ;
; Top:top0|DSP:dsp|i_raw_data[7]      ; pre-synthesis ; connected ; Top                            ; post-fit          ; Top:top0|Recorder:recorder|data_r[7]  ; N/A                                                                                                                                                 ;
; Top:top0|DSP:dsp|i_raw_data[8]      ; pre-synthesis ; connected ; Top                            ; post-fit          ; Top:top0|Recorder:recorder|data_r[8]  ; N/A                                                                                                                                                 ;
; Top:top0|DSP:dsp|i_raw_data[8]      ; pre-synthesis ; connected ; Top                            ; post-fit          ; Top:top0|Recorder:recorder|data_r[8]  ; N/A                                                                                                                                                 ;
; Top:top0|DSP:dsp|i_raw_data[9]      ; pre-synthesis ; connected ; Top                            ; post-fit          ; Top:top0|Recorder:recorder|data_r[9]  ; N/A                                                                                                                                                 ;
; Top:top0|DSP:dsp|i_raw_data[9]      ; pre-synthesis ; connected ; Top                            ; post-fit          ; Top:top0|Recorder:recorder|data_r[9]  ; N/A                                                                                                                                                 ;
; Top:top0|DSP:dsp|processed_data[0]  ; pre-synthesis ; missing   ; Top                            ; post-fit          ; GND                                   ; The pre-synthesis tap must be preserved by Analysis & Synthesis before it can be tapped.  Set the partition's netlist type to Source and recompile. ;
; Top:top0|DSP:dsp|processed_data[0]  ; pre-synthesis ; missing   ; Top                            ; post-fit          ; GND                                   ; The pre-synthesis tap must be preserved by Analysis & Synthesis before it can be tapped.  Set the partition's netlist type to Source and recompile. ;
; Top:top0|DSP:dsp|processed_data[10] ; pre-synthesis ; missing   ; Top                            ; post-fit          ; GND                                   ; The pre-synthesis tap must be preserved by Analysis & Synthesis before it can be tapped.  Set the partition's netlist type to Source and recompile. ;
; Top:top0|DSP:dsp|processed_data[10] ; pre-synthesis ; missing   ; Top                            ; post-fit          ; GND                                   ; The pre-synthesis tap must be preserved by Analysis & Synthesis before it can be tapped.  Set the partition's netlist type to Source and recompile. ;
; Top:top0|DSP:dsp|processed_data[11] ; pre-synthesis ; missing   ; Top                            ; post-fit          ; GND                                   ; The pre-synthesis tap must be preserved by Analysis & Synthesis before it can be tapped.  Set the partition's netlist type to Source and recompile. ;
; Top:top0|DSP:dsp|processed_data[11] ; pre-synthesis ; missing   ; Top                            ; post-fit          ; GND                                   ; The pre-synthesis tap must be preserved by Analysis & Synthesis before it can be tapped.  Set the partition's netlist type to Source and recompile. ;
; Top:top0|DSP:dsp|processed_data[12] ; pre-synthesis ; missing   ; Top                            ; post-fit          ; GND                                   ; The pre-synthesis tap must be preserved by Analysis & Synthesis before it can be tapped.  Set the partition's netlist type to Source and recompile. ;
; Top:top0|DSP:dsp|processed_data[12] ; pre-synthesis ; missing   ; Top                            ; post-fit          ; GND                                   ; The pre-synthesis tap must be preserved by Analysis & Synthesis before it can be tapped.  Set the partition's netlist type to Source and recompile. ;
; Top:top0|DSP:dsp|processed_data[13] ; pre-synthesis ; missing   ; Top                            ; post-fit          ; GND                                   ; The pre-synthesis tap must be preserved by Analysis & Synthesis before it can be tapped.  Set the partition's netlist type to Source and recompile. ;
; Top:top0|DSP:dsp|processed_data[13] ; pre-synthesis ; missing   ; Top                            ; post-fit          ; GND                                   ; The pre-synthesis tap must be preserved by Analysis & Synthesis before it can be tapped.  Set the partition's netlist type to Source and recompile. ;
; Top:top0|DSP:dsp|processed_data[14] ; pre-synthesis ; missing   ; Top                            ; post-fit          ; GND                                   ; The pre-synthesis tap must be preserved by Analysis & Synthesis before it can be tapped.  Set the partition's netlist type to Source and recompile. ;
; Top:top0|DSP:dsp|processed_data[14] ; pre-synthesis ; missing   ; Top                            ; post-fit          ; GND                                   ; The pre-synthesis tap must be preserved by Analysis & Synthesis before it can be tapped.  Set the partition's netlist type to Source and recompile. ;
; Top:top0|DSP:dsp|processed_data[15] ; pre-synthesis ; missing   ; Top                            ; post-fit          ; GND                                   ; The pre-synthesis tap must be preserved by Analysis & Synthesis before it can be tapped.  Set the partition's netlist type to Source and recompile. ;
; Top:top0|DSP:dsp|processed_data[15] ; pre-synthesis ; missing   ; Top                            ; post-fit          ; GND                                   ; The pre-synthesis tap must be preserved by Analysis & Synthesis before it can be tapped.  Set the partition's netlist type to Source and recompile. ;
; Top:top0|DSP:dsp|processed_data[1]  ; pre-synthesis ; missing   ; Top                            ; post-fit          ; GND                                   ; The pre-synthesis tap must be preserved by Analysis & Synthesis before it can be tapped.  Set the partition's netlist type to Source and recompile. ;
; Top:top0|DSP:dsp|processed_data[1]  ; pre-synthesis ; missing   ; Top                            ; post-fit          ; GND                                   ; The pre-synthesis tap must be preserved by Analysis & Synthesis before it can be tapped.  Set the partition's netlist type to Source and recompile. ;
; Top:top0|DSP:dsp|processed_data[2]  ; pre-synthesis ; missing   ; Top                            ; post-fit          ; GND                                   ; The pre-synthesis tap must be preserved by Analysis & Synthesis before it can be tapped.  Set the partition's netlist type to Source and recompile. ;
; Top:top0|DSP:dsp|processed_data[2]  ; pre-synthesis ; missing   ; Top                            ; post-fit          ; GND                                   ; The pre-synthesis tap must be preserved by Analysis & Synthesis before it can be tapped.  Set the partition's netlist type to Source and recompile. ;
; Top:top0|DSP:dsp|processed_data[3]  ; pre-synthesis ; missing   ; Top                            ; post-fit          ; GND                                   ; The pre-synthesis tap must be preserved by Analysis & Synthesis before it can be tapped.  Set the partition's netlist type to Source and recompile. ;
; Top:top0|DSP:dsp|processed_data[3]  ; pre-synthesis ; missing   ; Top                            ; post-fit          ; GND                                   ; The pre-synthesis tap must be preserved by Analysis & Synthesis before it can be tapped.  Set the partition's netlist type to Source and recompile. ;
; Top:top0|DSP:dsp|processed_data[4]  ; pre-synthesis ; missing   ; Top                            ; post-fit          ; GND                                   ; The pre-synthesis tap must be preserved by Analysis & Synthesis before it can be tapped.  Set the partition's netlist type to Source and recompile. ;
; Top:top0|DSP:dsp|processed_data[4]  ; pre-synthesis ; missing   ; Top                            ; post-fit          ; GND                                   ; The pre-synthesis tap must be preserved by Analysis & Synthesis before it can be tapped.  Set the partition's netlist type to Source and recompile. ;
; Top:top0|DSP:dsp|processed_data[5]  ; pre-synthesis ; missing   ; Top                            ; post-fit          ; GND                                   ; The pre-synthesis tap must be preserved by Analysis & Synthesis before it can be tapped.  Set the partition's netlist type to Source and recompile. ;
; Top:top0|DSP:dsp|processed_data[5]  ; pre-synthesis ; missing   ; Top                            ; post-fit          ; GND                                   ; The pre-synthesis tap must be preserved by Analysis & Synthesis before it can be tapped.  Set the partition's netlist type to Source and recompile. ;
; Top:top0|DSP:dsp|processed_data[6]  ; pre-synthesis ; missing   ; Top                            ; post-fit          ; GND                                   ; The pre-synthesis tap must be preserved by Analysis & Synthesis before it can be tapped.  Set the partition's netlist type to Source and recompile. ;
; Top:top0|DSP:dsp|processed_data[6]  ; pre-synthesis ; missing   ; Top                            ; post-fit          ; GND                                   ; The pre-synthesis tap must be preserved by Analysis & Synthesis before it can be tapped.  Set the partition's netlist type to Source and recompile. ;
; Top:top0|DSP:dsp|processed_data[7]  ; pre-synthesis ; missing   ; Top                            ; post-fit          ; GND                                   ; The pre-synthesis tap must be preserved by Analysis & Synthesis before it can be tapped.  Set the partition's netlist type to Source and recompile. ;
; Top:top0|DSP:dsp|processed_data[7]  ; pre-synthesis ; missing   ; Top                            ; post-fit          ; GND                                   ; The pre-synthesis tap must be preserved by Analysis & Synthesis before it can be tapped.  Set the partition's netlist type to Source and recompile. ;
; Top:top0|DSP:dsp|processed_data[8]  ; pre-synthesis ; missing   ; Top                            ; post-fit          ; GND                                   ; The pre-synthesis tap must be preserved by Analysis & Synthesis before it can be tapped.  Set the partition's netlist type to Source and recompile. ;
; Top:top0|DSP:dsp|processed_data[8]  ; pre-synthesis ; missing   ; Top                            ; post-fit          ; GND                                   ; The pre-synthesis tap must be preserved by Analysis & Synthesis before it can be tapped.  Set the partition's netlist type to Source and recompile. ;
; Top:top0|DSP:dsp|processed_data[9]  ; pre-synthesis ; missing   ; Top                            ; post-fit          ; GND                                   ; The pre-synthesis tap must be preserved by Analysis & Synthesis before it can be tapped.  Set the partition's netlist type to Source and recompile. ;
; Top:top0|DSP:dsp|processed_data[9]  ; pre-synthesis ; missing   ; Top                            ; post-fit          ; GND                                   ; The pre-synthesis tap must be preserved by Analysis & Synthesis before it can be tapped.  Set the partition's netlist type to Source and recompile. ;
; AUD_ADCLRCK                         ; post-fitting  ; connected ; Top                            ; post-fit          ; AUD_ADCLRCK~input                     ; N/A                                                                                                                                                 ;
; AUD_ADCLRCK                         ; post-fitting  ; connected ; Top                            ; post-fit          ; AUD_ADCLRCK~input                     ; N/A                                                                                                                                                 ;
; AUD_ADCLRCK~input                   ; post-fitting  ; connected ; Top                            ; post-fit          ; AUD_ADCLRCK~input                     ; N/A                                                                                                                                                 ;
; AUD_ADCLRCK~input                   ; post-fitting  ; connected ; Top                            ; post-fit          ; AUD_ADCLRCK~input                     ; N/A                                                                                                                                                 ;
; AUD_BCLK                            ; post-fitting  ; connected ; Top                            ; post-fit          ; AUD_BCLK~input                        ; N/A                                                                                                                                                 ;
; AUD_BCLK                            ; post-fitting  ; connected ; Top                            ; post-fit          ; AUD_BCLK~input                        ; N/A                                                                                                                                                 ;
; AUD_BCLK~input                      ; post-fitting  ; connected ; Top                            ; post-fit          ; AUD_BCLK~input                        ; N/A                                                                                                                                                 ;
; AUD_BCLK~input                      ; post-fitting  ; connected ; Top                            ; post-fit          ; AUD_BCLK~input                        ; N/A                                                                                                                                                 ;
; AUD_DACLRCK                         ; post-fitting  ; connected ; Top                            ; post-fit          ; AUD_DACLRCK~input                     ; N/A                                                                                                                                                 ;
; AUD_DACLRCK                         ; post-fitting  ; connected ; Top                            ; post-fit          ; AUD_DACLRCK~input                     ; N/A                                                                                                                                                 ;
; CLOCK_50                            ; post-fitting  ; connected ; Top                            ; post-fit          ; CLOCK_50~input                        ; N/A                                                                                                                                                 ;
; auto_signaltap_0|gnd                ; post-fitting  ; connected ; sld_signaltap:auto_signaltap_0 ; post-synthesis    ; sld_signaltap:auto_signaltap_0|~GND   ; N/A                                                                                                                                                 ;
; auto_signaltap_0|gnd                ; post-fitting  ; connected ; sld_signaltap:auto_signaltap_0 ; post-synthesis    ; sld_signaltap:auto_signaltap_0|~GND   ; N/A                                                                                                                                                 ;
; auto_signaltap_0|gnd                ; post-fitting  ; connected ; sld_signaltap:auto_signaltap_0 ; post-synthesis    ; sld_signaltap:auto_signaltap_0|~GND   ; N/A                                                                                                                                                 ;
; auto_signaltap_0|gnd                ; post-fitting  ; connected ; sld_signaltap:auto_signaltap_0 ; post-synthesis    ; sld_signaltap:auto_signaltap_0|~GND   ; N/A                                                                                                                                                 ;
; auto_signaltap_0|gnd                ; post-fitting  ; connected ; sld_signaltap:auto_signaltap_0 ; post-synthesis    ; sld_signaltap:auto_signaltap_0|~GND   ; N/A                                                                                                                                                 ;
; auto_signaltap_0|gnd                ; post-fitting  ; connected ; sld_signaltap:auto_signaltap_0 ; post-synthesis    ; sld_signaltap:auto_signaltap_0|~GND   ; N/A                                                                                                                                                 ;
; auto_signaltap_0|gnd                ; post-fitting  ; connected ; sld_signaltap:auto_signaltap_0 ; post-synthesis    ; sld_signaltap:auto_signaltap_0|~GND   ; N/A                                                                                                                                                 ;
; auto_signaltap_0|gnd                ; post-fitting  ; connected ; sld_signaltap:auto_signaltap_0 ; post-synthesis    ; sld_signaltap:auto_signaltap_0|~GND   ; N/A                                                                                                                                                 ;
; auto_signaltap_0|gnd                ; post-fitting  ; connected ; sld_signaltap:auto_signaltap_0 ; post-synthesis    ; sld_signaltap:auto_signaltap_0|~GND   ; N/A                                                                                                                                                 ;
; auto_signaltap_0|gnd                ; post-fitting  ; connected ; sld_signaltap:auto_signaltap_0 ; post-synthesis    ; sld_signaltap:auto_signaltap_0|~GND   ; N/A                                                                                                                                                 ;
; auto_signaltap_0|gnd                ; post-fitting  ; connected ; sld_signaltap:auto_signaltap_0 ; post-synthesis    ; sld_signaltap:auto_signaltap_0|~GND   ; N/A                                                                                                                                                 ;
; auto_signaltap_0|gnd                ; post-fitting  ; connected ; sld_signaltap:auto_signaltap_0 ; post-synthesis    ; sld_signaltap:auto_signaltap_0|~GND   ; N/A                                                                                                                                                 ;
; auto_signaltap_0|vcc                ; post-fitting  ; connected ; sld_signaltap:auto_signaltap_0 ; post-synthesis    ; sld_signaltap:auto_signaltap_0|~VCC   ; N/A                                                                                                                                                 ;
; auto_signaltap_0|vcc                ; post-fitting  ; connected ; sld_signaltap:auto_signaltap_0 ; post-synthesis    ; sld_signaltap:auto_signaltap_0|~VCC   ; N/A                                                                                                                                                 ;
; auto_signaltap_0|vcc                ; post-fitting  ; connected ; sld_signaltap:auto_signaltap_0 ; post-synthesis    ; sld_signaltap:auto_signaltap_0|~VCC   ; N/A                                                                                                                                                 ;
; auto_signaltap_0|vcc                ; post-fitting  ; connected ; sld_signaltap:auto_signaltap_0 ; post-synthesis    ; sld_signaltap:auto_signaltap_0|~VCC   ; N/A                                                                                                                                                 ;
; auto_signaltap_0|vcc                ; post-fitting  ; connected ; sld_signaltap:auto_signaltap_0 ; post-synthesis    ; sld_signaltap:auto_signaltap_0|~VCC   ; N/A                                                                                                                                                 ;
; auto_signaltap_0|vcc                ; post-fitting  ; connected ; sld_signaltap:auto_signaltap_0 ; post-synthesis    ; sld_signaltap:auto_signaltap_0|~VCC   ; N/A                                                                                                                                                 ;
; auto_signaltap_0|vcc                ; post-fitting  ; connected ; sld_signaltap:auto_signaltap_0 ; post-synthesis    ; sld_signaltap:auto_signaltap_0|~VCC   ; N/A                                                                                                                                                 ;
; auto_signaltap_0|vcc                ; post-fitting  ; connected ; sld_signaltap:auto_signaltap_0 ; post-synthesis    ; sld_signaltap:auto_signaltap_0|~VCC   ; N/A                                                                                                                                                 ;
; auto_signaltap_0|vcc                ; post-fitting  ; connected ; sld_signaltap:auto_signaltap_0 ; post-synthesis    ; sld_signaltap:auto_signaltap_0|~VCC   ; N/A                                                                                                                                                 ;
; auto_signaltap_0|vcc                ; post-fitting  ; connected ; sld_signaltap:auto_signaltap_0 ; post-synthesis    ; sld_signaltap:auto_signaltap_0|~VCC   ; N/A                                                                                                                                                 ;
; auto_signaltap_0|vcc                ; post-fitting  ; connected ; sld_signaltap:auto_signaltap_0 ; post-synthesis    ; sld_signaltap:auto_signaltap_0|~VCC   ; N/A                                                                                                                                                 ;
; auto_signaltap_0|vcc                ; post-fitting  ; connected ; sld_signaltap:auto_signaltap_0 ; post-synthesis    ; sld_signaltap:auto_signaltap_0|~VCC   ; N/A                                                                                                                                                 ;
; auto_signaltap_0|vcc                ; post-fitting  ; connected ; sld_signaltap:auto_signaltap_0 ; post-synthesis    ; sld_signaltap:auto_signaltap_0|~VCC   ; N/A                                                                                                                                                 ;
; auto_signaltap_0|vcc                ; post-fitting  ; connected ; sld_signaltap:auto_signaltap_0 ; post-synthesis    ; sld_signaltap:auto_signaltap_0|~VCC   ; N/A                                                                                                                                                 ;
; auto_signaltap_0|vcc                ; post-fitting  ; connected ; sld_signaltap:auto_signaltap_0 ; post-synthesis    ; sld_signaltap:auto_signaltap_0|~VCC   ; N/A                                                                                                                                                 ;
; auto_signaltap_0|vcc                ; post-fitting  ; connected ; sld_signaltap:auto_signaltap_0 ; post-synthesis    ; sld_signaltap:auto_signaltap_0|~VCC   ; N/A                                                                                                                                                 ;
; auto_signaltap_0|vcc                ; post-fitting  ; connected ; sld_signaltap:auto_signaltap_0 ; post-synthesis    ; sld_signaltap:auto_signaltap_0|~VCC   ; N/A                                                                                                                                                 ;
; auto_signaltap_0|vcc                ; post-fitting  ; connected ; sld_signaltap:auto_signaltap_0 ; post-synthesis    ; sld_signaltap:auto_signaltap_0|~VCC   ; N/A                                                                                                                                                 ;
; auto_signaltap_0|vcc                ; post-fitting  ; connected ; sld_signaltap:auto_signaltap_0 ; post-synthesis    ; sld_signaltap:auto_signaltap_0|~VCC   ; N/A                                                                                                                                                 ;
; auto_signaltap_0|vcc                ; post-fitting  ; connected ; sld_signaltap:auto_signaltap_0 ; post-synthesis    ; sld_signaltap:auto_signaltap_0|~VCC   ; N/A                                                                                                                                                 ;
+-------------------------------------+---------------+-----------+--------------------------------+-------------------+---------------------------------------+-----------------------------------------------------------------------------------------------------------------------------------------------------+


+-----------------------------------------------------------------------------------------------------------------------------------------------------------------+
; Partition Merge Partition Statistics                                                                                                                            ;
+---------------------------------------------+------------------------+------------------------+--------------------------------+--------------------------------+
; Statistic                                   ; Top                    ; sld_hub:auto_hub       ; sld_signaltap:auto_signaltap_0 ; hard_block:auto_generated_inst ;
+---------------------------------------------+------------------------+------------------------+--------------------------------+--------------------------------+
; Estimated Total logic elements              ; 2436 / 114480 ( 2 % )  ; 147 / 114480 ( < 1 % ) ; 1015 / 114480 ( < 1 % )        ; 0 / 114480 ( 0 % )             ;
;                                             ;                        ;                        ;                                ;                                ;
; Total combinational functions               ; 1759                   ; 121                    ; 502                            ; 0                              ;
; Logic element usage by number of LUT inputs ;                        ;                        ;                                ;                                ;
;     -- 4 input functions                    ; 966                    ; 50                     ; 207                            ; 0                              ;
;     -- 3 input functions                    ; 430                    ; 35                     ; 156                            ; 0                              ;
;     -- <=2 input functions                  ; 363                    ; 36                     ; 139                            ; 0                              ;
;                                             ;                        ;                        ;                                ;                                ;
; Logic elements by mode                      ;                        ;                        ;                                ;                                ;
;     -- normal mode                          ; 1359                   ; 113                    ; 410                            ; 0                              ;
;     -- arithmetic mode                      ; 400                    ; 8                      ; 92                             ; 0                              ;
;                                             ;                        ;                        ;                                ;                                ;
; Total registers                             ; 901                    ; 90                     ; 832                            ; 0                              ;
;     -- Dedicated logic registers            ; 901 / 114480 ( < 1 % ) ; 90 / 114480 ( < 1 % )  ; 832 / 114480 ( < 1 % )         ; 0 / 114480 ( 0 % )             ;
;     -- I/O registers                        ; 0                      ; 0                      ; 0                              ; 0                              ;
;                                             ;                        ;                        ;                                ;                                ;
; Virtual pins                                ; 0                      ; 0                      ; 0                              ; 0                              ;
; I/O pins                                    ; 518                    ; 0                      ; 0                              ; 0                              ;
; Embedded Multiplier 9-bit elements          ; 4 / 532 ( < 1 % )      ; 0 / 532 ( 0 % )        ; 0 / 532 ( 0 % )                ; 0 / 532 ( 0 % )                ;
; Total memory bits                           ; 512                    ; 0                      ; 303104                         ; 0                              ;
; Total RAM block bits                        ; 18432                  ; 0                      ; 340992                         ; 0                              ;
; JTAG                                        ; 1 / 1 ( 100 % )        ; 0 / 1 ( 0 % )          ; 0 / 1 ( 0 % )                  ; 0 / 1 ( 0 % )                  ;
; PLL                                         ; 0 / 4 ( 0 % )          ; 0 / 4 ( 0 % )          ; 0 / 4 ( 0 % )                  ; 1 / 4 ( 25 % )                 ;
; M9K                                         ; 2 / 432 ( < 1 % )      ; 0 / 432 ( 0 % )        ; 37 / 432 ( 8 % )               ; 0 / 432 ( 0 % )                ;
;                                             ;                        ;                        ;                                ;                                ;
; Connections                                 ;                        ;                        ;                                ;                                ;
;     -- Input Connections                    ; 161                    ; 133                    ; 1196                           ; 1                              ;
;     -- Registered Input Connections         ; 18                     ; 101                    ; 942                            ; 0                              ;
;     -- Output Connections                   ; 1249                   ; 189                    ; 34                             ; 19                             ;
;     -- Registered Output Connections        ; 32                     ; 188                    ; 0                              ; 0                              ;
;                                             ;                        ;                        ;                                ;                                ;
; Internal Connections                        ;                        ;                        ;                                ;                                ;
;     -- Total Connections                    ; 10908                  ; 855                    ; 5262                           ; 21                             ;
;     -- Registered Connections               ; 2532                   ; 634                    ; 3655                           ; 0                              ;
;                                             ;                        ;                        ;                                ;                                ;
; External Connections                        ;                        ;                        ;                                ;                                ;
;     -- Top                                  ; 282                    ; 122                    ; 986                            ; 20                             ;
;     -- sld_hub:auto_hub                     ; 122                    ; 20                     ; 180                            ; 0                              ;
;     -- sld_signaltap:auto_signaltap_0       ; 986                    ; 180                    ; 64                             ; 0                              ;
;     -- hard_block:auto_generated_inst       ; 20                     ; 0                      ; 0                              ; 0                              ;
;                                             ;                        ;                        ;                                ;                                ;
; Partition Interface                         ;                        ;                        ;                                ;                                ;
;     -- Input Ports                          ; 94                     ; 44                     ; 179                            ; 1                              ;
;     -- Output Ports                         ; 265                    ; 62                     ; 89                             ; 2                              ;
;     -- Bidir Ports                          ; 141                    ; 0                      ; 0                              ; 0                              ;
;                                             ;                        ;                        ;                                ;                                ;
; Registered Ports                            ;                        ;                        ;                                ;                                ;
;     -- Registered Input Ports               ; 0                      ; 4                      ; 80                             ; 0                              ;
;     -- Registered Output Ports              ; 0                      ; 28                     ; 75                             ; 0                              ;
;                                             ;                        ;                        ;                                ;                                ;
; Port Connectivity                           ;                        ;                        ;                                ;                                ;
;     -- Input Ports driven by GND            ; 0                      ; 0                      ; 44                             ; 0                              ;
;     -- Output Ports driven by GND           ; 0                      ; 28                     ; 2                              ; 0                              ;
;     -- Input Ports driven by VCC            ; 0                      ; 0                      ; 20                             ; 0                              ;
;     -- Output Ports driven by VCC           ; 0                      ; 0                      ; 1                              ; 0                              ;
;     -- Input Ports with no Source           ; 0                      ; 24                     ; 40                             ; 0                              ;
;     -- Output Ports with no Source          ; 0                      ; 0                      ; 0                              ; 0                              ;
;     -- Input Ports with no Fanout           ; 0                      ; 29                     ; 54                             ; 0                              ;
;     -- Output Ports with no Fanout          ; 0                      ; 29                     ; 77                             ; 0                              ;
+---------------------------------------------+------------------------+------------------------+--------------------------------+--------------------------------+
Note: Resource usage numbers presented for Partitions containing post-synthesis logic are estimates.  For Partitions containing post-fit logic, resource usage numbers are accurate based on previous placement information.  Actual Fitter results may vary depending on current Fitter Preservation Level assignments.


+------------------------------------------------------------------------------------------------------------------------------------+
; Partition Merge Partition Pin Processing                                                                                           ;
+------------------------------------+-----------+---------------+---------------------+---------------------------------------------+
; Name                               ; Partition ; Type          ; Location            ; Status                                      ;
+------------------------------------+-----------+---------------+---------------------+---------------------------------------------+
; AUD_ADCDAT                         ; Top       ; Input Port    ; n/a                 ;                                             ;
;     -- AUD_ADCDAT                  ; Top       ; Input Pad     ; IOPAD_X0_Y68_N0     ; Preserved from Post-Fit or Imported Netlist ;
;     -- AUD_ADCDAT~input            ; Top       ; Input Buffer  ; IOIBUF_X0_Y68_N1    ; Preserved from Post-Fit or Imported Netlist ;
;                                    ;           ;               ;                     ;                                             ;
; AUD_ADCLRCK                        ; Top       ; Bidir Port    ; n/a                 ;                                             ;
;     -- AUD_ADCLRCK                 ; Top       ; Bidir Pad     ; IOPAD_X0_Y69_N7     ; Preserved from Post-Fit or Imported Netlist ;
;     -- AUD_ADCLRCK~output          ; Top       ; Output Buffer ; IOOBUF_X0_Y69_N9    ; Preserved from Post-Fit or Imported Netlist ;
;                                    ;           ;               ;                     ;                                             ;
; AUD_BCLK                           ; Top       ; Bidir Port    ; n/a                 ;                                             ;
;     -- AUD_BCLK                    ; Top       ; Bidir Pad     ; IOPAD_X0_Y60_N14    ; Preserved from Post-Fit or Imported Netlist ;
;     -- AUD_BCLK~output             ; Top       ; Output Buffer ; IOOBUF_X0_Y60_N16   ; Preserved from Post-Fit or Imported Netlist ;
;                                    ;           ;               ;                     ;                                             ;
; AUD_DACDAT                         ; Top       ; Output Port   ; n/a                 ;                                             ;
;     -- AUD_DACDAT                  ; Top       ; Output Pad    ; IOPAD_X0_Y68_N7     ; Preserved from Post-Fit or Imported Netlist ;
;     -- AUD_DACDAT~output           ; Top       ; Output Buffer ; IOOBUF_X0_Y68_N9    ; Preserved from Post-Fit or Imported Netlist ;
;                                    ;           ;               ;                     ;                                             ;
; AUD_DACLRCK                        ; Top       ; Bidir Port    ; n/a                 ;                                             ;
;     -- AUD_DACLRCK                 ; Top       ; Bidir Pad     ; IOPAD_X0_Y66_N14    ; Preserved from Post-Fit or Imported Netlist ;
;     -- AUD_DACLRCK~output          ; Top       ; Output Buffer ; IOOBUF_X0_Y66_N16   ; Preserved from Post-Fit or Imported Netlist ;
;                                    ;           ;               ;                     ;                                             ;
; AUD_XCK                            ; Top       ; Output Port   ; n/a                 ;                                             ;
;     -- AUD_XCK                     ; Top       ; Output Pad    ; IOPAD_X0_Y61_N21    ; Preserved from Post-Fit or Imported Netlist ;
;     -- AUD_XCK~output              ; Top       ; Output Buffer ; IOOBUF_X0_Y61_N23   ; Preserved from Post-Fit or Imported Netlist ;
;                                    ;           ;               ;                     ;                                             ;
; CLOCK2_50                          ; Top       ; Input Port    ; n/a                 ;                                             ;
;     -- CLOCK2_50                   ; Top       ; Input Pad     ; IOPAD_X58_Y0_N21    ; Preserved from Post-Fit or Imported Netlist ;
;     -- CLOCK2_50~input             ; Top       ; Input Buffer  ; IOIBUF_X58_Y0_N22   ; Preserved from Post-Fit or Imported Netlist ;
;                                    ;           ;               ;                     ;                                             ;
; CLOCK3_50                          ; Top       ; Input Port    ; n/a                 ;                                             ;
;     -- CLOCK3_50                   ; Top       ; Input Pad     ; IOPAD_X58_Y0_N7     ; Preserved from Post-Fit or Imported Netlist ;
;     -- CLOCK3_50~input             ; Top       ; Input Buffer  ; IOIBUF_X58_Y0_N8    ; Preserved from Post-Fit or Imported Netlist ;
;                                    ;           ;               ;                     ;                                             ;
; CLOCK_50                           ; Top       ; Input Port    ; n/a                 ;                                             ;
;     -- CLOCK_50                    ; Top       ; Input Pad     ; IOPAD_X0_Y36_N14    ; Preserved from Post-Fit or Imported Netlist ;
;     -- CLOCK_50~input              ; Top       ; Input Buffer  ; IOIBUF_X0_Y36_N15   ; Preserved from Post-Fit or Imported Netlist ;
;                                    ;           ;               ;                     ;                                             ;
; DRAM_ADDR[0]                       ; Top       ; Output Port   ; n/a                 ;                                             ;
;     -- DRAM_ADDR[0]                ; Top       ; Output Pad    ; IOPAD_X0_Y34_N0     ; Preserved from Post-Fit or Imported Netlist ;
;     -- DRAM_ADDR[0]~output         ; Top       ; Output Buffer ; IOOBUF_X0_Y34_N2    ; Preserved from Post-Fit or Imported Netlist ;
;                                    ;           ;               ;                     ;                                             ;
; DRAM_ADDR[10]                      ; Top       ; Output Port   ; n/a                 ;                                             ;
;     -- DRAM_ADDR[10]               ; Top       ; Output Pad    ; IOPAD_X0_Y32_N21    ; Preserved from Post-Fit or Imported Netlist ;
;     -- DRAM_ADDR[10]~output        ; Top       ; Output Buffer ; IOOBUF_X0_Y32_N23   ; Preserved from Post-Fit or Imported Netlist ;
;                                    ;           ;               ;                     ;                                             ;
; DRAM_ADDR[11]                      ; Top       ; Output Port   ; n/a                 ;                                             ;
;     -- DRAM_ADDR[11]               ; Top       ; Output Pad    ; IOPAD_X0_Y10_N21    ; Preserved from Post-Fit or Imported Netlist ;
;     -- DRAM_ADDR[11]~output        ; Top       ; Output Buffer ; IOOBUF_X0_Y10_N23   ; Preserved from Post-Fit or Imported Netlist ;
;                                    ;           ;               ;                     ;                                             ;
; DRAM_ADDR[12]                      ; Top       ; Output Port   ; n/a                 ;                                             ;
;     -- DRAM_ADDR[12]               ; Top       ; Output Pad    ; IOPAD_X0_Y11_N21    ; Preserved from Post-Fit or Imported Netlist ;
;     -- DRAM_ADDR[12]~output        ; Top       ; Output Buffer ; IOOBUF_X0_Y11_N23   ; Preserved from Post-Fit or Imported Netlist ;
;                                    ;           ;               ;                     ;                                             ;
; DRAM_ADDR[1]                       ; Top       ; Output Port   ; n/a                 ;                                             ;
;     -- DRAM_ADDR[1]                ; Top       ; Output Pad    ; IOPAD_X0_Y15_N21    ; Preserved from Post-Fit or Imported Netlist ;
;     -- DRAM_ADDR[1]~output         ; Top       ; Output Buffer ; IOOBUF_X0_Y15_N23   ; Preserved from Post-Fit or Imported Netlist ;
;                                    ;           ;               ;                     ;                                             ;
; DRAM_ADDR[2]                       ; Top       ; Output Port   ; n/a                 ;                                             ;
;     -- DRAM_ADDR[2]                ; Top       ; Output Pad    ; IOPAD_X0_Y18_N21    ; Preserved from Post-Fit or Imported Netlist ;
;     -- DRAM_ADDR[2]~output         ; Top       ; Output Buffer ; IOOBUF_X0_Y18_N23   ; Preserved from Post-Fit or Imported Netlist ;
;                                    ;           ;               ;                     ;                                             ;
; DRAM_ADDR[3]                       ; Top       ; Output Port   ; n/a                 ;                                             ;
;     -- DRAM_ADDR[3]                ; Top       ; Output Pad    ; IOPAD_X0_Y42_N0     ; Preserved from Post-Fit or Imported Netlist ;
;     -- DRAM_ADDR[3]~output         ; Top       ; Output Buffer ; IOOBUF_X0_Y42_N2    ; Preserved from Post-Fit or Imported Netlist ;
;                                    ;           ;               ;                     ;                                             ;
; DRAM_ADDR[4]                       ; Top       ; Output Port   ; n/a                 ;                                             ;
;     -- DRAM_ADDR[4]                ; Top       ; Output Pad    ; IOPAD_X0_Y15_N14    ; Preserved from Post-Fit or Imported Netlist ;
;     -- DRAM_ADDR[4]~output         ; Top       ; Output Buffer ; IOOBUF_X0_Y15_N16   ; Preserved from Post-Fit or Imported Netlist ;
;                                    ;           ;               ;                     ;                                             ;
; DRAM_ADDR[5]                       ; Top       ; Output Port   ; n/a                 ;                                             ;
;     -- DRAM_ADDR[5]                ; Top       ; Output Pad    ; IOPAD_X0_Y11_N14    ; Preserved from Post-Fit or Imported Netlist ;
;     -- DRAM_ADDR[5]~output         ; Top       ; Output Buffer ; IOOBUF_X0_Y11_N16   ; Preserved from Post-Fit or Imported Netlist ;
;                                    ;           ;               ;                     ;                                             ;
; DRAM_ADDR[6]                       ; Top       ; Output Port   ; n/a                 ;                                             ;
;     -- DRAM_ADDR[6]                ; Top       ; Output Pad    ; IOPAD_X0_Y12_N21    ; Preserved from Post-Fit or Imported Netlist ;
;     -- DRAM_ADDR[6]~output         ; Top       ; Output Buffer ; IOOBUF_X0_Y12_N23   ; Preserved from Post-Fit or Imported Netlist ;
;                                    ;           ;               ;                     ;                                             ;
; DRAM_ADDR[7]                       ; Top       ; Output Port   ; n/a                 ;                                             ;
;     -- DRAM_ADDR[7]                ; Top       ; Output Pad    ; IOPAD_X0_Y9_N14     ; Preserved from Post-Fit or Imported Netlist ;
;     -- DRAM_ADDR[7]~output         ; Top       ; Output Buffer ; IOOBUF_X0_Y9_N16    ; Preserved from Post-Fit or Imported Netlist ;
;                                    ;           ;               ;                     ;                                             ;
; DRAM_ADDR[8]                       ; Top       ; Output Port   ; n/a                 ;                                             ;
;     -- DRAM_ADDR[8]                ; Top       ; Output Pad    ; IOPAD_X0_Y12_N14    ; Preserved from Post-Fit or Imported Netlist ;
;     -- DRAM_ADDR[8]~output         ; Top       ; Output Buffer ; IOOBUF_X0_Y12_N16   ; Preserved from Post-Fit or Imported Netlist ;
;                                    ;           ;               ;                     ;                                             ;
; DRAM_ADDR[9]                       ; Top       ; Output Port   ; n/a                 ;                                             ;
;     -- DRAM_ADDR[9]                ; Top       ; Output Pad    ; IOPAD_X0_Y13_N7     ; Preserved from Post-Fit or Imported Netlist ;
;     -- DRAM_ADDR[9]~output         ; Top       ; Output Buffer ; IOOBUF_X0_Y13_N9    ; Preserved from Post-Fit or Imported Netlist ;
;                                    ;           ;               ;                     ;                                             ;
; DRAM_BA[0]                         ; Top       ; Output Port   ; n/a                 ;                                             ;
;     -- DRAM_BA[0]                  ; Top       ; Output Pad    ; IOPAD_X0_Y18_N14    ; Preserved from Post-Fit or Imported Netlist ;
;     -- DRAM_BA[0]~output           ; Top       ; Output Buffer ; IOOBUF_X0_Y18_N16   ; Preserved from Post-Fit or Imported Netlist ;
;                                    ;           ;               ;                     ;                                             ;
; DRAM_BA[1]                         ; Top       ; Output Port   ; n/a                 ;                                             ;
;     -- DRAM_BA[1]                  ; Top       ; Output Pad    ; IOPAD_X0_Y33_N14    ; Preserved from Post-Fit or Imported Netlist ;
;     -- DRAM_BA[1]~output           ; Top       ; Output Buffer ; IOOBUF_X0_Y33_N16   ; Preserved from Post-Fit or Imported Netlist ;
;                                    ;           ;               ;                     ;                                             ;
; DRAM_CAS_N                         ; Top       ; Output Port   ; n/a                 ;                                             ;
;     -- DRAM_CAS_N                  ; Top       ; Output Pad    ; IOPAD_X0_Y14_N0     ; Preserved from Post-Fit or Imported Netlist ;
;     -- DRAM_CAS_N~output           ; Top       ; Output Buffer ; IOOBUF_X0_Y14_N2    ; Preserved from Post-Fit or Imported Netlist ;
;                                    ;           ;               ;                     ;                                             ;
; DRAM_CKE                           ; Top       ; Output Port   ; n/a                 ;                                             ;
;     -- DRAM_CKE                    ; Top       ; Output Pad    ; IOPAD_X0_Y10_N14    ; Preserved from Post-Fit or Imported Netlist ;
;     -- DRAM_CKE~output             ; Top       ; Output Buffer ; IOOBUF_X0_Y10_N16   ; Preserved from Post-Fit or Imported Netlist ;
;                                    ;           ;               ;                     ;                                             ;
; DRAM_CLK                           ; Top       ; Output Port   ; n/a                 ;                                             ;
;     -- DRAM_CLK                    ; Top       ; Output Pad    ; IOPAD_X5_Y0_N21     ; Preserved from Post-Fit or Imported Netlist ;
;     -- DRAM_CLK~output             ; Top       ; Output Buffer ; IOOBUF_X5_Y0_N23    ; Preserved from Post-Fit or Imported Netlist ;
;                                    ;           ;               ;                     ;                                             ;
; DRAM_CS_N                          ; Top       ; Output Port   ; n/a                 ;                                             ;
;     -- DRAM_CS_N                   ; Top       ; Output Pad    ; IOPAD_X0_Y33_N21    ; Preserved from Post-Fit or Imported Netlist ;
;     -- DRAM_CS_N~output            ; Top       ; Output Buffer ; IOOBUF_X0_Y33_N23   ; Preserved from Post-Fit or Imported Netlist ;
;                                    ;           ;               ;                     ;                                             ;
; DRAM_DQM[0]                        ; Top       ; Output Port   ; n/a                 ;                                             ;
;     -- DRAM_DQM[0]                 ; Top       ; Output Pad    ; IOPAD_X0_Y30_N0     ; Preserved from Post-Fit or Imported Netlist ;
;     -- DRAM_DQM[0]~output          ; Top       ; Output Buffer ; IOOBUF_X0_Y30_N2    ; Preserved from Post-Fit or Imported Netlist ;
;                                    ;           ;               ;                     ;                                             ;
; DRAM_DQM[1]                        ; Top       ; Output Port   ; n/a                 ;                                             ;
;     -- DRAM_DQM[1]                 ; Top       ; Output Pad    ; IOPAD_X0_Y14_N7     ; Preserved from Post-Fit or Imported Netlist ;
;     -- DRAM_DQM[1]~output          ; Top       ; Output Buffer ; IOOBUF_X0_Y14_N9    ; Preserved from Post-Fit or Imported Netlist ;
;                                    ;           ;               ;                     ;                                             ;
; DRAM_DQM[2]                        ; Top       ; Output Port   ; n/a                 ;                                             ;
;     -- DRAM_DQM[2]                 ; Top       ; Output Pad    ; IOPAD_X0_Y48_N0     ; Preserved from Post-Fit or Imported Netlist ;
;     -- DRAM_DQM[2]~output          ; Top       ; Output Buffer ; IOOBUF_X0_Y48_N2    ; Preserved from Post-Fit or Imported Netlist ;
;                                    ;           ;               ;                     ;                                             ;
; DRAM_DQM[3]                        ; Top       ; Output Port   ; n/a                 ;                                             ;
;     -- DRAM_DQM[3]                 ; Top       ; Output Pad    ; IOPAD_X0_Y42_N7     ; Preserved from Post-Fit or Imported Netlist ;
;     -- DRAM_DQM[3]~output          ; Top       ; Output Buffer ; IOOBUF_X0_Y42_N9    ; Preserved from Post-Fit or Imported Netlist ;
;                                    ;           ;               ;                     ;                                             ;
; DRAM_DQ[0]                         ; Top       ; Bidir Port    ; n/a                 ;                                             ;
;     -- DRAM_DQ[0]                  ; Top       ; Bidir Pad     ; IOPAD_X0_Y13_N0     ; Preserved from Post-Fit or Imported Netlist ;
;     -- DRAM_DQ[0]~output           ; Top       ; Output Buffer ; IOOBUF_X0_Y13_N2    ; Preserved from Post-Fit or Imported Netlist ;
;                                    ;           ;               ;                     ;                                             ;
; DRAM_DQ[10]                        ; Top       ; Bidir Port    ; n/a                 ;                                             ;
;     -- DRAM_DQ[10]                 ; Top       ; Bidir Pad     ; IOPAD_X0_Y27_N21    ; Preserved from Post-Fit or Imported Netlist ;
;     -- DRAM_DQ[10]~output          ; Top       ; Output Buffer ; IOOBUF_X0_Y27_N23   ; Preserved from Post-Fit or Imported Netlist ;
;                                    ;           ;               ;                     ;                                             ;
; DRAM_DQ[11]                        ; Top       ; Bidir Port    ; n/a                 ;                                             ;
;     -- DRAM_DQ[11]                 ; Top       ; Bidir Pad     ; IOPAD_X0_Y19_N7     ; Preserved from Post-Fit or Imported Netlist ;
;     -- DRAM_DQ[11]~output          ; Top       ; Output Buffer ; IOOBUF_X0_Y19_N9    ; Preserved from Post-Fit or Imported Netlist ;
;                                    ;           ;               ;                     ;                                             ;
; DRAM_DQ[12]                        ; Top       ; Bidir Port    ; n/a                 ;                                             ;
;     -- DRAM_DQ[12]                 ; Top       ; Bidir Pad     ; IOPAD_X0_Y27_N14    ; Preserved from Post-Fit or Imported Netlist ;
;     -- DRAM_DQ[12]~output          ; Top       ; Output Buffer ; IOOBUF_X0_Y27_N16   ; Preserved from Post-Fit or Imported Netlist ;
;                                    ;           ;               ;                     ;                                             ;
; DRAM_DQ[13]                        ; Top       ; Bidir Port    ; n/a                 ;                                             ;
;     -- DRAM_DQ[13]                 ; Top       ; Bidir Pad     ; IOPAD_X0_Y23_N14    ; Preserved from Post-Fit or Imported Netlist ;
;     -- DRAM_DQ[13]~output          ; Top       ; Output Buffer ; IOOBUF_X0_Y23_N16   ; Preserved from Post-Fit or Imported Netlist ;
;                                    ;           ;               ;                     ;                                             ;
; DRAM_DQ[14]                        ; Top       ; Bidir Port    ; n/a                 ;                                             ;
;     -- DRAM_DQ[14]                 ; Top       ; Bidir Pad     ; IOPAD_X0_Y21_N21    ; Preserved from Post-Fit or Imported Netlist ;
;     -- DRAM_DQ[14]~output          ; Top       ; Output Buffer ; IOOBUF_X0_Y21_N23   ; Preserved from Post-Fit or Imported Netlist ;
;                                    ;           ;               ;                     ;                                             ;
; DRAM_DQ[15]                        ; Top       ; Bidir Port    ; n/a                 ;                                             ;
;     -- DRAM_DQ[15]                 ; Top       ; Bidir Pad     ; IOPAD_X0_Y24_N21    ; Preserved from Post-Fit or Imported Netlist ;
;     -- DRAM_DQ[15]~output          ; Top       ; Output Buffer ; IOOBUF_X0_Y24_N23   ; Preserved from Post-Fit or Imported Netlist ;
;                                    ;           ;               ;                     ;                                             ;
; DRAM_DQ[16]                        ; Top       ; Bidir Port    ; n/a                 ;                                             ;
;     -- DRAM_DQ[16]                 ; Top       ; Bidir Pad     ; IOPAD_X0_Y45_N14    ; Preserved from Post-Fit or Imported Netlist ;
;     -- DRAM_DQ[16]~output          ; Top       ; Output Buffer ; IOOBUF_X0_Y45_N16   ; Preserved from Post-Fit or Imported Netlist ;
;                                    ;           ;               ;                     ;                                             ;
; DRAM_DQ[17]                        ; Top       ; Bidir Port    ; n/a                 ;                                             ;
;     -- DRAM_DQ[17]                 ; Top       ; Bidir Pad     ; IOPAD_X0_Y48_N7     ; Preserved from Post-Fit or Imported Netlist ;
;     -- DRAM_DQ[17]~output          ; Top       ; Output Buffer ; IOOBUF_X0_Y48_N9    ; Preserved from Post-Fit or Imported Netlist ;
;                                    ;           ;               ;                     ;                                             ;
; DRAM_DQ[18]                        ; Top       ; Bidir Port    ; n/a                 ;                                             ;
;     -- DRAM_DQ[18]                 ; Top       ; Bidir Pad     ; IOPAD_X0_Y43_N14    ; Preserved from Post-Fit or Imported Netlist ;
;     -- DRAM_DQ[18]~output          ; Top       ; Output Buffer ; IOOBUF_X0_Y43_N16   ; Preserved from Post-Fit or Imported Netlist ;
;                                    ;           ;               ;                     ;                                             ;
; DRAM_DQ[19]                        ; Top       ; Bidir Port    ; n/a                 ;                                             ;
;     -- DRAM_DQ[19]                 ; Top       ; Bidir Pad     ; IOPAD_X0_Y46_N21    ; Preserved from Post-Fit or Imported Netlist ;
;     -- DRAM_DQ[19]~output          ; Top       ; Output Buffer ; IOOBUF_X0_Y46_N23   ; Preserved from Post-Fit or Imported Netlist ;
;                                    ;           ;               ;                     ;                                             ;
; DRAM_DQ[1]                         ; Top       ; Bidir Port    ; n/a                 ;                                             ;
;     -- DRAM_DQ[1]                  ; Top       ; Bidir Pad     ; IOPAD_X0_Y26_N14    ; Preserved from Post-Fit or Imported Netlist ;
;     -- DRAM_DQ[1]~output           ; Top       ; Output Buffer ; IOOBUF_X0_Y26_N16   ; Preserved from Post-Fit or Imported Netlist ;
;                                    ;           ;               ;                     ;                                             ;
; DRAM_DQ[20]                        ; Top       ; Bidir Port    ; n/a                 ;                                             ;
;     -- DRAM_DQ[20]                 ; Top       ; Bidir Pad     ; IOPAD_X0_Y46_N14    ; Preserved from Post-Fit or Imported Netlist ;
;     -- DRAM_DQ[20]~output          ; Top       ; Output Buffer ; IOOBUF_X0_Y46_N16   ; Preserved from Post-Fit or Imported Netlist ;
;                                    ;           ;               ;                     ;                                             ;
; DRAM_DQ[21]                        ; Top       ; Bidir Port    ; n/a                 ;                                             ;
;     -- DRAM_DQ[21]                 ; Top       ; Bidir Pad     ; IOPAD_X0_Y52_N21    ; Preserved from Post-Fit or Imported Netlist ;
;     -- DRAM_DQ[21]~output          ; Top       ; Output Buffer ; IOOBUF_X0_Y52_N23   ; Preserved from Post-Fit or Imported Netlist ;
;                                    ;           ;               ;                     ;                                             ;
; DRAM_DQ[22]                        ; Top       ; Bidir Port    ; n/a                 ;                                             ;
;     -- DRAM_DQ[22]                 ; Top       ; Bidir Pad     ; IOPAD_X0_Y45_N21    ; Preserved from Post-Fit or Imported Netlist ;
;     -- DRAM_DQ[22]~output          ; Top       ; Output Buffer ; IOOBUF_X0_Y45_N23   ; Preserved from Post-Fit or Imported Netlist ;
;                                    ;           ;               ;                     ;                                             ;
; DRAM_DQ[23]                        ; Top       ; Bidir Port    ; n/a                 ;                                             ;
;     -- DRAM_DQ[23]                 ; Top       ; Bidir Pad     ; IOPAD_X0_Y47_N14    ; Preserved from Post-Fit or Imported Netlist ;
;     -- DRAM_DQ[23]~output          ; Top       ; Output Buffer ; IOOBUF_X0_Y47_N16   ; Preserved from Post-Fit or Imported Netlist ;
;                                    ;           ;               ;                     ;                                             ;
; DRAM_DQ[24]                        ; Top       ; Bidir Port    ; n/a                 ;                                             ;
;     -- DRAM_DQ[24]                 ; Top       ; Bidir Pad     ; IOPAD_X0_Y24_N0     ; Preserved from Post-Fit or Imported Netlist ;
;     -- DRAM_DQ[24]~output          ; Top       ; Output Buffer ; IOOBUF_X0_Y24_N2    ; Preserved from Post-Fit or Imported Netlist ;
;                                    ;           ;               ;                     ;                                             ;
; DRAM_DQ[25]                        ; Top       ; Bidir Port    ; n/a                 ;                                             ;
;     -- DRAM_DQ[25]                 ; Top       ; Bidir Pad     ; IOPAD_X0_Y35_N14    ; Preserved from Post-Fit or Imported Netlist ;
;     -- DRAM_DQ[25]~output          ; Top       ; Output Buffer ; IOOBUF_X0_Y35_N16   ; Preserved from Post-Fit or Imported Netlist ;
;                                    ;           ;               ;                     ;                                             ;
; DRAM_DQ[26]                        ; Top       ; Bidir Port    ; n/a                 ;                                             ;
;     -- DRAM_DQ[26]                 ; Top       ; Bidir Pad     ; IOPAD_X0_Y35_N7     ; Preserved from Post-Fit or Imported Netlist ;
;     -- DRAM_DQ[26]~output          ; Top       ; Output Buffer ; IOOBUF_X0_Y35_N9    ; Preserved from Post-Fit or Imported Netlist ;
;                                    ;           ;               ;                     ;                                             ;
; DRAM_DQ[27]                        ; Top       ; Bidir Port    ; n/a                 ;                                             ;
;     -- DRAM_DQ[27]                 ; Top       ; Bidir Pad     ; IOPAD_X0_Y35_N0     ; Preserved from Post-Fit or Imported Netlist ;
;     -- DRAM_DQ[27]~output          ; Top       ; Output Buffer ; IOOBUF_X0_Y35_N2    ; Preserved from Post-Fit or Imported Netlist ;
;                                    ;           ;               ;                     ;                                             ;
; DRAM_DQ[28]                        ; Top       ; Bidir Port    ; n/a                 ;                                             ;
;     -- DRAM_DQ[28]                 ; Top       ; Bidir Pad     ; IOPAD_X0_Y34_N21    ; Preserved from Post-Fit or Imported Netlist ;
;     -- DRAM_DQ[28]~output          ; Top       ; Output Buffer ; IOOBUF_X0_Y34_N23   ; Preserved from Post-Fit or Imported Netlist ;
;                                    ;           ;               ;                     ;                                             ;
; DRAM_DQ[29]                        ; Top       ; Bidir Port    ; n/a                 ;                                             ;
;     -- DRAM_DQ[29]                 ; Top       ; Bidir Pad     ; IOPAD_X0_Y32_N14    ; Preserved from Post-Fit or Imported Netlist ;
;     -- DRAM_DQ[29]~output          ; Top       ; Output Buffer ; IOOBUF_X0_Y32_N16   ; Preserved from Post-Fit or Imported Netlist ;
;                                    ;           ;               ;                     ;                                             ;
; DRAM_DQ[2]                         ; Top       ; Bidir Port    ; n/a                 ;                                             ;
;     -- DRAM_DQ[2]                  ; Top       ; Bidir Pad     ; IOPAD_X0_Y29_N14    ; Preserved from Post-Fit or Imported Netlist ;
;     -- DRAM_DQ[2]~output           ; Top       ; Output Buffer ; IOOBUF_X0_Y29_N16   ; Preserved from Post-Fit or Imported Netlist ;
;                                    ;           ;               ;                     ;                                             ;
; DRAM_DQ[30]                        ; Top       ; Bidir Port    ; n/a                 ;                                             ;
;     -- DRAM_DQ[30]                 ; Top       ; Bidir Pad     ; IOPAD_X0_Y34_N14    ; Preserved from Post-Fit or Imported Netlist ;
;     -- DRAM_DQ[30]~output          ; Top       ; Output Buffer ; IOOBUF_X0_Y34_N16   ; Preserved from Post-Fit or Imported Netlist ;
;                                    ;           ;               ;                     ;                                             ;
; DRAM_DQ[31]                        ; Top       ; Bidir Port    ; n/a                 ;                                             ;
;     -- DRAM_DQ[31]                 ; Top       ; Bidir Pad     ; IOPAD_X0_Y30_N7     ; Preserved from Post-Fit or Imported Netlist ;
;     -- DRAM_DQ[31]~output          ; Top       ; Output Buffer ; IOOBUF_X0_Y30_N9    ; Preserved from Post-Fit or Imported Netlist ;
;                                    ;           ;               ;                     ;                                             ;
; DRAM_DQ[3]                         ; Top       ; Bidir Port    ; n/a                 ;                                             ;
;     -- DRAM_DQ[3]                  ; Top       ; Bidir Pad     ; IOPAD_X0_Y25_N14    ; Preserved from Post-Fit or Imported Netlist ;
;     -- DRAM_DQ[3]~output           ; Top       ; Output Buffer ; IOOBUF_X0_Y25_N16   ; Preserved from Post-Fit or Imported Netlist ;
;                                    ;           ;               ;                     ;                                             ;
; DRAM_DQ[4]                         ; Top       ; Bidir Port    ; n/a                 ;                                             ;
;     -- DRAM_DQ[4]                  ; Top       ; Bidir Pad     ; IOPAD_X0_Y29_N21    ; Preserved from Post-Fit or Imported Netlist ;
;     -- DRAM_DQ[4]~output           ; Top       ; Output Buffer ; IOOBUF_X0_Y29_N23   ; Preserved from Post-Fit or Imported Netlist ;
;                                    ;           ;               ;                     ;                                             ;
; DRAM_DQ[5]                         ; Top       ; Bidir Port    ; n/a                 ;                                             ;
;     -- DRAM_DQ[5]                  ; Top       ; Bidir Pad     ; IOPAD_X0_Y28_N14    ; Preserved from Post-Fit or Imported Netlist ;
;     -- DRAM_DQ[5]~output           ; Top       ; Output Buffer ; IOOBUF_X0_Y28_N16   ; Preserved from Post-Fit or Imported Netlist ;
;                                    ;           ;               ;                     ;                                             ;
; DRAM_DQ[6]                         ; Top       ; Bidir Port    ; n/a                 ;                                             ;
;     -- DRAM_DQ[6]                  ; Top       ; Bidir Pad     ; IOPAD_X0_Y28_N21    ; Preserved from Post-Fit or Imported Netlist ;
;     -- DRAM_DQ[6]~output           ; Top       ; Output Buffer ; IOOBUF_X0_Y28_N23   ; Preserved from Post-Fit or Imported Netlist ;
;                                    ;           ;               ;                     ;                                             ;
; DRAM_DQ[7]                         ; Top       ; Bidir Port    ; n/a                 ;                                             ;
;     -- DRAM_DQ[7]                  ; Top       ; Bidir Pad     ; IOPAD_X0_Y34_N7     ; Preserved from Post-Fit or Imported Netlist ;
;     -- DRAM_DQ[7]~output           ; Top       ; Output Buffer ; IOOBUF_X0_Y34_N9    ; Preserved from Post-Fit or Imported Netlist ;
;                                    ;           ;               ;                     ;                                             ;
; DRAM_DQ[8]                         ; Top       ; Bidir Port    ; n/a                 ;                                             ;
;     -- DRAM_DQ[8]                  ; Top       ; Bidir Pad     ; IOPAD_X0_Y24_N14    ; Preserved from Post-Fit or Imported Netlist ;
;     -- DRAM_DQ[8]~output           ; Top       ; Output Buffer ; IOOBUF_X0_Y24_N16   ; Preserved from Post-Fit or Imported Netlist ;
;                                    ;           ;               ;                     ;                                             ;
; DRAM_DQ[9]                         ; Top       ; Bidir Port    ; n/a                 ;                                             ;
;     -- DRAM_DQ[9]                  ; Top       ; Bidir Pad     ; IOPAD_X0_Y24_N7     ; Preserved from Post-Fit or Imported Netlist ;
;     -- DRAM_DQ[9]~output           ; Top       ; Output Buffer ; IOOBUF_X0_Y24_N9    ; Preserved from Post-Fit or Imported Netlist ;
;                                    ;           ;               ;                     ;                                             ;
; DRAM_RAS_N                         ; Top       ; Output Port   ; n/a                 ;                                             ;
;     -- DRAM_RAS_N                  ; Top       ; Output Pad    ; IOPAD_X0_Y25_N21    ; Preserved from Post-Fit or Imported Netlist ;
;     -- DRAM_RAS_N~output           ; Top       ; Output Buffer ; IOOBUF_X0_Y25_N23   ; Preserved from Post-Fit or Imported Netlist ;
;                                    ;           ;               ;                     ;                                             ;
; DRAM_WE_N                          ; Top       ; Output Port   ; n/a                 ;                                             ;
;     -- DRAM_WE_N                   ; Top       ; Output Pad    ; IOPAD_X0_Y16_N21    ; Preserved from Post-Fit or Imported Netlist ;
;     -- DRAM_WE_N~output            ; Top       ; Output Buffer ; IOOBUF_X0_Y16_N23   ; Preserved from Post-Fit or Imported Netlist ;
;                                    ;           ;               ;                     ;                                             ;
; EEP_I2C_SCLK                       ; Top       ; Output Port   ; n/a                 ;                                             ;
;     -- EEP_I2C_SCLK                ; Top       ; Output Pad    ; IOPAD_X52_Y73_N7    ; Preserved from Post-Fit or Imported Netlist ;
;     -- EEP_I2C_SCLK~output         ; Top       ; Output Buffer ; IOOBUF_X52_Y73_N9   ; Preserved from Post-Fit or Imported Netlist ;
;                                    ;           ;               ;                     ;                                             ;
; EEP_I2C_SDAT                       ; Top       ; Bidir Port    ; n/a                 ;                                             ;
;     -- EEP_I2C_SDAT                ; Top       ; Bidir Pad     ; IOPAD_X45_Y73_N7    ; Preserved from Post-Fit or Imported Netlist ;
;     -- EEP_I2C_SDAT~output         ; Top       ; Output Buffer ; IOOBUF_X45_Y73_N9   ; Preserved from Post-Fit or Imported Netlist ;
;                                    ;           ;               ;                     ;                                             ;
; ENET0_GTX_CLK                      ; Top       ; Output Port   ; n/a                 ;                                             ;
;     -- ENET0_GTX_CLK               ; Top       ; Output Pad    ; IOPAD_X60_Y73_N0    ; Preserved from Post-Fit or Imported Netlist ;
;     -- ENET0_GTX_CLK~output        ; Top       ; Output Buffer ; IOOBUF_X60_Y73_N2   ; Preserved from Post-Fit or Imported Netlist ;
;                                    ;           ;               ;                     ;                                             ;
; ENET0_INT_N                        ; Top       ; Input Port    ; n/a                 ;                                             ;
;     -- ENET0_INT_N                 ; Top       ; Input Pad     ; IOPAD_X89_Y73_N21   ; Preserved from Post-Fit or Imported Netlist ;
;     -- ENET0_INT_N~input           ; Top       ; Input Buffer  ; IOIBUF_X89_Y73_N22  ; Preserved from Post-Fit or Imported Netlist ;
;                                    ;           ;               ;                     ;                                             ;
; ENET0_LINK100                      ; Top       ; Input Port    ; n/a                 ;                                             ;
;     -- ENET0_LINK100               ; Top       ; Input Pad     ; IOPAD_X52_Y73_N0    ; Preserved from Post-Fit or Imported Netlist ;
;     -- ENET0_LINK100~input         ; Top       ; Input Buffer  ; IOIBUF_X52_Y73_N1   ; Preserved from Post-Fit or Imported Netlist ;
;                                    ;           ;               ;                     ;                                             ;
; ENET0_MDC                          ; Top       ; Output Port   ; n/a                 ;                                             ;
;     -- ENET0_MDC                   ; Top       ; Output Pad    ; IOPAD_X85_Y73_N7    ; Preserved from Post-Fit or Imported Netlist ;
;     -- ENET0_MDC~output            ; Top       ; Output Buffer ; IOOBUF_X85_Y73_N9   ; Preserved from Post-Fit or Imported Netlist ;
;                                    ;           ;               ;                     ;                                             ;
; ENET0_MDIO                         ; Top       ; Input Port    ; n/a                 ;                                             ;
;     -- ENET0_MDIO                  ; Top       ; Input Pad     ; IOPAD_X87_Y73_N0    ; Preserved from Post-Fit or Imported Netlist ;
;     -- ENET0_MDIO~input            ; Top       ; Input Buffer  ; IOIBUF_X87_Y73_N1   ; Preserved from Post-Fit or Imported Netlist ;
;                                    ;           ;               ;                     ;                                             ;
; ENET0_RST_N                        ; Top       ; Output Port   ; n/a                 ;                                             ;
;     -- ENET0_RST_N                 ; Top       ; Output Pad    ; IOPAD_X83_Y73_N7    ; Preserved from Post-Fit or Imported Netlist ;
;     -- ENET0_RST_N~output          ; Top       ; Output Buffer ; IOOBUF_X83_Y73_N9   ; Preserved from Post-Fit or Imported Netlist ;
;                                    ;           ;               ;                     ;                                             ;
; ENET0_RX_CLK                       ; Top       ; Input Port    ; n/a                 ;                                             ;
;     -- ENET0_RX_CLK                ; Top       ; Input Pad     ; IOPAD_X56_Y73_N0    ; Preserved from Post-Fit or Imported Netlist ;
;     -- ENET0_RX_CLK~input          ; Top       ; Input Buffer  ; IOIBUF_X56_Y73_N1   ; Preserved from Post-Fit or Imported Netlist ;
;                                    ;           ;               ;                     ;                                             ;
; ENET0_RX_COL                       ; Top       ; Input Port    ; n/a                 ;                                             ;
;     -- ENET0_RX_COL                ; Top       ; Input Pad     ; IOPAD_X58_Y73_N7    ; Preserved from Post-Fit or Imported Netlist ;
;     -- ENET0_RX_COL~input          ; Top       ; Input Buffer  ; IOIBUF_X58_Y73_N8   ; Preserved from Post-Fit or Imported Netlist ;
;                                    ;           ;               ;                     ;                                             ;
; ENET0_RX_CRS                       ; Top       ; Input Port    ; n/a                 ;                                             ;
;     -- ENET0_RX_CRS                ; Top       ; Input Pad     ; IOPAD_X58_Y73_N21   ; Preserved from Post-Fit or Imported Netlist ;
;     -- ENET0_RX_CRS~input          ; Top       ; Input Buffer  ; IOIBUF_X58_Y73_N22  ; Preserved from Post-Fit or Imported Netlist ;
;                                    ;           ;               ;                     ;                                             ;
; ENET0_RX_DATA[0]                   ; Top       ; Input Port    ; n/a                 ;                                             ;
;     -- ENET0_RX_DATA[0]            ; Top       ; Input Pad     ; IOPAD_X62_Y73_N14   ; Preserved from Post-Fit or Imported Netlist ;
;     -- ENET0_RX_DATA[0]~input      ; Top       ; Input Buffer  ; IOIBUF_X62_Y73_N15  ; Preserved from Post-Fit or Imported Netlist ;
;                                    ;           ;               ;                     ;                                             ;
; ENET0_RX_DATA[1]                   ; Top       ; Input Port    ; n/a                 ;                                             ;
;     -- ENET0_RX_DATA[1]            ; Top       ; Input Pad     ; IOPAD_X62_Y73_N21   ; Preserved from Post-Fit or Imported Netlist ;
;     -- ENET0_RX_DATA[1]~input      ; Top       ; Input Buffer  ; IOIBUF_X62_Y73_N22  ; Preserved from Post-Fit or Imported Netlist ;
;                                    ;           ;               ;                     ;                                             ;
; ENET0_RX_DATA[2]                   ; Top       ; Input Port    ; n/a                 ;                                             ;
;     -- ENET0_RX_DATA[2]            ; Top       ; Input Pad     ; IOPAD_X81_Y73_N7    ; Preserved from Post-Fit or Imported Netlist ;
;     -- ENET0_RX_DATA[2]~input      ; Top       ; Input Buffer  ; IOIBUF_X81_Y73_N8   ; Preserved from Post-Fit or Imported Netlist ;
;                                    ;           ;               ;                     ;                                             ;
; ENET0_RX_DATA[3]                   ; Top       ; Input Port    ; n/a                 ;                                             ;
;     -- ENET0_RX_DATA[3]            ; Top       ; Input Pad     ; IOPAD_X58_Y73_N14   ; Preserved from Post-Fit or Imported Netlist ;
;     -- ENET0_RX_DATA[3]~input      ; Top       ; Input Buffer  ; IOIBUF_X58_Y73_N15  ; Preserved from Post-Fit or Imported Netlist ;
;                                    ;           ;               ;                     ;                                             ;
; ENET0_RX_DV                        ; Top       ; Input Port    ; n/a                 ;                                             ;
;     -- ENET0_RX_DV                 ; Top       ; Input Pad     ; IOPAD_X81_Y73_N0    ; Preserved from Post-Fit or Imported Netlist ;
;     -- ENET0_RX_DV~input           ; Top       ; Input Buffer  ; IOIBUF_X81_Y73_N1   ; Preserved from Post-Fit or Imported Netlist ;
;                                    ;           ;               ;                     ;                                             ;
; ENET0_RX_ER                        ; Top       ; Input Port    ; n/a                 ;                                             ;
;     -- ENET0_RX_ER                 ; Top       ; Input Pad     ; IOPAD_X85_Y73_N0    ; Preserved from Post-Fit or Imported Netlist ;
;     -- ENET0_RX_ER~input           ; Top       ; Input Buffer  ; IOIBUF_X85_Y73_N1   ; Preserved from Post-Fit or Imported Netlist ;
;                                    ;           ;               ;                     ;                                             ;
; ENET0_TX_CLK                       ; Top       ; Input Port    ; n/a                 ;                                             ;
;     -- ENET0_TX_CLK                ; Top       ; Input Pad     ; IOPAD_X60_Y73_N7    ; Preserved from Post-Fit or Imported Netlist ;
;     -- ENET0_TX_CLK~input          ; Top       ; Input Buffer  ; IOIBUF_X60_Y73_N8   ; Preserved from Post-Fit or Imported Netlist ;
;                                    ;           ;               ;                     ;                                             ;
; ENET0_TX_DATA[0]                   ; Top       ; Output Port   ; n/a                 ;                                             ;
;     -- ENET0_TX_DATA[0]            ; Top       ; Output Pad    ; IOPAD_X87_Y73_N21   ; Preserved from Post-Fit or Imported Netlist ;
;     -- ENET0_TX_DATA[0]~output     ; Top       ; Output Buffer ; IOOBUF_X87_Y73_N23  ; Preserved from Post-Fit or Imported Netlist ;
;                                    ;           ;               ;                     ;                                             ;
; ENET0_TX_DATA[1]                   ; Top       ; Output Port   ; n/a                 ;                                             ;
;     -- ENET0_TX_DATA[1]            ; Top       ; Output Pad    ; IOPAD_X83_Y73_N14   ; Preserved from Post-Fit or Imported Netlist ;
;     -- ENET0_TX_DATA[1]~output     ; Top       ; Output Buffer ; IOOBUF_X83_Y73_N16  ; Preserved from Post-Fit or Imported Netlist ;
;                                    ;           ;               ;                     ;                                             ;
; ENET0_TX_DATA[2]                   ; Top       ; Output Port   ; n/a                 ;                                             ;
;     -- ENET0_TX_DATA[2]            ; Top       ; Output Pad    ; IOPAD_X81_Y73_N14   ; Preserved from Post-Fit or Imported Netlist ;
;     -- ENET0_TX_DATA[2]~output     ; Top       ; Output Buffer ; IOOBUF_X81_Y73_N16  ; Preserved from Post-Fit or Imported Netlist ;
;                                    ;           ;               ;                     ;                                             ;
; ENET0_TX_DATA[3]                   ; Top       ; Output Port   ; n/a                 ;                                             ;
;     -- ENET0_TX_DATA[3]            ; Top       ; Output Pad    ; IOPAD_X81_Y73_N21   ; Preserved from Post-Fit or Imported Netlist ;
;     -- ENET0_TX_DATA[3]~output     ; Top       ; Output Buffer ; IOOBUF_X81_Y73_N23  ; Preserved from Post-Fit or Imported Netlist ;
;                                    ;           ;               ;                     ;                                             ;
; ENET0_TX_EN                        ; Top       ; Output Port   ; n/a                 ;                                             ;
;     -- ENET0_TX_EN                 ; Top       ; Output Pad    ; IOPAD_X79_Y73_N0    ; Preserved from Post-Fit or Imported Netlist ;
;     -- ENET0_TX_EN~output          ; Top       ; Output Buffer ; IOOBUF_X79_Y73_N2   ; Preserved from Post-Fit or Imported Netlist ;
;                                    ;           ;               ;                     ;                                             ;
; ENET0_TX_ER                        ; Top       ; Output Port   ; n/a                 ;                                             ;
;     -- ENET0_TX_ER                 ; Top       ; Output Pad    ; IOPAD_X79_Y73_N7    ; Preserved from Post-Fit or Imported Netlist ;
;     -- ENET0_TX_ER~output          ; Top       ; Output Buffer ; IOOBUF_X79_Y73_N9   ; Preserved from Post-Fit or Imported Netlist ;
;                                    ;           ;               ;                     ;                                             ;
; ENET1_GTX_CLK                      ; Top       ; Output Port   ; n/a                 ;                                             ;
;     -- ENET1_GTX_CLK               ; Top       ; Output Pad    ; IOPAD_X100_Y73_N21  ; Preserved from Post-Fit or Imported Netlist ;
;     -- ENET1_GTX_CLK~output        ; Top       ; Output Buffer ; IOOBUF_X100_Y73_N23 ; Preserved from Post-Fit or Imported Netlist ;
;                                    ;           ;               ;                     ;                                             ;
; ENET1_INT_N                        ; Top       ; Input Port    ; n/a                 ;                                             ;
;     -- ENET1_INT_N                 ; Top       ; Input Pad     ; IOPAD_X98_Y73_N21   ; Preserved from Post-Fit or Imported Netlist ;
;     -- ENET1_INT_N~input           ; Top       ; Input Buffer  ; IOIBUF_X98_Y73_N22  ; Preserved from Post-Fit or Imported Netlist ;
;                                    ;           ;               ;                     ;                                             ;
; ENET1_LINK100                      ; Top       ; Input Port    ; n/a                 ;                                             ;
;     -- ENET1_LINK100               ; Top       ; Input Pad     ; IOPAD_X54_Y73_N7    ; Preserved from Post-Fit or Imported Netlist ;
;     -- ENET1_LINK100~input         ; Top       ; Input Buffer  ; IOIBUF_X54_Y73_N8   ; Preserved from Post-Fit or Imported Netlist ;
;                                    ;           ;               ;                     ;                                             ;
; ENET1_MDC                          ; Top       ; Output Port   ; n/a                 ;                                             ;
;     -- ENET1_MDC                   ; Top       ; Output Pad    ; IOPAD_X100_Y73_N14  ; Preserved from Post-Fit or Imported Netlist ;
;     -- ENET1_MDC~output            ; Top       ; Output Buffer ; IOOBUF_X100_Y73_N16 ; Preserved from Post-Fit or Imported Netlist ;
;                                    ;           ;               ;                     ;                                             ;
; ENET1_MDIO                         ; Top       ; Input Port    ; n/a                 ;                                             ;
;     -- ENET1_MDIO                  ; Top       ; Input Pad     ; IOPAD_X105_Y73_N0   ; Preserved from Post-Fit or Imported Netlist ;
;     -- ENET1_MDIO~input            ; Top       ; Input Buffer  ; IOIBUF_X105_Y73_N1  ; Preserved from Post-Fit or Imported Netlist ;
;                                    ;           ;               ;                     ;                                             ;
; ENET1_RST_N                        ; Top       ; Output Port   ; n/a                 ;                                             ;
;     -- ENET1_RST_N                 ; Top       ; Output Pad    ; IOPAD_X111_Y73_N0   ; Preserved from Post-Fit or Imported Netlist ;
;     -- ENET1_RST_N~output          ; Top       ; Output Buffer ; IOOBUF_X111_Y73_N2  ; Preserved from Post-Fit or Imported Netlist ;
;                                    ;           ;               ;                     ;                                             ;
; ENET1_RX_CLK                       ; Top       ; Input Port    ; n/a                 ;                                             ;
;     -- ENET1_RX_CLK                ; Top       ; Input Pad     ; IOPAD_X56_Y73_N7    ; Preserved from Post-Fit or Imported Netlist ;
;     -- ENET1_RX_CLK~input          ; Top       ; Input Buffer  ; IOIBUF_X56_Y73_N8   ; Preserved from Post-Fit or Imported Netlist ;
;                                    ;           ;               ;                     ;                                             ;
; ENET1_RX_COL                       ; Top       ; Input Port    ; n/a                 ;                                             ;
;     -- ENET1_RX_COL                ; Top       ; Input Pad     ; IOPAD_X89_Y73_N14   ; Preserved from Post-Fit or Imported Netlist ;
;     -- ENET1_RX_COL~input          ; Top       ; Input Buffer  ; IOIBUF_X89_Y73_N15  ; Preserved from Post-Fit or Imported Netlist ;
;                                    ;           ;               ;                     ;                                             ;
; ENET1_RX_CRS                       ; Top       ; Input Port    ; n/a                 ;                                             ;
;     -- ENET1_RX_CRS                ; Top       ; Input Pad     ; IOPAD_X85_Y73_N14   ; Preserved from Post-Fit or Imported Netlist ;
;     -- ENET1_RX_CRS~input          ; Top       ; Input Buffer  ; IOIBUF_X85_Y73_N15  ; Preserved from Post-Fit or Imported Netlist ;
;                                    ;           ;               ;                     ;                                             ;
; ENET1_RX_DATA[0]                   ; Top       ; Input Port    ; n/a                 ;                                             ;
;     -- ENET1_RX_DATA[0]            ; Top       ; Input Pad     ; IOPAD_X102_Y73_N7   ; Preserved from Post-Fit or Imported Netlist ;
;     -- ENET1_RX_DATA[0]~input      ; Top       ; Input Buffer  ; IOIBUF_X102_Y73_N8  ; Preserved from Post-Fit or Imported Netlist ;
;                                    ;           ;               ;                     ;                                             ;
; ENET1_RX_DATA[1]                   ; Top       ; Input Port    ; n/a                 ;                                             ;
;     -- ENET1_RX_DATA[1]            ; Top       ; Input Pad     ; IOPAD_X91_Y73_N14   ; Preserved from Post-Fit or Imported Netlist ;
;     -- ENET1_RX_DATA[1]~input      ; Top       ; Input Buffer  ; IOIBUF_X91_Y73_N15  ; Preserved from Post-Fit or Imported Netlist ;
;                                    ;           ;               ;                     ;                                             ;
; ENET1_RX_DATA[2]                   ; Top       ; Input Port    ; n/a                 ;                                             ;
;     -- ENET1_RX_DATA[2]            ; Top       ; Input Pad     ; IOPAD_X102_Y73_N0   ; Preserved from Post-Fit or Imported Netlist ;
;     -- ENET1_RX_DATA[2]~input      ; Top       ; Input Buffer  ; IOIBUF_X102_Y73_N1  ; Preserved from Post-Fit or Imported Netlist ;
;                                    ;           ;               ;                     ;                                             ;
; ENET1_RX_DATA[3]                   ; Top       ; Input Port    ; n/a                 ;                                             ;
;     -- ENET1_RX_DATA[3]            ; Top       ; Input Pad     ; IOPAD_X96_Y73_N21   ; Preserved from Post-Fit or Imported Netlist ;
;     -- ENET1_RX_DATA[3]~input      ; Top       ; Input Buffer  ; IOIBUF_X96_Y73_N22  ; Preserved from Post-Fit or Imported Netlist ;
;                                    ;           ;               ;                     ;                                             ;
; ENET1_RX_DV                        ; Top       ; Input Port    ; n/a                 ;                                             ;
;     -- ENET1_RX_DV                 ; Top       ; Input Pad     ; IOPAD_X89_Y73_N7    ; Preserved from Post-Fit or Imported Netlist ;
;     -- ENET1_RX_DV~input           ; Top       ; Input Buffer  ; IOIBUF_X89_Y73_N8   ; Preserved from Post-Fit or Imported Netlist ;
;                                    ;           ;               ;                     ;                                             ;
; ENET1_RX_ER                        ; Top       ; Input Port    ; n/a                 ;                                             ;
;     -- ENET1_RX_ER                 ; Top       ; Input Pad     ; IOPAD_X98_Y73_N14   ; Preserved from Post-Fit or Imported Netlist ;
;     -- ENET1_RX_ER~input           ; Top       ; Input Buffer  ; IOIBUF_X98_Y73_N15  ; Preserved from Post-Fit or Imported Netlist ;
;                                    ;           ;               ;                     ;                                             ;
; ENET1_TX_CLK                       ; Top       ; Input Port    ; n/a                 ;                                             ;
;     -- ENET1_TX_CLK                ; Top       ; Input Pad     ; IOPAD_X96_Y73_N14   ; Preserved from Post-Fit or Imported Netlist ;
;     -- ENET1_TX_CLK~input          ; Top       ; Input Buffer  ; IOIBUF_X96_Y73_N15  ; Preserved from Post-Fit or Imported Netlist ;
;                                    ;           ;               ;                     ;                                             ;
; ENET1_TX_DATA[0]                   ; Top       ; Output Port   ; n/a                 ;                                             ;
;     -- ENET1_TX_DATA[0]            ; Top       ; Output Pad    ; IOPAD_X105_Y73_N7   ; Preserved from Post-Fit or Imported Netlist ;
;     -- ENET1_TX_DATA[0]~output     ; Top       ; Output Buffer ; IOOBUF_X105_Y73_N9  ; Preserved from Post-Fit or Imported Netlist ;
;                                    ;           ;               ;                     ;                                             ;
; ENET1_TX_DATA[1]                   ; Top       ; Output Port   ; n/a                 ;                                             ;
;     -- ENET1_TX_DATA[1]            ; Top       ; Output Pad    ; IOPAD_X109_Y73_N0   ; Preserved from Post-Fit or Imported Netlist ;
;     -- ENET1_TX_DATA[1]~output     ; Top       ; Output Buffer ; IOOBUF_X109_Y73_N2  ; Preserved from Post-Fit or Imported Netlist ;
;                                    ;           ;               ;                     ;                                             ;
; ENET1_TX_DATA[2]                   ; Top       ; Output Port   ; n/a                 ;                                             ;
;     -- ENET1_TX_DATA[2]            ; Top       ; Output Pad    ; IOPAD_X113_Y73_N7   ; Preserved from Post-Fit or Imported Netlist ;
;     -- ENET1_TX_DATA[2]~output     ; Top       ; Output Buffer ; IOOBUF_X113_Y73_N9  ; Preserved from Post-Fit or Imported Netlist ;
;                                    ;           ;               ;                     ;                                             ;
; ENET1_TX_DATA[3]                   ; Top       ; Output Port   ; n/a                 ;                                             ;
;     -- ENET1_TX_DATA[3]            ; Top       ; Output Pad    ; IOPAD_X113_Y73_N0   ; Preserved from Post-Fit or Imported Netlist ;
;     -- ENET1_TX_DATA[3]~output     ; Top       ; Output Buffer ; IOOBUF_X113_Y73_N2  ; Preserved from Post-Fit or Imported Netlist ;
;                                    ;           ;               ;                     ;                                             ;
; ENET1_TX_EN                        ; Top       ; Output Port   ; n/a                 ;                                             ;
;     -- ENET1_TX_EN                 ; Top       ; Output Pad    ; IOPAD_X107_Y73_N0   ; Preserved from Post-Fit or Imported Netlist ;
;     -- ENET1_TX_EN~output          ; Top       ; Output Buffer ; IOOBUF_X107_Y73_N2  ; Preserved from Post-Fit or Imported Netlist ;
;                                    ;           ;               ;                     ;                                             ;
; ENET1_TX_ER                        ; Top       ; Output Port   ; n/a                 ;                                             ;
;     -- ENET1_TX_ER                 ; Top       ; Output Pad    ; IOPAD_X109_Y73_N7   ; Preserved from Post-Fit or Imported Netlist ;
;     -- ENET1_TX_ER~output          ; Top       ; Output Buffer ; IOOBUF_X109_Y73_N9  ; Preserved from Post-Fit or Imported Netlist ;
;                                    ;           ;               ;                     ;                                             ;
; ENETCLK_25                         ; Top       ; Input Port    ; n/a                 ;                                             ;
;     -- ENETCLK_25                  ; Top       ; Input Pad     ; IOPAD_X56_Y73_N14   ; Preserved from Post-Fit or Imported Netlist ;
;     -- ENETCLK_25~input            ; Top       ; Input Buffer  ; IOIBUF_X56_Y73_N15  ; Preserved from Post-Fit or Imported Netlist ;
;                                    ;           ;               ;                     ;                                             ;
; EX_IO[0]                           ; Top       ; Bidir Port    ; n/a                 ;                                             ;
;     -- EX_IO[0]                    ; Top       ; Bidir Pad     ; IOPAD_X20_Y73_N21   ; Preserved from Post-Fit or Imported Netlist ;
;     -- EX_IO[0]~output             ; Top       ; Output Buffer ; IOOBUF_X20_Y73_N23  ; Preserved from Post-Fit or Imported Netlist ;
;                                    ;           ;               ;                     ;                                             ;
; EX_IO[1]                           ; Top       ; Bidir Port    ; n/a                 ;                                             ;
;     -- EX_IO[1]                    ; Top       ; Bidir Pad     ; IOPAD_X49_Y73_N21   ; Preserved from Post-Fit or Imported Netlist ;
;     -- EX_IO[1]~output             ; Top       ; Output Buffer ; IOOBUF_X49_Y73_N23  ; Preserved from Post-Fit or Imported Netlist ;
;                                    ;           ;               ;                     ;                                             ;
; EX_IO[2]                           ; Top       ; Bidir Port    ; n/a                 ;                                             ;
;     -- EX_IO[2]                    ; Top       ; Bidir Pad     ; IOPAD_X38_Y73_N21   ; Preserved from Post-Fit or Imported Netlist ;
;     -- EX_IO[2]~output             ; Top       ; Output Buffer ; IOOBUF_X38_Y73_N23  ; Preserved from Post-Fit or Imported Netlist ;
;                                    ;           ;               ;                     ;                                             ;
; EX_IO[3]                           ; Top       ; Bidir Port    ; n/a                 ;                                             ;
;     -- EX_IO[3]                    ; Top       ; Bidir Pad     ; IOPAD_X49_Y73_N14   ; Preserved from Post-Fit or Imported Netlist ;
;     -- EX_IO[3]~output             ; Top       ; Output Buffer ; IOOBUF_X49_Y73_N16  ; Preserved from Post-Fit or Imported Netlist ;
;                                    ;           ;               ;                     ;                                             ;
; EX_IO[4]                           ; Top       ; Bidir Port    ; n/a                 ;                                             ;
;     -- EX_IO[4]                    ; Top       ; Bidir Pad     ; IOPAD_X45_Y73_N0    ; Preserved from Post-Fit or Imported Netlist ;
;     -- EX_IO[4]~output             ; Top       ; Output Buffer ; IOOBUF_X45_Y73_N2   ; Preserved from Post-Fit or Imported Netlist ;
;                                    ;           ;               ;                     ;                                             ;
; EX_IO[5]                           ; Top       ; Bidir Port    ; n/a                 ;                                             ;
;     -- EX_IO[5]                    ; Top       ; Bidir Pad     ; IOPAD_X18_Y73_N14   ; Preserved from Post-Fit or Imported Netlist ;
;     -- EX_IO[5]~output             ; Top       ; Output Buffer ; IOOBUF_X18_Y73_N16  ; Preserved from Post-Fit or Imported Netlist ;
;                                    ;           ;               ;                     ;                                             ;
; EX_IO[6]                           ; Top       ; Bidir Port    ; n/a                 ;                                             ;
;     -- EX_IO[6]                    ; Top       ; Bidir Pad     ; IOPAD_X23_Y73_N21   ; Preserved from Post-Fit or Imported Netlist ;
;     -- EX_IO[6]~output             ; Top       ; Output Buffer ; IOOBUF_X23_Y73_N23  ; Preserved from Post-Fit or Imported Netlist ;
;                                    ;           ;               ;                     ;                                             ;
; FL_ADDR[0]                         ; Top       ; Output Port   ; n/a                 ;                                             ;
;     -- FL_ADDR[0]                  ; Top       ; Output Pad    ; IOPAD_X54_Y0_N7     ; Preserved from Post-Fit or Imported Netlist ;
;     -- FL_ADDR[0]~output           ; Top       ; Output Buffer ; IOOBUF_X54_Y0_N9    ; Preserved from Post-Fit or Imported Netlist ;
;                                    ;           ;               ;                     ;                                             ;
; FL_ADDR[10]                        ; Top       ; Output Port   ; n/a                 ;                                             ;
;     -- FL_ADDR[10]                 ; Top       ; Output Pad    ; IOPAD_X27_Y0_N21    ; Preserved from Post-Fit or Imported Netlist ;
;     -- FL_ADDR[10]~output          ; Top       ; Output Buffer ; IOOBUF_X27_Y0_N23   ; Preserved from Post-Fit or Imported Netlist ;
;                                    ;           ;               ;                     ;                                             ;
; FL_ADDR[11]                        ; Top       ; Output Port   ; n/a                 ;                                             ;
;     -- FL_ADDR[11]                 ; Top       ; Output Pad    ; IOPAD_X20_Y0_N0     ; Preserved from Post-Fit or Imported Netlist ;
;     -- FL_ADDR[11]~output          ; Top       ; Output Buffer ; IOOBUF_X20_Y0_N2    ; Preserved from Post-Fit or Imported Netlist ;
;                                    ;           ;               ;                     ;                                             ;
; FL_ADDR[12]                        ; Top       ; Output Port   ; n/a                 ;                                             ;
;     -- FL_ADDR[12]                 ; Top       ; Output Pad    ; IOPAD_X18_Y0_N7     ; Preserved from Post-Fit or Imported Netlist ;
;     -- FL_ADDR[12]~output          ; Top       ; Output Buffer ; IOOBUF_X18_Y0_N9    ; Preserved from Post-Fit or Imported Netlist ;
;                                    ;           ;               ;                     ;                                             ;
; FL_ADDR[13]                        ; Top       ; Output Port   ; n/a                 ;                                             ;
;     -- FL_ADDR[13]                 ; Top       ; Output Pad    ; IOPAD_X9_Y0_N7      ; Preserved from Post-Fit or Imported Netlist ;
;     -- FL_ADDR[13]~output          ; Top       ; Output Buffer ; IOOBUF_X9_Y0_N9     ; Preserved from Post-Fit or Imported Netlist ;
;                                    ;           ;               ;                     ;                                             ;
; FL_ADDR[14]                        ; Top       ; Output Port   ; n/a                 ;                                             ;
;     -- FL_ADDR[14]                 ; Top       ; Output Pad    ; IOPAD_X18_Y0_N21    ; Preserved from Post-Fit or Imported Netlist ;
;     -- FL_ADDR[14]~output          ; Top       ; Output Buffer ; IOOBUF_X18_Y0_N23   ; Preserved from Post-Fit or Imported Netlist ;
;                                    ;           ;               ;                     ;                                             ;
; FL_ADDR[15]                        ; Top       ; Output Port   ; n/a                 ;                                             ;
;     -- FL_ADDR[15]                 ; Top       ; Output Pad    ; IOPAD_X7_Y0_N7      ; Preserved from Post-Fit or Imported Netlist ;
;     -- FL_ADDR[15]~output          ; Top       ; Output Buffer ; IOOBUF_X7_Y0_N9     ; Preserved from Post-Fit or Imported Netlist ;
;                                    ;           ;               ;                     ;                                             ;
; FL_ADDR[16]                        ; Top       ; Output Port   ; n/a                 ;                                             ;
;     -- FL_ADDR[16]                 ; Top       ; Output Pad    ; IOPAD_X18_Y0_N14    ; Preserved from Post-Fit or Imported Netlist ;
;     -- FL_ADDR[16]~output          ; Top       ; Output Buffer ; IOOBUF_X18_Y0_N16   ; Preserved from Post-Fit or Imported Netlist ;
;                                    ;           ;               ;                     ;                                             ;
; FL_ADDR[17]                        ; Top       ; Output Port   ; n/a                 ;                                             ;
;     -- FL_ADDR[17]                 ; Top       ; Output Pad    ; IOPAD_X54_Y0_N0     ; Preserved from Post-Fit or Imported Netlist ;
;     -- FL_ADDR[17]~output          ; Top       ; Output Buffer ; IOOBUF_X54_Y0_N2    ; Preserved from Post-Fit or Imported Netlist ;
;                                    ;           ;               ;                     ;                                             ;
; FL_ADDR[18]                        ; Top       ; Output Port   ; n/a                 ;                                             ;
;     -- FL_ADDR[18]                 ; Top       ; Output Pad    ; IOPAD_X45_Y0_N21    ; Preserved from Post-Fit or Imported Netlist ;
;     -- FL_ADDR[18]~output          ; Top       ; Output Buffer ; IOOBUF_X45_Y0_N23   ; Preserved from Post-Fit or Imported Netlist ;
;                                    ;           ;               ;                     ;                                             ;
; FL_ADDR[19]                        ; Top       ; Output Port   ; n/a                 ;                                             ;
;     -- FL_ADDR[19]                 ; Top       ; Output Pad    ; IOPAD_X47_Y0_N0     ; Preserved from Post-Fit or Imported Netlist ;
;     -- FL_ADDR[19]~output          ; Top       ; Output Buffer ; IOOBUF_X47_Y0_N2    ; Preserved from Post-Fit or Imported Netlist ;
;                                    ;           ;               ;                     ;                                             ;
; FL_ADDR[1]                         ; Top       ; Output Port   ; n/a                 ;                                             ;
;     -- FL_ADDR[1]                  ; Top       ; Output Pad    ; IOPAD_X16_Y0_N7     ; Preserved from Post-Fit or Imported Netlist ;
;     -- FL_ADDR[1]~output           ; Top       ; Output Buffer ; IOOBUF_X16_Y0_N9    ; Preserved from Post-Fit or Imported Netlist ;
;                                    ;           ;               ;                     ;                                             ;
; FL_ADDR[20]                        ; Top       ; Output Port   ; n/a                 ;                                             ;
;     -- FL_ADDR[20]                 ; Top       ; Output Pad    ; IOPAD_X29_Y0_N21    ; Preserved from Post-Fit or Imported Netlist ;
;     -- FL_ADDR[20]~output          ; Top       ; Output Buffer ; IOOBUF_X29_Y0_N23   ; Preserved from Post-Fit or Imported Netlist ;
;                                    ;           ;               ;                     ;                                             ;
; FL_ADDR[21]                        ; Top       ; Output Port   ; n/a                 ;                                             ;
;     -- FL_ADDR[21]                 ; Top       ; Output Pad    ; IOPAD_X13_Y0_N21    ; Preserved from Post-Fit or Imported Netlist ;
;     -- FL_ADDR[21]~output          ; Top       ; Output Buffer ; IOOBUF_X13_Y0_N23   ; Preserved from Post-Fit or Imported Netlist ;
;                                    ;           ;               ;                     ;                                             ;
; FL_ADDR[22]                        ; Top       ; Output Port   ; n/a                 ;                                             ;
;     -- FL_ADDR[22]                 ; Top       ; Output Pad    ; IOPAD_X49_Y0_N0     ; Preserved from Post-Fit or Imported Netlist ;
;     -- FL_ADDR[22]~output          ; Top       ; Output Buffer ; IOOBUF_X49_Y0_N2    ; Preserved from Post-Fit or Imported Netlist ;
;                                    ;           ;               ;                     ;                                             ;
; FL_ADDR[2]                         ; Top       ; Output Port   ; n/a                 ;                                             ;
;     -- FL_ADDR[2]                  ; Top       ; Output Pad    ; IOPAD_X52_Y0_N7     ; Preserved from Post-Fit or Imported Netlist ;
;     -- FL_ADDR[2]~output           ; Top       ; Output Buffer ; IOOBUF_X52_Y0_N9    ; Preserved from Post-Fit or Imported Netlist ;
;                                    ;           ;               ;                     ;                                             ;
; FL_ADDR[3]                         ; Top       ; Output Port   ; n/a                 ;                                             ;
;     -- FL_ADDR[3]                  ; Top       ; Output Pad    ; IOPAD_X56_Y0_N7     ; Preserved from Post-Fit or Imported Netlist ;
;     -- FL_ADDR[3]~output           ; Top       ; Output Buffer ; IOOBUF_X56_Y0_N9    ; Preserved from Post-Fit or Imported Netlist ;
;                                    ;           ;               ;                     ;                                             ;
; FL_ADDR[4]                         ; Top       ; Output Port   ; n/a                 ;                                             ;
;     -- FL_ADDR[4]                  ; Top       ; Output Pad    ; IOPAD_X52_Y0_N21    ; Preserved from Post-Fit or Imported Netlist ;
;     -- FL_ADDR[4]~output           ; Top       ; Output Buffer ; IOOBUF_X52_Y0_N23   ; Preserved from Post-Fit or Imported Netlist ;
;                                    ;           ;               ;                     ;                                             ;
; FL_ADDR[5]                         ; Top       ; Output Port   ; n/a                 ;                                             ;
;     -- FL_ADDR[5]                  ; Top       ; Output Pad    ; IOPAD_X52_Y0_N0     ; Preserved from Post-Fit or Imported Netlist ;
;     -- FL_ADDR[5]~output           ; Top       ; Output Buffer ; IOOBUF_X52_Y0_N2    ; Preserved from Post-Fit or Imported Netlist ;
;                                    ;           ;               ;                     ;                                             ;
; FL_ADDR[6]                         ; Top       ; Output Port   ; n/a                 ;                                             ;
;     -- FL_ADDR[6]                  ; Top       ; Output Pad    ; IOPAD_X52_Y0_N14    ; Preserved from Post-Fit or Imported Netlist ;
;     -- FL_ADDR[6]~output           ; Top       ; Output Buffer ; IOOBUF_X52_Y0_N16   ; Preserved from Post-Fit or Imported Netlist ;
;                                    ;           ;               ;                     ;                                             ;
; FL_ADDR[7]                         ; Top       ; Output Port   ; n/a                 ;                                             ;
;     -- FL_ADDR[7]                  ; Top       ; Output Pad    ; IOPAD_X47_Y0_N7     ; Preserved from Post-Fit or Imported Netlist ;
;     -- FL_ADDR[7]~output           ; Top       ; Output Buffer ; IOOBUF_X47_Y0_N9    ; Preserved from Post-Fit or Imported Netlist ;
;                                    ;           ;               ;                     ;                                             ;
; FL_ADDR[8]                         ; Top       ; Output Port   ; n/a                 ;                                             ;
;     -- FL_ADDR[8]                  ; Top       ; Output Pad    ; IOPAD_X45_Y0_N14    ; Preserved from Post-Fit or Imported Netlist ;
;     -- FL_ADDR[8]~output           ; Top       ; Output Buffer ; IOOBUF_X45_Y0_N16   ; Preserved from Post-Fit or Imported Netlist ;
;                                    ;           ;               ;                     ;                                             ;
; FL_ADDR[9]                         ; Top       ; Output Port   ; n/a                 ;                                             ;
;     -- FL_ADDR[9]                  ; Top       ; Output Pad    ; IOPAD_X38_Y0_N7     ; Preserved from Post-Fit or Imported Netlist ;
;     -- FL_ADDR[9]~output           ; Top       ; Output Buffer ; IOOBUF_X38_Y0_N9    ; Preserved from Post-Fit or Imported Netlist ;
;                                    ;           ;               ;                     ;                                             ;
; FL_CE_N                            ; Top       ; Output Port   ; n/a                 ;                                             ;
;     -- FL_CE_N                     ; Top       ; Output Pad    ; IOPAD_X16_Y0_N21    ; Preserved from Post-Fit or Imported Netlist ;
;     -- FL_CE_N~output              ; Top       ; Output Buffer ; IOOBUF_X16_Y0_N23   ; Preserved from Post-Fit or Imported Netlist ;
;                                    ;           ;               ;                     ;                                             ;
; FL_DQ[0]                           ; Top       ; Bidir Port    ; n/a                 ;                                             ;
;     -- FL_DQ[0]                    ; Top       ; Bidir Pad     ; IOPAD_X20_Y0_N21    ; Preserved from Post-Fit or Imported Netlist ;
;     -- FL_DQ[0]~output             ; Top       ; Output Buffer ; IOOBUF_X20_Y0_N23   ; Preserved from Post-Fit or Imported Netlist ;
;                                    ;           ;               ;                     ;                                             ;
; FL_DQ[1]                           ; Top       ; Bidir Port    ; n/a                 ;                                             ;
;     -- FL_DQ[1]                    ; Top       ; Bidir Pad     ; IOPAD_X29_Y0_N14    ; Preserved from Post-Fit or Imported Netlist ;
;     -- FL_DQ[1]~output             ; Top       ; Output Buffer ; IOOBUF_X29_Y0_N16   ; Preserved from Post-Fit or Imported Netlist ;
;                                    ;           ;               ;                     ;                                             ;
; FL_DQ[2]                           ; Top       ; Bidir Port    ; n/a                 ;                                             ;
;     -- FL_DQ[2]                    ; Top       ; Bidir Pad     ; IOPAD_X31_Y0_N7     ; Preserved from Post-Fit or Imported Netlist ;
;     -- FL_DQ[2]~output             ; Top       ; Output Buffer ; IOOBUF_X31_Y0_N9    ; Preserved from Post-Fit or Imported Netlist ;
;                                    ;           ;               ;                     ;                                             ;
; FL_DQ[3]                           ; Top       ; Bidir Port    ; n/a                 ;                                             ;
;     -- FL_DQ[3]                    ; Top       ; Bidir Pad     ; IOPAD_X31_Y0_N0     ; Preserved from Post-Fit or Imported Netlist ;
;     -- FL_DQ[3]~output             ; Top       ; Output Buffer ; IOOBUF_X31_Y0_N2    ; Preserved from Post-Fit or Imported Netlist ;
;                                    ;           ;               ;                     ;                                             ;
; FL_DQ[4]                           ; Top       ; Bidir Port    ; n/a                 ;                                             ;
;     -- FL_DQ[4]                    ; Top       ; Bidir Pad     ; IOPAD_X35_Y0_N14    ; Preserved from Post-Fit or Imported Netlist ;
;     -- FL_DQ[4]~output             ; Top       ; Output Buffer ; IOOBUF_X35_Y0_N16   ; Preserved from Post-Fit or Imported Netlist ;
;                                    ;           ;               ;                     ;                                             ;
; FL_DQ[5]                           ; Top       ; Bidir Port    ; n/a                 ;                                             ;
;     -- FL_DQ[5]                    ; Top       ; Bidir Pad     ; IOPAD_X40_Y0_N21    ; Preserved from Post-Fit or Imported Netlist ;
;     -- FL_DQ[5]~output             ; Top       ; Output Buffer ; IOOBUF_X40_Y0_N23   ; Preserved from Post-Fit or Imported Netlist ;
;                                    ;           ;               ;                     ;                                             ;
; FL_DQ[6]                           ; Top       ; Bidir Port    ; n/a                 ;                                             ;
;     -- FL_DQ[6]                    ; Top       ; Bidir Pad     ; IOPAD_X40_Y0_N14    ; Preserved from Post-Fit or Imported Netlist ;
;     -- FL_DQ[6]~output             ; Top       ; Output Buffer ; IOOBUF_X40_Y0_N16   ; Preserved from Post-Fit or Imported Netlist ;
;                                    ;           ;               ;                     ;                                             ;
; FL_DQ[7]                           ; Top       ; Bidir Port    ; n/a                 ;                                             ;
;     -- FL_DQ[7]                    ; Top       ; Bidir Pad     ; IOPAD_X33_Y0_N0     ; Preserved from Post-Fit or Imported Netlist ;
;     -- FL_DQ[7]~output             ; Top       ; Output Buffer ; IOOBUF_X33_Y0_N2    ; Preserved from Post-Fit or Imported Netlist ;
;                                    ;           ;               ;                     ;                                             ;
; FL_OE_N                            ; Top       ; Output Port   ; n/a                 ;                                             ;
;     -- FL_OE_N                     ; Top       ; Output Pad    ; IOPAD_X18_Y0_N0     ; Preserved from Post-Fit or Imported Netlist ;
;     -- FL_OE_N~output              ; Top       ; Output Buffer ; IOOBUF_X18_Y0_N2    ; Preserved from Post-Fit or Imported Netlist ;
;                                    ;           ;               ;                     ;                                             ;
; FL_RST_N                           ; Top       ; Output Port   ; n/a                 ;                                             ;
;     -- FL_RST_N                    ; Top       ; Output Pad    ; IOPAD_X35_Y0_N21    ; Preserved from Post-Fit or Imported Netlist ;
;     -- FL_RST_N~output             ; Top       ; Output Buffer ; IOOBUF_X35_Y0_N23   ; Preserved from Post-Fit or Imported Netlist ;
;                                    ;           ;               ;                     ;                                             ;
; FL_RY                              ; Top       ; Input Port    ; n/a                 ;                                             ;
;     -- FL_RY                       ; Top       ; Input Pad     ; IOPAD_X0_Y36_N21    ; Preserved from Post-Fit or Imported Netlist ;
;     -- FL_RY~input                 ; Top       ; Input Buffer  ; IOIBUF_X0_Y36_N22   ; Preserved from Post-Fit or Imported Netlist ;
;                                    ;           ;               ;                     ;                                             ;
; FL_WE_N                            ; Top       ; Output Port   ; n/a                 ;                                             ;
;     -- FL_WE_N                     ; Top       ; Output Pad    ; IOPAD_X38_Y0_N0     ; Preserved from Post-Fit or Imported Netlist ;
;     -- FL_WE_N~output              ; Top       ; Output Buffer ; IOOBUF_X38_Y0_N2    ; Preserved from Post-Fit or Imported Netlist ;
;                                    ;           ;               ;                     ;                                             ;
; FL_WP_N                            ; Top       ; Output Port   ; n/a                 ;                                             ;
;     -- FL_WP_N                     ; Top       ; Output Pad    ; IOPAD_X33_Y0_N7     ; Preserved from Post-Fit or Imported Netlist ;
;     -- FL_WP_N~output              ; Top       ; Output Buffer ; IOOBUF_X33_Y0_N9    ; Preserved from Post-Fit or Imported Netlist ;
;                                    ;           ;               ;                     ;                                             ;
; GPIO[0]                            ; Top       ; Bidir Port    ; n/a                 ;                                             ;
;     -- GPIO[0]                     ; Top       ; Bidir Pad     ; IOPAD_X107_Y0_N0    ; Preserved from Post-Fit or Imported Netlist ;
;     -- GPIO[0]~output              ; Top       ; Output Buffer ; IOOBUF_X107_Y0_N2   ; Preserved from Post-Fit or Imported Netlist ;
;                                    ;           ;               ;                     ;                                             ;
; GPIO[10]                           ; Top       ; Bidir Port    ; n/a                 ;                                             ;
;     -- GPIO[10]                    ; Top       ; Bidir Pad     ; IOPAD_X94_Y0_N7     ; Preserved from Post-Fit or Imported Netlist ;
;     -- GPIO[10]~output             ; Top       ; Output Buffer ; IOOBUF_X94_Y0_N9    ; Preserved from Post-Fit or Imported Netlist ;
;                                    ;           ;               ;                     ;                                             ;
; GPIO[11]                           ; Top       ; Bidir Port    ; n/a                 ;                                             ;
;     -- GPIO[11]                    ; Top       ; Bidir Pad     ; IOPAD_X65_Y0_N14    ; Preserved from Post-Fit or Imported Netlist ;
;     -- GPIO[11]~output             ; Top       ; Output Buffer ; IOOBUF_X65_Y0_N16   ; Preserved from Post-Fit or Imported Netlist ;
;                                    ;           ;               ;                     ;                                             ;
; GPIO[12]                           ; Top       ; Bidir Port    ; n/a                 ;                                             ;
;     -- GPIO[12]                    ; Top       ; Bidir Pad     ; IOPAD_X94_Y0_N0     ; Preserved from Post-Fit or Imported Netlist ;
;     -- GPIO[12]~output             ; Top       ; Output Buffer ; IOOBUF_X94_Y0_N2    ; Preserved from Post-Fit or Imported Netlist ;
;                                    ;           ;               ;                     ;                                             ;
; GPIO[13]                           ; Top       ; Bidir Port    ; n/a                 ;                                             ;
;     -- GPIO[13]                    ; Top       ; Bidir Pad     ; IOPAD_X60_Y0_N0     ; Preserved from Post-Fit or Imported Netlist ;
;     -- GPIO[13]~output             ; Top       ; Output Buffer ; IOOBUF_X60_Y0_N2    ; Preserved from Post-Fit or Imported Netlist ;
;                                    ;           ;               ;                     ;                                             ;
; GPIO[14]                           ; Top       ; Bidir Port    ; n/a                 ;                                             ;
;     -- GPIO[14]                    ; Top       ; Bidir Pad     ; IOPAD_X83_Y0_N7     ; Preserved from Post-Fit or Imported Netlist ;
;     -- GPIO[14]~output             ; Top       ; Output Buffer ; IOOBUF_X83_Y0_N9    ; Preserved from Post-Fit or Imported Netlist ;
;                                    ;           ;               ;                     ;                                             ;
; GPIO[15]                           ; Top       ; Bidir Port    ; n/a                 ;                                             ;
;     -- GPIO[15]                    ; Top       ; Bidir Pad     ; IOPAD_X85_Y0_N0     ; Preserved from Post-Fit or Imported Netlist ;
;     -- GPIO[15]~output             ; Top       ; Output Buffer ; IOOBUF_X85_Y0_N2    ; Preserved from Post-Fit or Imported Netlist ;
;                                    ;           ;               ;                     ;                                             ;
; GPIO[16]                           ; Top       ; Bidir Port    ; n/a                 ;                                             ;
;     -- GPIO[16]                    ; Top       ; Bidir Pad     ; IOPAD_X83_Y0_N0     ; Preserved from Post-Fit or Imported Netlist ;
;     -- GPIO[16]~output             ; Top       ; Output Buffer ; IOOBUF_X83_Y0_N2    ; Preserved from Post-Fit or Imported Netlist ;
;                                    ;           ;               ;                     ;                                             ;
; GPIO[17]                           ; Top       ; Bidir Port    ; n/a                 ;                                             ;
;     -- GPIO[17]                    ; Top       ; Bidir Pad     ; IOPAD_X109_Y0_N0    ; Preserved from Post-Fit or Imported Netlist ;
;     -- GPIO[17]~output             ; Top       ; Output Buffer ; IOOBUF_X109_Y0_N2   ; Preserved from Post-Fit or Imported Netlist ;
;                                    ;           ;               ;                     ;                                             ;
; GPIO[18]                           ; Top       ; Bidir Port    ; n/a                 ;                                             ;
;     -- GPIO[18]                    ; Top       ; Bidir Pad     ; IOPAD_X96_Y0_N7     ; Preserved from Post-Fit or Imported Netlist ;
;     -- GPIO[18]~output             ; Top       ; Output Buffer ; IOOBUF_X96_Y0_N9    ; Preserved from Post-Fit or Imported Netlist ;
;                                    ;           ;               ;                     ;                                             ;
; GPIO[19]                           ; Top       ; Bidir Port    ; n/a                 ;                                             ;
;     -- GPIO[19]                    ; Top       ; Bidir Pad     ; IOPAD_X87_Y0_N21    ; Preserved from Post-Fit or Imported Netlist ;
;     -- GPIO[19]~output             ; Top       ; Output Buffer ; IOOBUF_X87_Y0_N23   ; Preserved from Post-Fit or Imported Netlist ;
;                                    ;           ;               ;                     ;                                             ;
; GPIO[1]                            ; Top       ; Bidir Port    ; n/a                 ;                                             ;
;     -- GPIO[1]                     ; Top       ; Bidir Pad     ; IOPAD_X60_Y0_N21    ; Preserved from Post-Fit or Imported Netlist ;
;     -- GPIO[1]~output              ; Top       ; Output Buffer ; IOOBUF_X60_Y0_N23   ; Preserved from Post-Fit or Imported Netlist ;
;                                    ;           ;               ;                     ;                                             ;
; GPIO[20]                           ; Top       ; Bidir Port    ; n/a                 ;                                             ;
;     -- GPIO[20]                    ; Top       ; Bidir Pad     ; IOPAD_X96_Y0_N0     ; Preserved from Post-Fit or Imported Netlist ;
;     -- GPIO[20]~output             ; Top       ; Output Buffer ; IOOBUF_X96_Y0_N2    ; Preserved from Post-Fit or Imported Netlist ;
;                                    ;           ;               ;                     ;                                             ;
; GPIO[21]                           ; Top       ; Bidir Port    ; n/a                 ;                                             ;
;     -- GPIO[21]                    ; Top       ; Bidir Pad     ; IOPAD_X111_Y0_N7    ; Preserved from Post-Fit or Imported Netlist ;
;     -- GPIO[21]~output             ; Top       ; Output Buffer ; IOOBUF_X111_Y0_N9   ; Preserved from Post-Fit or Imported Netlist ;
;                                    ;           ;               ;                     ;                                             ;
; GPIO[22]                           ; Top       ; Bidir Port    ; n/a                 ;                                             ;
;     -- GPIO[22]                    ; Top       ; Bidir Pad     ; IOPAD_X91_Y0_N21    ; Preserved from Post-Fit or Imported Netlist ;
;     -- GPIO[22]~output             ; Top       ; Output Buffer ; IOOBUF_X91_Y0_N23   ; Preserved from Post-Fit or Imported Netlist ;
;                                    ;           ;               ;                     ;                                             ;
; GPIO[23]                           ; Top       ; Bidir Port    ; n/a                 ;                                             ;
;     -- GPIO[23]                    ; Top       ; Bidir Pad     ; IOPAD_X100_Y0_N21   ; Preserved from Post-Fit or Imported Netlist ;
;     -- GPIO[23]~output             ; Top       ; Output Buffer ; IOOBUF_X100_Y0_N23  ; Preserved from Post-Fit or Imported Netlist ;
;                                    ;           ;               ;                     ;                                             ;
; GPIO[24]                           ; Top       ; Bidir Port    ; n/a                 ;                                             ;
;     -- GPIO[24]                    ; Top       ; Bidir Pad     ; IOPAD_X91_Y0_N14    ; Preserved from Post-Fit or Imported Netlist ;
;     -- GPIO[24]~output             ; Top       ; Output Buffer ; IOOBUF_X91_Y0_N16   ; Preserved from Post-Fit or Imported Netlist ;
;                                    ;           ;               ;                     ;                                             ;
; GPIO[25]                           ; Top       ; Bidir Port    ; n/a                 ;                                             ;
;     -- GPIO[25]                    ; Top       ; Bidir Pad     ; IOPAD_X89_Y0_N7     ; Preserved from Post-Fit or Imported Netlist ;
;     -- GPIO[25]~output             ; Top       ; Output Buffer ; IOOBUF_X89_Y0_N9    ; Preserved from Post-Fit or Imported Netlist ;
;                                    ;           ;               ;                     ;                                             ;
; GPIO[26]                           ; Top       ; Bidir Port    ; n/a                 ;                                             ;
;     -- GPIO[26]                    ; Top       ; Bidir Pad     ; IOPAD_X79_Y0_N7     ; Preserved from Post-Fit or Imported Netlist ;
;     -- GPIO[26]~output             ; Top       ; Output Buffer ; IOOBUF_X79_Y0_N9    ; Preserved from Post-Fit or Imported Netlist ;
;                                    ;           ;               ;                     ;                                             ;
; GPIO[27]                           ; Top       ; Bidir Port    ; n/a                 ;                                             ;
;     -- GPIO[27]                    ; Top       ; Bidir Pad     ; IOPAD_X100_Y0_N14   ; Preserved from Post-Fit or Imported Netlist ;
;     -- GPIO[27]~output             ; Top       ; Output Buffer ; IOOBUF_X100_Y0_N16  ; Preserved from Post-Fit or Imported Netlist ;
;                                    ;           ;               ;                     ;                                             ;
; GPIO[28]                           ; Top       ; Bidir Port    ; n/a                 ;                                             ;
;     -- GPIO[28]                    ; Top       ; Bidir Pad     ; IOPAD_X79_Y0_N0     ; Preserved from Post-Fit or Imported Netlist ;
;     -- GPIO[28]~output             ; Top       ; Output Buffer ; IOOBUF_X79_Y0_N2    ; Preserved from Post-Fit or Imported Netlist ;
;                                    ;           ;               ;                     ;                                             ;
; GPIO[29]                           ; Top       ; Bidir Port    ; n/a                 ;                                             ;
;     -- GPIO[29]                    ; Top       ; Bidir Pad     ; IOPAD_X89_Y0_N0     ; Preserved from Post-Fit or Imported Netlist ;
;     -- GPIO[29]~output             ; Top       ; Output Buffer ; IOOBUF_X89_Y0_N2    ; Preserved from Post-Fit or Imported Netlist ;
;                                    ;           ;               ;                     ;                                             ;
; GPIO[2]                            ; Top       ; Bidir Port    ; n/a                 ;                                             ;
;     -- GPIO[2]                     ; Top       ; Bidir Pad     ; IOPAD_X109_Y0_N7    ; Preserved from Post-Fit or Imported Netlist ;
;     -- GPIO[2]~output              ; Top       ; Output Buffer ; IOOBUF_X109_Y0_N9   ; Preserved from Post-Fit or Imported Netlist ;
;                                    ;           ;               ;                     ;                                             ;
; GPIO[30]                           ; Top       ; Bidir Port    ; n/a                 ;                                             ;
;     -- GPIO[30]                    ; Top       ; Bidir Pad     ; IOPAD_X85_Y0_N21    ; Preserved from Post-Fit or Imported Netlist ;
;     -- GPIO[30]~output             ; Top       ; Output Buffer ; IOOBUF_X85_Y0_N23   ; Preserved from Post-Fit or Imported Netlist ;
;                                    ;           ;               ;                     ;                                             ;
; GPIO[31]                           ; Top       ; Bidir Port    ; n/a                 ;                                             ;
;     -- GPIO[31]                    ; Top       ; Bidir Pad     ; IOPAD_X81_Y0_N21    ; Preserved from Post-Fit or Imported Netlist ;
;     -- GPIO[31]~output             ; Top       ; Output Buffer ; IOOBUF_X81_Y0_N23   ; Preserved from Post-Fit or Imported Netlist ;
;                                    ;           ;               ;                     ;                                             ;
; GPIO[32]                           ; Top       ; Bidir Port    ; n/a                 ;                                             ;
;     -- GPIO[32]                    ; Top       ; Bidir Pad     ; IOPAD_X85_Y0_N14    ; Preserved from Post-Fit or Imported Netlist ;
;     -- GPIO[32]~output             ; Top       ; Output Buffer ; IOOBUF_X85_Y0_N16   ; Preserved from Post-Fit or Imported Netlist ;
;                                    ;           ;               ;                     ;                                             ;
; GPIO[33]                           ; Top       ; Bidir Port    ; n/a                 ;                                             ;
;     -- GPIO[33]                    ; Top       ; Bidir Pad     ; IOPAD_X113_Y0_N0    ; Preserved from Post-Fit or Imported Netlist ;
;     -- GPIO[33]~output             ; Top       ; Output Buffer ; IOOBUF_X113_Y0_N2   ; Preserved from Post-Fit or Imported Netlist ;
;                                    ;           ;               ;                     ;                                             ;
; GPIO[34]                           ; Top       ; Bidir Port    ; n/a                 ;                                             ;
;     -- GPIO[34]                    ; Top       ; Bidir Pad     ; IOPAD_X81_Y0_N14    ; Preserved from Post-Fit or Imported Netlist ;
;     -- GPIO[34]~output             ; Top       ; Output Buffer ; IOOBUF_X81_Y0_N16   ; Preserved from Post-Fit or Imported Netlist ;
;                                    ;           ;               ;                     ;                                             ;
; GPIO[35]                           ; Top       ; Bidir Port    ; n/a                 ;                                             ;
;     -- GPIO[35]                    ; Top       ; Bidir Pad     ; IOPAD_X113_Y0_N7    ; Preserved from Post-Fit or Imported Netlist ;
;     -- GPIO[35]~output             ; Top       ; Output Buffer ; IOOBUF_X113_Y0_N9   ; Preserved from Post-Fit or Imported Netlist ;
;                                    ;           ;               ;                     ;                                             ;
; GPIO[3]                            ; Top       ; Bidir Port    ; n/a                 ;                                             ;
;     -- GPIO[3]                     ; Top       ; Bidir Pad     ; IOPAD_X96_Y0_N21    ; Preserved from Post-Fit or Imported Netlist ;
;     -- GPIO[3]~output              ; Top       ; Output Buffer ; IOOBUF_X96_Y0_N23   ; Preserved from Post-Fit or Imported Netlist ;
;                                    ;           ;               ;                     ;                                             ;
; GPIO[4]                            ; Top       ; Bidir Port    ; n/a                 ;                                             ;
;     -- GPIO[4]                     ; Top       ; Bidir Pad     ; IOPAD_X102_Y0_N21   ; Preserved from Post-Fit or Imported Netlist ;
;     -- GPIO[4]~output              ; Top       ; Output Buffer ; IOOBUF_X102_Y0_N23  ; Preserved from Post-Fit or Imported Netlist ;
;                                    ;           ;               ;                     ;                                             ;
; GPIO[5]                            ; Top       ; Bidir Port    ; n/a                 ;                                             ;
;     -- GPIO[5]                     ; Top       ; Bidir Pad     ; IOPAD_X96_Y0_N14    ; Preserved from Post-Fit or Imported Netlist ;
;     -- GPIO[5]~output              ; Top       ; Output Buffer ; IOOBUF_X96_Y0_N16   ; Preserved from Post-Fit or Imported Netlist ;
;                                    ;           ;               ;                     ;                                             ;
; GPIO[6]                            ; Top       ; Bidir Port    ; n/a                 ;                                             ;
;     -- GPIO[6]                     ; Top       ; Bidir Pad     ; IOPAD_X102_Y0_N14   ; Preserved from Post-Fit or Imported Netlist ;
;     -- GPIO[6]~output              ; Top       ; Output Buffer ; IOOBUF_X102_Y0_N16  ; Preserved from Post-Fit or Imported Netlist ;
;                                    ;           ;               ;                     ;                                             ;
; GPIO[7]                            ; Top       ; Bidir Port    ; n/a                 ;                                             ;
;     -- GPIO[7]                     ; Top       ; Bidir Pad     ; IOPAD_X65_Y0_N21    ; Preserved from Post-Fit or Imported Netlist ;
;     -- GPIO[7]~output              ; Top       ; Output Buffer ; IOOBUF_X65_Y0_N23   ; Preserved from Post-Fit or Imported Netlist ;
;                                    ;           ;               ;                     ;                                             ;
; GPIO[8]                            ; Top       ; Bidir Port    ; n/a                 ;                                             ;
;     -- GPIO[8]                     ; Top       ; Bidir Pad     ; IOPAD_X60_Y0_N14    ; Preserved from Post-Fit or Imported Netlist ;
;     -- GPIO[8]~output              ; Top       ; Output Buffer ; IOOBUF_X60_Y0_N16   ; Preserved from Post-Fit or Imported Netlist ;
;                                    ;           ;               ;                     ;                                             ;
; GPIO[9]                            ; Top       ; Bidir Port    ; n/a                 ;                                             ;
;     -- GPIO[9]                     ; Top       ; Bidir Pad     ; IOPAD_X60_Y0_N7     ; Preserved from Post-Fit or Imported Netlist ;
;     -- GPIO[9]~output              ; Top       ; Output Buffer ; IOOBUF_X60_Y0_N9    ; Preserved from Post-Fit or Imported Netlist ;
;                                    ;           ;               ;                     ;                                             ;
; HEX0[0]                            ; Top       ; Output Port   ; n/a                 ;                                             ;
;     -- HEX0[0]                     ; Top       ; Output Pad    ; IOPAD_X69_Y73_N21   ; Preserved from Post-Fit or Imported Netlist ;
;     -- HEX0[0]~output              ; Top       ; Output Buffer ; IOOBUF_X69_Y73_N23  ; Preserved from Post-Fit or Imported Netlist ;
;                                    ;           ;               ;                     ;                                             ;
; HEX0[1]                            ; Top       ; Output Port   ; n/a                 ;                                             ;
;     -- HEX0[1]                     ; Top       ; Output Pad    ; IOPAD_X107_Y73_N21  ; Preserved from Post-Fit or Imported Netlist ;
;     -- HEX0[1]~output              ; Top       ; Output Buffer ; IOOBUF_X107_Y73_N23 ; Preserved from Post-Fit or Imported Netlist ;
;                                    ;           ;               ;                     ;                                             ;
; HEX0[2]                            ; Top       ; Output Port   ; n/a                 ;                                             ;
;     -- HEX0[2]                     ; Top       ; Output Pad    ; IOPAD_X67_Y73_N21   ; Preserved from Post-Fit or Imported Netlist ;
;     -- HEX0[2]~output              ; Top       ; Output Buffer ; IOOBUF_X67_Y73_N23  ; Preserved from Post-Fit or Imported Netlist ;
;                                    ;           ;               ;                     ;                                             ;
; HEX0[3]                            ; Top       ; Output Port   ; n/a                 ;                                             ;
;     -- HEX0[3]                     ; Top       ; Output Pad    ; IOPAD_X115_Y50_N0   ; Preserved from Post-Fit or Imported Netlist ;
;     -- HEX0[3]~output              ; Top       ; Output Buffer ; IOOBUF_X115_Y50_N2  ; Preserved from Post-Fit or Imported Netlist ;
;                                    ;           ;               ;                     ;                                             ;
; HEX0[4]                            ; Top       ; Output Port   ; n/a                 ;                                             ;
;     -- HEX0[4]                     ; Top       ; Output Pad    ; IOPAD_X115_Y54_N14  ; Preserved from Post-Fit or Imported Netlist ;
;     -- HEX0[4]~output              ; Top       ; Output Buffer ; IOOBUF_X115_Y54_N16 ; Preserved from Post-Fit or Imported Netlist ;
;                                    ;           ;               ;                     ;                                             ;
; HEX0[5]                            ; Top       ; Output Port   ; n/a                 ;                                             ;
;     -- HEX0[5]                     ; Top       ; Output Pad    ; IOPAD_X115_Y67_N14  ; Preserved from Post-Fit or Imported Netlist ;
;     -- HEX0[5]~output              ; Top       ; Output Buffer ; IOOBUF_X115_Y67_N16 ; Preserved from Post-Fit or Imported Netlist ;
;                                    ;           ;               ;                     ;                                             ;
; HEX0[6]                            ; Top       ; Output Port   ; n/a                 ;                                             ;
;     -- HEX0[6]                     ; Top       ; Output Pad    ; IOPAD_X115_Y69_N0   ; Preserved from Post-Fit or Imported Netlist ;
;     -- HEX0[6]~output              ; Top       ; Output Buffer ; IOOBUF_X115_Y69_N2  ; Preserved from Post-Fit or Imported Netlist ;
;                                    ;           ;               ;                     ;                                             ;
; HEX1[0]                            ; Top       ; Output Port   ; n/a                 ;                                             ;
;     -- HEX1[0]                     ; Top       ; Output Pad    ; IOPAD_X115_Y41_N0   ; Preserved from Post-Fit or Imported Netlist ;
;     -- HEX1[0]~output              ; Top       ; Output Buffer ; IOOBUF_X115_Y41_N2  ; Preserved from Post-Fit or Imported Netlist ;
;                                    ;           ;               ;                     ;                                             ;
; HEX1[1]                            ; Top       ; Output Port   ; n/a                 ;                                             ;
;     -- HEX1[1]                     ; Top       ; Output Pad    ; IOPAD_X115_Y30_N7   ; Preserved from Post-Fit or Imported Netlist ;
;     -- HEX1[1]~output              ; Top       ; Output Buffer ; IOOBUF_X115_Y30_N9  ; Preserved from Post-Fit or Imported Netlist ;
;                                    ;           ;               ;                     ;                                             ;
; HEX1[2]                            ; Top       ; Output Port   ; n/a                 ;                                             ;
;     -- HEX1[2]                     ; Top       ; Output Pad    ; IOPAD_X115_Y25_N21  ; Preserved from Post-Fit or Imported Netlist ;
;     -- HEX1[2]~output              ; Top       ; Output Buffer ; IOOBUF_X115_Y25_N23 ; Preserved from Post-Fit or Imported Netlist ;
;                                    ;           ;               ;                     ;                                             ;
; HEX1[3]                            ; Top       ; Output Port   ; n/a                 ;                                             ;
;     -- HEX1[3]                     ; Top       ; Output Pad    ; IOPAD_X115_Y30_N0   ; Preserved from Post-Fit or Imported Netlist ;
;     -- HEX1[3]~output              ; Top       ; Output Buffer ; IOOBUF_X115_Y30_N2  ; Preserved from Post-Fit or Imported Netlist ;
;                                    ;           ;               ;                     ;                                             ;
; HEX1[4]                            ; Top       ; Output Port   ; n/a                 ;                                             ;
;     -- HEX1[4]                     ; Top       ; Output Pad    ; IOPAD_X115_Y20_N7   ; Preserved from Post-Fit or Imported Netlist ;
;     -- HEX1[4]~output              ; Top       ; Output Buffer ; IOOBUF_X115_Y20_N9  ; Preserved from Post-Fit or Imported Netlist ;
;                                    ;           ;               ;                     ;                                             ;
; HEX1[5]                            ; Top       ; Output Port   ; n/a                 ;                                             ;
;     -- HEX1[5]                     ; Top       ; Output Pad    ; IOPAD_X115_Y22_N0   ; Preserved from Post-Fit or Imported Netlist ;
;     -- HEX1[5]~output              ; Top       ; Output Buffer ; IOOBUF_X115_Y22_N2  ; Preserved from Post-Fit or Imported Netlist ;
;                                    ;           ;               ;                     ;                                             ;
; HEX1[6]                            ; Top       ; Output Port   ; n/a                 ;                                             ;
;     -- HEX1[6]                     ; Top       ; Output Pad    ; IOPAD_X115_Y28_N7   ; Preserved from Post-Fit or Imported Netlist ;
;     -- HEX1[6]~output              ; Top       ; Output Buffer ; IOOBUF_X115_Y28_N9  ; Preserved from Post-Fit or Imported Netlist ;
;                                    ;           ;               ;                     ;                                             ;
; HEX2[0]                            ; Top       ; Output Port   ; n/a                 ;                                             ;
;     -- HEX2[0]                     ; Top       ; Output Pad    ; IOPAD_X115_Y17_N7   ; Preserved from Post-Fit or Imported Netlist ;
;     -- HEX2[0]~output              ; Top       ; Output Buffer ; IOOBUF_X115_Y17_N9  ; Preserved from Post-Fit or Imported Netlist ;
;                                    ;           ;               ;                     ;                                             ;
; HEX2[1]                            ; Top       ; Output Port   ; n/a                 ;                                             ;
;     -- HEX2[1]                     ; Top       ; Output Pad    ; IOPAD_X115_Y16_N0   ; Preserved from Post-Fit or Imported Netlist ;
;     -- HEX2[1]~output              ; Top       ; Output Buffer ; IOOBUF_X115_Y16_N2  ; Preserved from Post-Fit or Imported Netlist ;
;                                    ;           ;               ;                     ;                                             ;
; HEX2[2]                            ; Top       ; Output Port   ; n/a                 ;                                             ;
;     -- HEX2[2]                     ; Top       ; Output Pad    ; IOPAD_X115_Y19_N7   ; Preserved from Post-Fit or Imported Netlist ;
;     -- HEX2[2]~output              ; Top       ; Output Buffer ; IOOBUF_X115_Y19_N9  ; Preserved from Post-Fit or Imported Netlist ;
;                                    ;           ;               ;                     ;                                             ;
; HEX2[3]                            ; Top       ; Output Port   ; n/a                 ;                                             ;
;     -- HEX2[3]                     ; Top       ; Output Pad    ; IOPAD_X115_Y19_N0   ; Preserved from Post-Fit or Imported Netlist ;
;     -- HEX2[3]~output              ; Top       ; Output Buffer ; IOOBUF_X115_Y19_N2  ; Preserved from Post-Fit or Imported Netlist ;
;                                    ;           ;               ;                     ;                                             ;
; HEX2[4]                            ; Top       ; Output Port   ; n/a                 ;                                             ;
;     -- HEX2[4]                     ; Top       ; Output Pad    ; IOPAD_X115_Y18_N0   ; Preserved from Post-Fit or Imported Netlist ;
;     -- HEX2[4]~output              ; Top       ; Output Buffer ; IOOBUF_X115_Y18_N2  ; Preserved from Post-Fit or Imported Netlist ;
;                                    ;           ;               ;                     ;                                             ;
; HEX2[5]                            ; Top       ; Output Port   ; n/a                 ;                                             ;
;     -- HEX2[5]                     ; Top       ; Output Pad    ; IOPAD_X115_Y20_N0   ; Preserved from Post-Fit or Imported Netlist ;
;     -- HEX2[5]~output              ; Top       ; Output Buffer ; IOOBUF_X115_Y20_N2  ; Preserved from Post-Fit or Imported Netlist ;
;                                    ;           ;               ;                     ;                                             ;
; HEX2[6]                            ; Top       ; Output Port   ; n/a                 ;                                             ;
;     -- HEX2[6]                     ; Top       ; Output Pad    ; IOPAD_X115_Y21_N14  ; Preserved from Post-Fit or Imported Netlist ;
;     -- HEX2[6]~output              ; Top       ; Output Buffer ; IOOBUF_X115_Y21_N16 ; Preserved from Post-Fit or Imported Netlist ;
;                                    ;           ;               ;                     ;                                             ;
; HEX3[0]                            ; Top       ; Output Port   ; n/a                 ;                                             ;
;     -- HEX3[0]                     ; Top       ; Output Pad    ; IOPAD_X115_Y25_N14  ; Preserved from Post-Fit or Imported Netlist ;
;     -- HEX3[0]~output              ; Top       ; Output Buffer ; IOOBUF_X115_Y25_N16 ; Preserved from Post-Fit or Imported Netlist ;
;                                    ;           ;               ;                     ;                                             ;
; HEX3[1]                            ; Top       ; Output Port   ; n/a                 ;                                             ;
;     -- HEX3[1]                     ; Top       ; Output Pad    ; IOPAD_X115_Y29_N0   ; Preserved from Post-Fit or Imported Netlist ;
;     -- HEX3[1]~output              ; Top       ; Output Buffer ; IOOBUF_X115_Y29_N2  ; Preserved from Post-Fit or Imported Netlist ;
;                                    ;           ;               ;                     ;                                             ;
; HEX3[2]                            ; Top       ; Output Port   ; n/a                 ;                                             ;
;     -- HEX3[2]                     ; Top       ; Output Pad    ; IOPAD_X100_Y0_N0    ; Preserved from Post-Fit or Imported Netlist ;
;     -- HEX3[2]~output              ; Top       ; Output Buffer ; IOOBUF_X100_Y0_N2   ; Preserved from Post-Fit or Imported Netlist ;
;                                    ;           ;               ;                     ;                                             ;
; HEX3[3]                            ; Top       ; Output Port   ; n/a                 ;                                             ;
;     -- HEX3[3]                     ; Top       ; Output Pad    ; IOPAD_X111_Y0_N0    ; Preserved from Post-Fit or Imported Netlist ;
;     -- HEX3[3]~output              ; Top       ; Output Buffer ; IOOBUF_X111_Y0_N2   ; Preserved from Post-Fit or Imported Netlist ;
;                                    ;           ;               ;                     ;                                             ;
; HEX3[4]                            ; Top       ; Output Port   ; n/a                 ;                                             ;
;     -- HEX3[4]                     ; Top       ; Output Pad    ; IOPAD_X105_Y0_N21   ; Preserved from Post-Fit or Imported Netlist ;
;     -- HEX3[4]~output              ; Top       ; Output Buffer ; IOOBUF_X105_Y0_N23  ; Preserved from Post-Fit or Imported Netlist ;
;                                    ;           ;               ;                     ;                                             ;
; HEX3[5]                            ; Top       ; Output Port   ; n/a                 ;                                             ;
;     -- HEX3[5]                     ; Top       ; Output Pad    ; IOPAD_X105_Y0_N7    ; Preserved from Post-Fit or Imported Netlist ;
;     -- HEX3[5]~output              ; Top       ; Output Buffer ; IOOBUF_X105_Y0_N9   ; Preserved from Post-Fit or Imported Netlist ;
;                                    ;           ;               ;                     ;                                             ;
; HEX3[6]                            ; Top       ; Output Port   ; n/a                 ;                                             ;
;     -- HEX3[6]                     ; Top       ; Output Pad    ; IOPAD_X105_Y0_N0    ; Preserved from Post-Fit or Imported Netlist ;
;     -- HEX3[6]~output              ; Top       ; Output Buffer ; IOOBUF_X105_Y0_N2   ; Preserved from Post-Fit or Imported Netlist ;
;                                    ;           ;               ;                     ;                                             ;
; HEX4[0]                            ; Top       ; Output Port   ; n/a                 ;                                             ;
;     -- HEX4[0]                     ; Top       ; Output Pad    ; IOPAD_X98_Y0_N21    ; Preserved from Post-Fit or Imported Netlist ;
;     -- HEX4[0]~output              ; Top       ; Output Buffer ; IOOBUF_X98_Y0_N23   ; Preserved from Post-Fit or Imported Netlist ;
;                                    ;           ;               ;                     ;                                             ;
; HEX4[1]                            ; Top       ; Output Port   ; n/a                 ;                                             ;
;     -- HEX4[1]                     ; Top       ; Output Pad    ; IOPAD_X107_Y0_N7    ; Preserved from Post-Fit or Imported Netlist ;
;     -- HEX4[1]~output              ; Top       ; Output Buffer ; IOOBUF_X107_Y0_N9   ; Preserved from Post-Fit or Imported Netlist ;
;                                    ;           ;               ;                     ;                                             ;
; HEX4[2]                            ; Top       ; Output Port   ; n/a                 ;                                             ;
;     -- HEX4[2]                     ; Top       ; Output Pad    ; IOPAD_X74_Y0_N7     ; Preserved from Post-Fit or Imported Netlist ;
;     -- HEX4[2]~output              ; Top       ; Output Buffer ; IOOBUF_X74_Y0_N9    ; Preserved from Post-Fit or Imported Netlist ;
;                                    ;           ;               ;                     ;                                             ;
; HEX4[3]                            ; Top       ; Output Port   ; n/a                 ;                                             ;
;     -- HEX4[3]                     ; Top       ; Output Pad    ; IOPAD_X74_Y0_N0     ; Preserved from Post-Fit or Imported Netlist ;
;     -- HEX4[3]~output              ; Top       ; Output Buffer ; IOOBUF_X74_Y0_N2    ; Preserved from Post-Fit or Imported Netlist ;
;                                    ;           ;               ;                     ;                                             ;
; HEX4[4]                            ; Top       ; Output Port   ; n/a                 ;                                             ;
;     -- HEX4[4]                     ; Top       ; Output Pad    ; IOPAD_X83_Y0_N21    ; Preserved from Post-Fit or Imported Netlist ;
;     -- HEX4[4]~output              ; Top       ; Output Buffer ; IOOBUF_X83_Y0_N23   ; Preserved from Post-Fit or Imported Netlist ;
;                                    ;           ;               ;                     ;                                             ;
; HEX4[5]                            ; Top       ; Output Port   ; n/a                 ;                                             ;
;     -- HEX4[5]                     ; Top       ; Output Pad    ; IOPAD_X83_Y0_N14    ; Preserved from Post-Fit or Imported Netlist ;
;     -- HEX4[5]~output              ; Top       ; Output Buffer ; IOOBUF_X83_Y0_N16   ; Preserved from Post-Fit or Imported Netlist ;
;                                    ;           ;               ;                     ;                                             ;
; HEX4[6]                            ; Top       ; Output Port   ; n/a                 ;                                             ;
;     -- HEX4[6]                     ; Top       ; Output Pad    ; IOPAD_X79_Y0_N21    ; Preserved from Post-Fit or Imported Netlist ;
;     -- HEX4[6]~output              ; Top       ; Output Buffer ; IOOBUF_X79_Y0_N23   ; Preserved from Post-Fit or Imported Netlist ;
;                                    ;           ;               ;                     ;                                             ;
; HEX5[0]                            ; Top       ; Output Port   ; n/a                 ;                                             ;
;     -- HEX5[0]                     ; Top       ; Output Pad    ; IOPAD_X85_Y0_N7     ; Preserved from Post-Fit or Imported Netlist ;
;     -- HEX5[0]~output              ; Top       ; Output Buffer ; IOOBUF_X85_Y0_N9    ; Preserved from Post-Fit or Imported Netlist ;
;                                    ;           ;               ;                     ;                                             ;
; HEX5[1]                            ; Top       ; Output Port   ; n/a                 ;                                             ;
;     -- HEX5[1]                     ; Top       ; Output Pad    ; IOPAD_X87_Y0_N14    ; Preserved from Post-Fit or Imported Netlist ;
;     -- HEX5[1]~output              ; Top       ; Output Buffer ; IOOBUF_X87_Y0_N16   ; Preserved from Post-Fit or Imported Netlist ;
;                                    ;           ;               ;                     ;                                             ;
; HEX5[2]                            ; Top       ; Output Port   ; n/a                 ;                                             ;
;     -- HEX5[2]                     ; Top       ; Output Pad    ; IOPAD_X98_Y0_N14    ; Preserved from Post-Fit or Imported Netlist ;
;     -- HEX5[2]~output              ; Top       ; Output Buffer ; IOOBUF_X98_Y0_N16   ; Preserved from Post-Fit or Imported Netlist ;
;                                    ;           ;               ;                     ;                                             ;
; HEX5[3]                            ; Top       ; Output Port   ; n/a                 ;                                             ;
;     -- HEX5[3]                     ; Top       ; Output Pad    ; IOPAD_X72_Y0_N0     ; Preserved from Post-Fit or Imported Netlist ;
;     -- HEX5[3]~output              ; Top       ; Output Buffer ; IOOBUF_X72_Y0_N2    ; Preserved from Post-Fit or Imported Netlist ;
;                                    ;           ;               ;                     ;                                             ;
; HEX5[4]                            ; Top       ; Output Port   ; n/a                 ;                                             ;
;     -- HEX5[4]                     ; Top       ; Output Pad    ; IOPAD_X72_Y0_N7     ; Preserved from Post-Fit or Imported Netlist ;
;     -- HEX5[4]~output              ; Top       ; Output Buffer ; IOOBUF_X72_Y0_N9    ; Preserved from Post-Fit or Imported Netlist ;
;                                    ;           ;               ;                     ;                                             ;
; HEX5[5]                            ; Top       ; Output Port   ; n/a                 ;                                             ;
;     -- HEX5[5]                     ; Top       ; Output Pad    ; IOPAD_X79_Y0_N14    ; Preserved from Post-Fit or Imported Netlist ;
;     -- HEX5[5]~output              ; Top       ; Output Buffer ; IOOBUF_X79_Y0_N16   ; Preserved from Post-Fit or Imported Netlist ;
;                                    ;           ;               ;                     ;                                             ;
; HEX5[6]                            ; Top       ; Output Port   ; n/a                 ;                                             ;
;     -- HEX5[6]                     ; Top       ; Output Pad    ; IOPAD_X69_Y0_N0     ; Preserved from Post-Fit or Imported Netlist ;
;     -- HEX5[6]~output              ; Top       ; Output Buffer ; IOOBUF_X69_Y0_N2    ; Preserved from Post-Fit or Imported Netlist ;
;                                    ;           ;               ;                     ;                                             ;
; HEX6[0]                            ; Top       ; Output Port   ; n/a                 ;                                             ;
;     -- HEX6[0]                     ; Top       ; Output Pad    ; IOPAD_X89_Y0_N21    ; Preserved from Post-Fit or Imported Netlist ;
;     -- HEX6[0]~output              ; Top       ; Output Buffer ; IOOBUF_X89_Y0_N23   ; Preserved from Post-Fit or Imported Netlist ;
;                                    ;           ;               ;                     ;                                             ;
; HEX6[1]                            ; Top       ; Output Port   ; n/a                 ;                                             ;
;     -- HEX6[1]                     ; Top       ; Output Pad    ; IOPAD_X65_Y0_N0     ; Preserved from Post-Fit or Imported Netlist ;
;     -- HEX6[1]~output              ; Top       ; Output Buffer ; IOOBUF_X65_Y0_N2    ; Preserved from Post-Fit or Imported Netlist ;
;                                    ;           ;               ;                     ;                                             ;
; HEX6[2]                            ; Top       ; Output Port   ; n/a                 ;                                             ;
;     -- HEX6[2]                     ; Top       ; Output Pad    ; IOPAD_X65_Y0_N7     ; Preserved from Post-Fit or Imported Netlist ;
;     -- HEX6[2]~output              ; Top       ; Output Buffer ; IOOBUF_X65_Y0_N9    ; Preserved from Post-Fit or Imported Netlist ;
;                                    ;           ;               ;                     ;                                             ;
; HEX6[3]                            ; Top       ; Output Port   ; n/a                 ;                                             ;
;     -- HEX6[3]                     ; Top       ; Output Pad    ; IOPAD_X89_Y0_N14    ; Preserved from Post-Fit or Imported Netlist ;
;     -- HEX6[3]~output              ; Top       ; Output Buffer ; IOOBUF_X89_Y0_N16   ; Preserved from Post-Fit or Imported Netlist ;
;                                    ;           ;               ;                     ;                                             ;
; HEX6[4]                            ; Top       ; Output Port   ; n/a                 ;                                             ;
;     -- HEX6[4]                     ; Top       ; Output Pad    ; IOPAD_X67_Y0_N14    ; Preserved from Post-Fit or Imported Netlist ;
;     -- HEX6[4]~output              ; Top       ; Output Buffer ; IOOBUF_X67_Y0_N16   ; Preserved from Post-Fit or Imported Netlist ;
;                                    ;           ;               ;                     ;                                             ;
; HEX6[5]                            ; Top       ; Output Port   ; n/a                 ;                                             ;
;     -- HEX6[5]                     ; Top       ; Output Pad    ; IOPAD_X67_Y0_N21    ; Preserved from Post-Fit or Imported Netlist ;
;     -- HEX6[5]~output              ; Top       ; Output Buffer ; IOOBUF_X67_Y0_N23   ; Preserved from Post-Fit or Imported Netlist ;
;                                    ;           ;               ;                     ;                                             ;
; HEX6[6]                            ; Top       ; Output Port   ; n/a                 ;                                             ;
;     -- HEX6[6]                     ; Top       ; Output Pad    ; IOPAD_X74_Y0_N21    ; Preserved from Post-Fit or Imported Netlist ;
;     -- HEX6[6]~output              ; Top       ; Output Buffer ; IOOBUF_X74_Y0_N23   ; Preserved from Post-Fit or Imported Netlist ;
;                                    ;           ;               ;                     ;                                             ;
; HEX7[0]                            ; Top       ; Output Port   ; n/a                 ;                                             ;
;     -- HEX7[0]                     ; Top       ; Output Pad    ; IOPAD_X74_Y0_N14    ; Preserved from Post-Fit or Imported Netlist ;
;     -- HEX7[0]~output              ; Top       ; Output Buffer ; IOOBUF_X74_Y0_N16   ; Preserved from Post-Fit or Imported Netlist ;
;                                    ;           ;               ;                     ;                                             ;
; HEX7[1]                            ; Top       ; Output Port   ; n/a                 ;                                             ;
;     -- HEX7[1]                     ; Top       ; Output Pad    ; IOPAD_X67_Y0_N7     ; Preserved from Post-Fit or Imported Netlist ;
;     -- HEX7[1]~output              ; Top       ; Output Buffer ; IOOBUF_X67_Y0_N9    ; Preserved from Post-Fit or Imported Netlist ;
;                                    ;           ;               ;                     ;                                             ;
; HEX7[2]                            ; Top       ; Output Port   ; n/a                 ;                                             ;
;     -- HEX7[2]                     ; Top       ; Output Pad    ; IOPAD_X62_Y0_N21    ; Preserved from Post-Fit or Imported Netlist ;
;     -- HEX7[2]~output              ; Top       ; Output Buffer ; IOOBUF_X62_Y0_N23   ; Preserved from Post-Fit or Imported Netlist ;
;                                    ;           ;               ;                     ;                                             ;
; HEX7[3]                            ; Top       ; Output Port   ; n/a                 ;                                             ;
;     -- HEX7[3]                     ; Top       ; Output Pad    ; IOPAD_X62_Y0_N14    ; Preserved from Post-Fit or Imported Netlist ;
;     -- HEX7[3]~output              ; Top       ; Output Buffer ; IOOBUF_X62_Y0_N16   ; Preserved from Post-Fit or Imported Netlist ;
;                                    ;           ;               ;                     ;                                             ;
; HEX7[4]                            ; Top       ; Output Port   ; n/a                 ;                                             ;
;     -- HEX7[4]                     ; Top       ; Output Pad    ; IOPAD_X67_Y0_N0     ; Preserved from Post-Fit or Imported Netlist ;
;     -- HEX7[4]~output              ; Top       ; Output Buffer ; IOOBUF_X67_Y0_N2    ; Preserved from Post-Fit or Imported Netlist ;
;                                    ;           ;               ;                     ;                                             ;
; HEX7[5]                            ; Top       ; Output Port   ; n/a                 ;                                             ;
;     -- HEX7[5]                     ; Top       ; Output Pad    ; IOPAD_X69_Y0_N7     ; Preserved from Post-Fit or Imported Netlist ;
;     -- HEX7[5]~output              ; Top       ; Output Buffer ; IOOBUF_X69_Y0_N9    ; Preserved from Post-Fit or Imported Netlist ;
;                                    ;           ;               ;                     ;                                             ;
; HEX7[6]                            ; Top       ; Output Port   ; n/a                 ;                                             ;
;     -- HEX7[6]                     ; Top       ; Output Pad    ; IOPAD_X54_Y0_N21    ; Preserved from Post-Fit or Imported Netlist ;
;     -- HEX7[6]~output              ; Top       ; Output Buffer ; IOOBUF_X54_Y0_N23   ; Preserved from Post-Fit or Imported Netlist ;
;                                    ;           ;               ;                     ;                                             ;
; HSMC_CLKIN0                        ; Top       ; Input Port    ; n/a                 ;                                             ;
;     -- HSMC_CLKIN0                 ; Top       ; Input Pad     ; IOPAD_X58_Y0_N0     ; Preserved from Post-Fit or Imported Netlist ;
;     -- HSMC_CLKIN0~input           ; Top       ; Input Buffer  ; IOIBUF_X58_Y0_N1    ; Preserved from Post-Fit or Imported Netlist ;
;                                    ;           ;               ;                     ;                                             ;
; HSMC_CLKIN_P1                      ; Top       ; Input Port    ; n/a                 ;                                             ;
;     -- HSMC_CLKIN_P1               ; Top       ; Input Pad     ; IOPAD_X115_Y37_N0   ; Preserved from Post-Fit or Imported Netlist ;
;     -- HSMC_CLKIN_P1~input         ; Top       ; Input Buffer  ; IOIBUF_X115_Y37_N1  ; Preserved from Post-Fit or Imported Netlist ;
;                                    ;           ;               ;                     ;                                             ;
; HSMC_CLKIN_P2                      ; Top       ; Input Port    ; n/a                 ;                                             ;
;     -- HSMC_CLKIN_P2               ; Top       ; Input Pad     ; IOPAD_X115_Y37_N14  ; Preserved from Post-Fit or Imported Netlist ;
;     -- HSMC_CLKIN_P2~input         ; Top       ; Input Buffer  ; IOIBUF_X115_Y37_N15 ; Preserved from Post-Fit or Imported Netlist ;
;                                    ;           ;               ;                     ;                                             ;
; HSMC_CLKOUT0                       ; Top       ; Output Port   ; n/a                 ;                                             ;
;     -- HSMC_CLKOUT0                ; Top       ; Output Pad    ; IOPAD_X115_Y12_N0   ; Preserved from Post-Fit or Imported Netlist ;
;     -- HSMC_CLKOUT0~output         ; Top       ; Output Buffer ; IOOBUF_X115_Y12_N2  ; Preserved from Post-Fit or Imported Netlist ;
;                                    ;           ;               ;                     ;                                             ;
; HSMC_CLKOUT_P1                     ; Top       ; Output Port   ; n/a                 ;                                             ;
;     -- HSMC_CLKOUT_P1              ; Top       ; Output Pad    ; IOPAD_X115_Y69_N14  ; Preserved from Post-Fit or Imported Netlist ;
;     -- HSMC_CLKOUT_P1~output       ; Top       ; Output Buffer ; IOOBUF_X115_Y69_N16 ; Preserved from Post-Fit or Imported Netlist ;
;                                    ;           ;               ;                     ;                                             ;
; HSMC_CLKOUT_P2                     ; Top       ; Output Port   ; n/a                 ;                                             ;
;     -- HSMC_CLKOUT_P2              ; Top       ; Output Pad    ; IOPAD_X115_Y24_N0   ; Preserved from Post-Fit or Imported Netlist ;
;     -- HSMC_CLKOUT_P2~output       ; Top       ; Output Buffer ; IOOBUF_X115_Y24_N2  ; Preserved from Post-Fit or Imported Netlist ;
;                                    ;           ;               ;                     ;                                             ;
; HSMC_D[0]                          ; Top       ; Bidir Port    ; n/a                 ;                                             ;
;     -- HSMC_D[0]                   ; Top       ; Bidir Pad     ; IOPAD_X115_Y8_N14   ; Preserved from Post-Fit or Imported Netlist ;
;     -- HSMC_D[0]~output            ; Top       ; Output Buffer ; IOOBUF_X115_Y8_N16  ; Preserved from Post-Fit or Imported Netlist ;
;                                    ;           ;               ;                     ;                                             ;
; HSMC_D[1]                          ; Top       ; Bidir Port    ; n/a                 ;                                             ;
;     -- HSMC_D[1]                   ; Top       ; Bidir Pad     ; IOPAD_X115_Y11_N0   ; Preserved from Post-Fit or Imported Netlist ;
;     -- HSMC_D[1]~output            ; Top       ; Output Buffer ; IOOBUF_X115_Y11_N2  ; Preserved from Post-Fit or Imported Netlist ;
;                                    ;           ;               ;                     ;                                             ;
; HSMC_D[2]                          ; Top       ; Bidir Port    ; n/a                 ;                                             ;
;     -- HSMC_D[2]                   ; Top       ; Bidir Pad     ; IOPAD_X115_Y12_N7   ; Preserved from Post-Fit or Imported Netlist ;
;     -- HSMC_D[2]~output            ; Top       ; Output Buffer ; IOOBUF_X115_Y12_N9  ; Preserved from Post-Fit or Imported Netlist ;
;                                    ;           ;               ;                     ;                                             ;
; HSMC_D[3]                          ; Top       ; Bidir Port    ; n/a                 ;                                             ;
;     -- HSMC_D[3]                   ; Top       ; Bidir Pad     ; IOPAD_X115_Y8_N21   ; Preserved from Post-Fit or Imported Netlist ;
;     -- HSMC_D[3]~output            ; Top       ; Output Buffer ; IOOBUF_X115_Y8_N23  ; Preserved from Post-Fit or Imported Netlist ;
;                                    ;           ;               ;                     ;                                             ;
; HSMC_RX_D_P[0]                     ; Top       ; Input Port    ; n/a                 ;                                             ;
;     -- HSMC_RX_D_P[0]              ; Top       ; Input Pad     ; IOPAD_X115_Y68_N14  ; Preserved from Post-Fit or Imported Netlist ;
;     -- HSMC_RX_D_P[0]~input        ; Top       ; Input Buffer  ; IOIBUF_X115_Y68_N15 ; Preserved from Post-Fit or Imported Netlist ;
;                                    ;           ;               ;                     ;                                             ;
; HSMC_RX_D_P[10]                    ; Top       ; Input Port    ; n/a                 ;                                             ;
;     -- HSMC_RX_D_P[10]             ; Top       ; Input Pad     ; IOPAD_X115_Y27_N0   ; Preserved from Post-Fit or Imported Netlist ;
;     -- HSMC_RX_D_P[10]~input       ; Top       ; Input Buffer  ; IOIBUF_X115_Y27_N1  ; Preserved from Post-Fit or Imported Netlist ;
;                                    ;           ;               ;                     ;                                             ;
; HSMC_RX_D_P[11]                    ; Top       ; Input Port    ; n/a                 ;                                             ;
;     -- HSMC_RX_D_P[11]             ; Top       ; Input Pad     ; IOPAD_X115_Y62_N7   ; Preserved from Post-Fit or Imported Netlist ;
;     -- HSMC_RX_D_P[11]~input       ; Top       ; Input Buffer  ; IOIBUF_X115_Y62_N8  ; Preserved from Post-Fit or Imported Netlist ;
;                                    ;           ;               ;                     ;                                             ;
; HSMC_RX_D_P[12]                    ; Top       ; Input Port    ; n/a                 ;                                             ;
;     -- HSMC_RX_D_P[12]             ; Top       ; Input Pad     ; IOPAD_X115_Y45_N21  ; Preserved from Post-Fit or Imported Netlist ;
;     -- HSMC_RX_D_P[12]~input       ; Top       ; Input Buffer  ; IOIBUF_X115_Y45_N22 ; Preserved from Post-Fit or Imported Netlist ;
;                                    ;           ;               ;                     ;                                             ;
; HSMC_RX_D_P[13]                    ; Top       ; Input Port    ; n/a                 ;                                             ;
;     -- HSMC_RX_D_P[13]             ; Top       ; Input Pad     ; IOPAD_X115_Y41_N7   ; Preserved from Post-Fit or Imported Netlist ;
;     -- HSMC_RX_D_P[13]~input       ; Top       ; Input Buffer  ; IOIBUF_X115_Y41_N8  ; Preserved from Post-Fit or Imported Netlist ;
;                                    ;           ;               ;                     ;                                             ;
; HSMC_RX_D_P[14]                    ; Top       ; Input Port    ; n/a                 ;                                             ;
;     -- HSMC_RX_D_P[14]             ; Top       ; Input Pad     ; IOPAD_X115_Y36_N0   ; Preserved from Post-Fit or Imported Netlist ;
;     -- HSMC_RX_D_P[14]~input       ; Top       ; Input Buffer  ; IOIBUF_X115_Y36_N1  ; Preserved from Post-Fit or Imported Netlist ;
;                                    ;           ;               ;                     ;                                             ;
; HSMC_RX_D_P[15]                    ; Top       ; Input Port    ; n/a                 ;                                             ;
;     -- HSMC_RX_D_P[15]             ; Top       ; Input Pad     ; IOPAD_X115_Y36_N14  ; Preserved from Post-Fit or Imported Netlist ;
;     -- HSMC_RX_D_P[15]~input       ; Top       ; Input Buffer  ; IOIBUF_X115_Y36_N15 ; Preserved from Post-Fit or Imported Netlist ;
;                                    ;           ;               ;                     ;                                             ;
; HSMC_RX_D_P[16]                    ; Top       ; Input Port    ; n/a                 ;                                             ;
;     -- HSMC_RX_D_P[16]             ; Top       ; Input Pad     ; IOPAD_X115_Y32_N0   ; Preserved from Post-Fit or Imported Netlist ;
;     -- HSMC_RX_D_P[16]~input       ; Top       ; Input Buffer  ; IOIBUF_X115_Y32_N1  ; Preserved from Post-Fit or Imported Netlist ;
;                                    ;           ;               ;                     ;                                             ;
; HSMC_RX_D_P[1]                     ; Top       ; Input Port    ; n/a                 ;                                             ;
;     -- HSMC_RX_D_P[1]              ; Top       ; Input Pad     ; IOPAD_X115_Y62_N21  ; Preserved from Post-Fit or Imported Netlist ;
;     -- HSMC_RX_D_P[1]~input        ; Top       ; Input Buffer  ; IOIBUF_X115_Y62_N22 ; Preserved from Post-Fit or Imported Netlist ;
;                                    ;           ;               ;                     ;                                             ;
; HSMC_RX_D_P[2]                     ; Top       ; Input Port    ; n/a                 ;                                             ;
;     -- HSMC_RX_D_P[2]              ; Top       ; Input Pad     ; IOPAD_X115_Y59_N14  ; Preserved from Post-Fit or Imported Netlist ;
;     -- HSMC_RX_D_P[2]~input        ; Top       ; Input Buffer  ; IOIBUF_X115_Y59_N15 ; Preserved from Post-Fit or Imported Netlist ;
;                                    ;           ;               ;                     ;                                             ;
; HSMC_RX_D_P[3]                     ; Top       ; Input Port    ; n/a                 ;                                             ;
;     -- HSMC_RX_D_P[3]              ; Top       ; Input Pad     ; IOPAD_X115_Y66_N14  ; Preserved from Post-Fit or Imported Netlist ;
;     -- HSMC_RX_D_P[3]~input        ; Top       ; Input Buffer  ; IOIBUF_X115_Y66_N15 ; Preserved from Post-Fit or Imported Netlist ;
;                                    ;           ;               ;                     ;                                             ;
; HSMC_RX_D_P[4]                     ; Top       ; Input Port    ; n/a                 ;                                             ;
;     -- HSMC_RX_D_P[4]              ; Top       ; Input Pad     ; IOPAD_X115_Y58_N14  ; Preserved from Post-Fit or Imported Netlist ;
;     -- HSMC_RX_D_P[4]~input        ; Top       ; Input Buffer  ; IOIBUF_X115_Y58_N15 ; Preserved from Post-Fit or Imported Netlist ;
;                                    ;           ;               ;                     ;                                             ;
; HSMC_RX_D_P[5]                     ; Top       ; Input Port    ; n/a                 ;                                             ;
;     -- HSMC_RX_D_P[5]              ; Top       ; Input Pad     ; IOPAD_X115_Y55_N14  ; Preserved from Post-Fit or Imported Netlist ;
;     -- HSMC_RX_D_P[5]~input        ; Top       ; Input Buffer  ; IOIBUF_X115_Y55_N15 ; Preserved from Post-Fit or Imported Netlist ;
;                                    ;           ;               ;                     ;                                             ;
; HSMC_RX_D_P[6]                     ; Top       ; Input Port    ; n/a                 ;                                             ;
;     -- HSMC_RX_D_P[6]              ; Top       ; Input Pad     ; IOPAD_X115_Y49_N7   ; Preserved from Post-Fit or Imported Netlist ;
;     -- HSMC_RX_D_P[6]~input        ; Top       ; Input Buffer  ; IOIBUF_X115_Y49_N8  ; Preserved from Post-Fit or Imported Netlist ;
;                                    ;           ;               ;                     ;                                             ;
; HSMC_RX_D_P[7]                     ; Top       ; Input Port    ; n/a                 ;                                             ;
;     -- HSMC_RX_D_P[7]              ; Top       ; Input Pad     ; IOPAD_X115_Y47_N21  ; Preserved from Post-Fit or Imported Netlist ;
;     -- HSMC_RX_D_P[7]~input        ; Top       ; Input Buffer  ; IOIBUF_X115_Y47_N22 ; Preserved from Post-Fit or Imported Netlist ;
;                                    ;           ;               ;                     ;                                             ;
; HSMC_RX_D_P[8]                     ; Top       ; Input Port    ; n/a                 ;                                             ;
;     -- HSMC_RX_D_P[8]              ; Top       ; Input Pad     ; IOPAD_X115_Y33_N0   ; Preserved from Post-Fit or Imported Netlist ;
;     -- HSMC_RX_D_P[8]~input        ; Top       ; Input Buffer  ; IOIBUF_X115_Y33_N1  ; Preserved from Post-Fit or Imported Netlist ;
;                                    ;           ;               ;                     ;                                             ;
; HSMC_RX_D_P[9]                     ; Top       ; Input Port    ; n/a                 ;                                             ;
;     -- HSMC_RX_D_P[9]              ; Top       ; Input Pad     ; IOPAD_X115_Y31_N0   ; Preserved from Post-Fit or Imported Netlist ;
;     -- HSMC_RX_D_P[9]~input        ; Top       ; Input Buffer  ; IOIBUF_X115_Y31_N1  ; Preserved from Post-Fit or Imported Netlist ;
;                                    ;           ;               ;                     ;                                             ;
; HSMC_TX_D_P[0]                     ; Top       ; Output Port   ; n/a                 ;                                             ;
;     -- HSMC_TX_D_P[0]              ; Top       ; Output Pad    ; IOPAD_X115_Y61_N21  ; Preserved from Post-Fit or Imported Netlist ;
;     -- HSMC_TX_D_P[0]~output       ; Top       ; Output Buffer ; IOOBUF_X115_Y61_N23 ; Preserved from Post-Fit or Imported Netlist ;
;                                    ;           ;               ;                     ;                                             ;
; HSMC_TX_D_P[10]                    ; Top       ; Output Port   ; n/a                 ;                                             ;
;     -- HSMC_TX_D_P[10]             ; Top       ; Output Pad    ; IOPAD_X115_Y51_N0   ; Preserved from Post-Fit or Imported Netlist ;
;     -- HSMC_TX_D_P[10]~output      ; Top       ; Output Buffer ; IOOBUF_X115_Y51_N2  ; Preserved from Post-Fit or Imported Netlist ;
;                                    ;           ;               ;                     ;                                             ;
; HSMC_TX_D_P[11]                    ; Top       ; Output Port   ; n/a                 ;                                             ;
;     -- HSMC_TX_D_P[11]             ; Top       ; Output Pad    ; IOPAD_X115_Y48_N7   ; Preserved from Post-Fit or Imported Netlist ;
;     -- HSMC_TX_D_P[11]~output      ; Top       ; Output Buffer ; IOOBUF_X115_Y48_N9  ; Preserved from Post-Fit or Imported Netlist ;
;                                    ;           ;               ;                     ;                                             ;
; HSMC_TX_D_P[12]                    ; Top       ; Output Port   ; n/a                 ;                                             ;
;     -- HSMC_TX_D_P[12]             ; Top       ; Output Pad    ; IOPAD_X115_Y23_N0   ; Preserved from Post-Fit or Imported Netlist ;
;     -- HSMC_TX_D_P[12]~output      ; Top       ; Output Buffer ; IOOBUF_X115_Y23_N2  ; Preserved from Post-Fit or Imported Netlist ;
;                                    ;           ;               ;                     ;                                             ;
; HSMC_TX_D_P[13]                    ; Top       ; Output Port   ; n/a                 ;                                             ;
;     -- HSMC_TX_D_P[13]             ; Top       ; Output Pad    ; IOPAD_X115_Y34_N14  ; Preserved from Post-Fit or Imported Netlist ;
;     -- HSMC_TX_D_P[13]~output      ; Top       ; Output Buffer ; IOOBUF_X115_Y34_N16 ; Preserved from Post-Fit or Imported Netlist ;
;                                    ;           ;               ;                     ;                                             ;
; HSMC_TX_D_P[14]                    ; Top       ; Output Port   ; n/a                 ;                                             ;
;     -- HSMC_TX_D_P[14]             ; Top       ; Output Pad    ; IOPAD_X115_Y29_N7   ; Preserved from Post-Fit or Imported Netlist ;
;     -- HSMC_TX_D_P[14]~output      ; Top       ; Output Buffer ; IOOBUF_X115_Y29_N9  ; Preserved from Post-Fit or Imported Netlist ;
;                                    ;           ;               ;                     ;                                             ;
; HSMC_TX_D_P[15]                    ; Top       ; Output Port   ; n/a                 ;                                             ;
;     -- HSMC_TX_D_P[15]             ; Top       ; Output Pad    ; IOPAD_X115_Y22_N14  ; Preserved from Post-Fit or Imported Netlist ;
;     -- HSMC_TX_D_P[15]~output      ; Top       ; Output Buffer ; IOOBUF_X115_Y22_N16 ; Preserved from Post-Fit or Imported Netlist ;
;                                    ;           ;               ;                     ;                                             ;
; HSMC_TX_D_P[16]                    ; Top       ; Output Port   ; n/a                 ;                                             ;
;     -- HSMC_TX_D_P[16]             ; Top       ; Output Pad    ; IOPAD_X115_Y26_N14  ; Preserved from Post-Fit or Imported Netlist ;
;     -- HSMC_TX_D_P[16]~output      ; Top       ; Output Buffer ; IOOBUF_X115_Y26_N16 ; Preserved from Post-Fit or Imported Netlist ;
;                                    ;           ;               ;                     ;                                             ;
; HSMC_TX_D_P[1]                     ; Top       ; Output Port   ; n/a                 ;                                             ;
;     -- HSMC_TX_D_P[1]              ; Top       ; Output Pad    ; IOPAD_X115_Y57_N14  ; Preserved from Post-Fit or Imported Netlist ;
;     -- HSMC_TX_D_P[1]~output       ; Top       ; Output Buffer ; IOOBUF_X115_Y57_N16 ; Preserved from Post-Fit or Imported Netlist ;
;                                    ;           ;               ;                     ;                                             ;
; HSMC_TX_D_P[2]                     ; Top       ; Output Port   ; n/a                 ;                                             ;
;     -- HSMC_TX_D_P[2]              ; Top       ; Output Pad    ; IOPAD_X115_Y56_N14  ; Preserved from Post-Fit or Imported Netlist ;
;     -- HSMC_TX_D_P[2]~output       ; Top       ; Output Buffer ; IOOBUF_X115_Y56_N16 ; Preserved from Post-Fit or Imported Netlist ;
;                                    ;           ;               ;                     ;                                             ;
; HSMC_TX_D_P[3]                     ; Top       ; Output Port   ; n/a                 ;                                             ;
;     -- HSMC_TX_D_P[3]              ; Top       ; Output Pad    ; IOPAD_X115_Y52_N0   ; Preserved from Post-Fit or Imported Netlist ;
;     -- HSMC_TX_D_P[3]~output       ; Top       ; Output Buffer ; IOOBUF_X115_Y52_N2  ; Preserved from Post-Fit or Imported Netlist ;
;                                    ;           ;               ;                     ;                                             ;
; HSMC_TX_D_P[4]                     ; Top       ; Output Port   ; n/a                 ;                                             ;
;     -- HSMC_TX_D_P[4]              ; Top       ; Output Pad    ; IOPAD_X115_Y50_N7   ; Preserved from Post-Fit or Imported Netlist ;
;     -- HSMC_TX_D_P[4]~output       ; Top       ; Output Buffer ; IOOBUF_X115_Y50_N9  ; Preserved from Post-Fit or Imported Netlist ;
;                                    ;           ;               ;                     ;                                             ;
; HSMC_TX_D_P[5]                     ; Top       ; Output Port   ; n/a                 ;                                             ;
;     -- HSMC_TX_D_P[5]              ; Top       ; Output Pad    ; IOPAD_X115_Y46_N7   ; Preserved from Post-Fit or Imported Netlist ;
;     -- HSMC_TX_D_P[5]~output       ; Top       ; Output Buffer ; IOOBUF_X115_Y46_N9  ; Preserved from Post-Fit or Imported Netlist ;
;                                    ;           ;               ;                     ;                                             ;
; HSMC_TX_D_P[6]                     ; Top       ; Output Port   ; n/a                 ;                                             ;
;     -- HSMC_TX_D_P[6]              ; Top       ; Output Pad    ; IOPAD_X115_Y64_N0   ; Preserved from Post-Fit or Imported Netlist ;
;     -- HSMC_TX_D_P[6]~output       ; Top       ; Output Buffer ; IOOBUF_X115_Y64_N2  ; Preserved from Post-Fit or Imported Netlist ;
;                                    ;           ;               ;                     ;                                             ;
; HSMC_TX_D_P[7]                     ; Top       ; Output Port   ; n/a                 ;                                             ;
;     -- HSMC_TX_D_P[7]              ; Top       ; Output Pad    ; IOPAD_X115_Y65_N14  ; Preserved from Post-Fit or Imported Netlist ;
;     -- HSMC_TX_D_P[7]~output       ; Top       ; Output Buffer ; IOOBUF_X115_Y65_N16 ; Preserved from Post-Fit or Imported Netlist ;
;                                    ;           ;               ;                     ;                                             ;
; HSMC_TX_D_P[8]                     ; Top       ; Output Port   ; n/a                 ;                                             ;
;     -- HSMC_TX_D_P[8]              ; Top       ; Output Pad    ; IOPAD_X115_Y63_N0   ; Preserved from Post-Fit or Imported Netlist ;
;     -- HSMC_TX_D_P[8]~output       ; Top       ; Output Buffer ; IOOBUF_X115_Y63_N2  ; Preserved from Post-Fit or Imported Netlist ;
;                                    ;           ;               ;                     ;                                             ;
; HSMC_TX_D_P[9]                     ; Top       ; Output Port   ; n/a                 ;                                             ;
;     -- HSMC_TX_D_P[9]              ; Top       ; Output Pad    ; IOPAD_X115_Y44_N7   ; Preserved from Post-Fit or Imported Netlist ;
;     -- HSMC_TX_D_P[9]~output       ; Top       ; Output Buffer ; IOOBUF_X115_Y44_N9  ; Preserved from Post-Fit or Imported Netlist ;
;                                    ;           ;               ;                     ;                                             ;
; I2C_SCLK                           ; Top       ; Output Port   ; n/a                 ;                                             ;
;     -- I2C_SCLK                    ; Top       ; Output Pad    ; IOPAD_X29_Y73_N7    ; Preserved from Post-Fit or Imported Netlist ;
;     -- I2C_SCLK~output             ; Top       ; Output Buffer ; IOOBUF_X29_Y73_N9   ; Preserved from Post-Fit or Imported Netlist ;
;                                    ;           ;               ;                     ;                                             ;
; I2C_SDAT                           ; Top       ; Bidir Port    ; n/a                 ;                                             ;
;     -- I2C_SDAT                    ; Top       ; Bidir Pad     ; IOPAD_X18_Y73_N21   ; Preserved from Post-Fit or Imported Netlist ;
;     -- I2C_SDAT~output             ; Top       ; Output Buffer ; IOOBUF_X18_Y73_N23  ; Preserved from Post-Fit or Imported Netlist ;
;                                    ;           ;               ;                     ;                                             ;
; IRDA_RXD                           ; Top       ; Input Port    ; n/a                 ;                                             ;
;     -- IRDA_RXD                    ; Top       ; Input Pad     ; IOPAD_X56_Y0_N0     ; Preserved from Post-Fit or Imported Netlist ;
;     -- IRDA_RXD~input              ; Top       ; Input Buffer  ; IOIBUF_X56_Y0_N1    ; Preserved from Post-Fit or Imported Netlist ;
;                                    ;           ;               ;                     ;                                             ;
; KEY[0]                             ; Top       ; Input Port    ; n/a                 ;                                             ;
;     -- KEY[0]                      ; Top       ; Input Pad     ; IOPAD_X115_Y40_N7   ; Preserved from Post-Fit or Imported Netlist ;
;     -- KEY[0]~input                ; Top       ; Input Buffer  ; IOIBUF_X115_Y40_N8  ; Preserved from Post-Fit or Imported Netlist ;
;                                    ;           ;               ;                     ;                                             ;
; KEY[1]                             ; Top       ; Input Port    ; n/a                 ;                                             ;
;     -- KEY[1]                      ; Top       ; Input Pad     ; IOPAD_X115_Y53_N14  ; Preserved from Post-Fit or Imported Netlist ;
;     -- KEY[1]~input                ; Top       ; Input Buffer  ; IOIBUF_X115_Y53_N15 ; Preserved from Post-Fit or Imported Netlist ;
;                                    ;           ;               ;                     ;                                             ;
; KEY[2]                             ; Top       ; Input Port    ; n/a                 ;                                             ;
;     -- KEY[2]                      ; Top       ; Input Pad     ; IOPAD_X115_Y42_N14  ; Preserved from Post-Fit or Imported Netlist ;
;     -- KEY[2]~input                ; Top       ; Input Buffer  ; IOIBUF_X115_Y42_N15 ; Preserved from Post-Fit or Imported Netlist ;
;                                    ;           ;               ;                     ;                                             ;
; KEY[3]                             ; Top       ; Input Port    ; n/a                 ;                                             ;
;     -- KEY[3]                      ; Top       ; Input Pad     ; IOPAD_X115_Y35_N21  ; Preserved from Post-Fit or Imported Netlist ;
;     -- KEY[3]~input                ; Top       ; Input Buffer  ; IOIBUF_X115_Y35_N22 ; Preserved from Post-Fit or Imported Netlist ;
;                                    ;           ;               ;                     ;                                             ;
; LCD_BLON                           ; Top       ; Output Port   ; n/a                 ;                                             ;
;     -- LCD_BLON                    ; Top       ; Output Pad    ; IOPAD_X0_Y47_N21    ; Preserved from Post-Fit or Imported Netlist ;
;     -- LCD_BLON~output             ; Top       ; Output Buffer ; IOOBUF_X0_Y47_N23   ; Preserved from Post-Fit or Imported Netlist ;
;                                    ;           ;               ;                     ;                                             ;
; LCD_DATA[0]                        ; Top       ; Bidir Port    ; n/a                 ;                                             ;
;     -- LCD_DATA[0]                 ; Top       ; Bidir Pad     ; IOPAD_X0_Y52_N14    ; Preserved from Post-Fit or Imported Netlist ;
;     -- LCD_DATA[0]~output          ; Top       ; Output Buffer ; IOOBUF_X0_Y52_N16   ; Preserved from Post-Fit or Imported Netlist ;
;                                    ;           ;               ;                     ;                                             ;
; LCD_DATA[1]                        ; Top       ; Bidir Port    ; n/a                 ;                                             ;
;     -- LCD_DATA[1]                 ; Top       ; Bidir Pad     ; IOPAD_X0_Y44_N7     ; Preserved from Post-Fit or Imported Netlist ;
;     -- LCD_DATA[1]~output          ; Top       ; Output Buffer ; IOOBUF_X0_Y44_N9    ; Preserved from Post-Fit or Imported Netlist ;
;                                    ;           ;               ;                     ;                                             ;
; LCD_DATA[2]                        ; Top       ; Bidir Port    ; n/a                 ;                                             ;
;     -- LCD_DATA[2]                 ; Top       ; Bidir Pad     ; IOPAD_X0_Y44_N0     ; Preserved from Post-Fit or Imported Netlist ;
;     -- LCD_DATA[2]~output          ; Top       ; Output Buffer ; IOOBUF_X0_Y44_N2    ; Preserved from Post-Fit or Imported Netlist ;
;                                    ;           ;               ;                     ;                                             ;
; LCD_DATA[3]                        ; Top       ; Bidir Port    ; n/a                 ;                                             ;
;     -- LCD_DATA[3]                 ; Top       ; Bidir Pad     ; IOPAD_X0_Y49_N7     ; Preserved from Post-Fit or Imported Netlist ;
;     -- LCD_DATA[3]~output          ; Top       ; Output Buffer ; IOOBUF_X0_Y49_N9    ; Preserved from Post-Fit or Imported Netlist ;
;                                    ;           ;               ;                     ;                                             ;
; LCD_DATA[4]                        ; Top       ; Bidir Port    ; n/a                 ;                                             ;
;     -- LCD_DATA[4]                 ; Top       ; Bidir Pad     ; IOPAD_X0_Y54_N7     ; Preserved from Post-Fit or Imported Netlist ;
;     -- LCD_DATA[4]~output          ; Top       ; Output Buffer ; IOOBUF_X0_Y54_N9    ; Preserved from Post-Fit or Imported Netlist ;
;                                    ;           ;               ;                     ;                                             ;
; LCD_DATA[5]                        ; Top       ; Bidir Port    ; n/a                 ;                                             ;
;     -- LCD_DATA[5]                 ; Top       ; Bidir Pad     ; IOPAD_X0_Y55_N21    ; Preserved from Post-Fit or Imported Netlist ;
;     -- LCD_DATA[5]~output          ; Top       ; Output Buffer ; IOOBUF_X0_Y55_N23   ; Preserved from Post-Fit or Imported Netlist ;
;                                    ;           ;               ;                     ;                                             ;
; LCD_DATA[6]                        ; Top       ; Bidir Port    ; n/a                 ;                                             ;
;     -- LCD_DATA[6]                 ; Top       ; Bidir Pad     ; IOPAD_X0_Y51_N14    ; Preserved from Post-Fit or Imported Netlist ;
;     -- LCD_DATA[6]~output          ; Top       ; Output Buffer ; IOOBUF_X0_Y51_N16   ; Preserved from Post-Fit or Imported Netlist ;
;                                    ;           ;               ;                     ;                                             ;
; LCD_DATA[7]                        ; Top       ; Bidir Port    ; n/a                 ;                                             ;
;     -- LCD_DATA[7]                 ; Top       ; Bidir Pad     ; IOPAD_X0_Y47_N0     ; Preserved from Post-Fit or Imported Netlist ;
;     -- LCD_DATA[7]~output          ; Top       ; Output Buffer ; IOOBUF_X0_Y47_N2    ; Preserved from Post-Fit or Imported Netlist ;
;                                    ;           ;               ;                     ;                                             ;
; LCD_EN                             ; Top       ; Output Port   ; n/a                 ;                                             ;
;     -- LCD_EN                      ; Top       ; Output Pad    ; IOPAD_X0_Y52_N0     ; Preserved from Post-Fit or Imported Netlist ;
;     -- LCD_EN~output               ; Top       ; Output Buffer ; IOOBUF_X0_Y52_N2    ; Preserved from Post-Fit or Imported Netlist ;
;                                    ;           ;               ;                     ;                                             ;
; LCD_ON                             ; Top       ; Output Port   ; n/a                 ;                                             ;
;     -- LCD_ON                      ; Top       ; Output Pad    ; IOPAD_X0_Y58_N14    ; Preserved from Post-Fit or Imported Netlist ;
;     -- LCD_ON~output               ; Top       ; Output Buffer ; IOOBUF_X0_Y58_N16   ; Preserved from Post-Fit or Imported Netlist ;
;                                    ;           ;               ;                     ;                                             ;
; LCD_RS                             ; Top       ; Output Port   ; n/a                 ;                                             ;
;     -- LCD_RS                      ; Top       ; Output Pad    ; IOPAD_X0_Y44_N14    ; Preserved from Post-Fit or Imported Netlist ;
;     -- LCD_RS~output               ; Top       ; Output Buffer ; IOOBUF_X0_Y44_N16   ; Preserved from Post-Fit or Imported Netlist ;
;                                    ;           ;               ;                     ;                                             ;
; LCD_RW                             ; Top       ; Output Port   ; n/a                 ;                                             ;
;     -- LCD_RW                      ; Top       ; Output Pad    ; IOPAD_X0_Y44_N21    ; Preserved from Post-Fit or Imported Netlist ;
;     -- LCD_RW~output               ; Top       ; Output Buffer ; IOOBUF_X0_Y44_N23   ; Preserved from Post-Fit or Imported Netlist ;
;                                    ;           ;               ;                     ;                                             ;
; LEDG[0]                            ; Top       ; Output Port   ; n/a                 ;                                             ;
;     -- LEDG[0]                     ; Top       ; Output Pad    ; IOPAD_X107_Y73_N7   ; Preserved from Post-Fit or Imported Netlist ;
;     -- LEDG[0]~output              ; Top       ; Output Buffer ; IOOBUF_X107_Y73_N9  ; Preserved from Post-Fit or Imported Netlist ;
;                                    ;           ;               ;                     ;                                             ;
; LEDG[1]                            ; Top       ; Output Port   ; n/a                 ;                                             ;
;     -- LEDG[1]                     ; Top       ; Output Pad    ; IOPAD_X111_Y73_N7   ; Preserved from Post-Fit or Imported Netlist ;
;     -- LEDG[1]~output              ; Top       ; Output Buffer ; IOOBUF_X111_Y73_N9  ; Preserved from Post-Fit or Imported Netlist ;
;                                    ;           ;               ;                     ;                                             ;
; LEDG[2]                            ; Top       ; Output Port   ; n/a                 ;                                             ;
;     -- LEDG[2]                     ; Top       ; Output Pad    ; IOPAD_X83_Y73_N0    ; Preserved from Post-Fit or Imported Netlist ;
;     -- LEDG[2]~output              ; Top       ; Output Buffer ; IOOBUF_X83_Y73_N2   ; Preserved from Post-Fit or Imported Netlist ;
;                                    ;           ;               ;                     ;                                             ;
; LEDG[3]                            ; Top       ; Output Port   ; n/a                 ;                                             ;
;     -- LEDG[3]                     ; Top       ; Output Pad    ; IOPAD_X85_Y73_N21   ; Preserved from Post-Fit or Imported Netlist ;
;     -- LEDG[3]~output              ; Top       ; Output Buffer ; IOOBUF_X85_Y73_N23  ; Preserved from Post-Fit or Imported Netlist ;
;                                    ;           ;               ;                     ;                                             ;
; LEDG[4]                            ; Top       ; Output Port   ; n/a                 ;                                             ;
;     -- LEDG[4]                     ; Top       ; Output Pad    ; IOPAD_X72_Y73_N14   ; Preserved from Post-Fit or Imported Netlist ;
;     -- LEDG[4]~output              ; Top       ; Output Buffer ; IOOBUF_X72_Y73_N16  ; Preserved from Post-Fit or Imported Netlist ;
;                                    ;           ;               ;                     ;                                             ;
; LEDG[5]                            ; Top       ; Output Port   ; n/a                 ;                                             ;
;     -- LEDG[5]                     ; Top       ; Output Pad    ; IOPAD_X74_Y73_N14   ; Preserved from Post-Fit or Imported Netlist ;
;     -- LEDG[5]~output              ; Top       ; Output Buffer ; IOOBUF_X74_Y73_N16  ; Preserved from Post-Fit or Imported Netlist ;
;                                    ;           ;               ;                     ;                                             ;
; LEDG[6]                            ; Top       ; Output Port   ; n/a                 ;                                             ;
;     -- LEDG[6]                     ; Top       ; Output Pad    ; IOPAD_X72_Y73_N21   ; Preserved from Post-Fit or Imported Netlist ;
;     -- LEDG[6]~output              ; Top       ; Output Buffer ; IOOBUF_X72_Y73_N23  ; Preserved from Post-Fit or Imported Netlist ;
;                                    ;           ;               ;                     ;                                             ;
; LEDG[7]                            ; Top       ; Output Port   ; n/a                 ;                                             ;
;     -- LEDG[7]                     ; Top       ; Output Pad    ; IOPAD_X74_Y73_N21   ; Preserved from Post-Fit or Imported Netlist ;
;     -- LEDG[7]~output              ; Top       ; Output Buffer ; IOOBUF_X74_Y73_N23  ; Preserved from Post-Fit or Imported Netlist ;
;                                    ;           ;               ;                     ;                                             ;
; LEDG[8]                            ; Top       ; Output Port   ; n/a                 ;                                             ;
;     -- LEDG[8]                     ; Top       ; Output Pad    ; IOPAD_X67_Y73_N14   ; Preserved from Post-Fit or Imported Netlist ;
;     -- LEDG[8]~output              ; Top       ; Output Buffer ; IOOBUF_X67_Y73_N16  ; Preserved from Post-Fit or Imported Netlist ;
;                                    ;           ;               ;                     ;                                             ;
; LEDR[0]                            ; Top       ; Output Port   ; n/a                 ;                                             ;
;     -- LEDR[0]                     ; Top       ; Output Pad    ; IOPAD_X69_Y73_N14   ; Preserved from Post-Fit or Imported Netlist ;
;     -- LEDR[0]~output              ; Top       ; Output Buffer ; IOOBUF_X69_Y73_N16  ; Preserved from Post-Fit or Imported Netlist ;
;                                    ;           ;               ;                     ;                                             ;
; LEDR[10]                           ; Top       ; Output Port   ; n/a                 ;                                             ;
;     -- LEDR[10]                    ; Top       ; Output Pad    ; IOPAD_X60_Y73_N21   ; Preserved from Post-Fit or Imported Netlist ;
;     -- LEDR[10]~output             ; Top       ; Output Buffer ; IOOBUF_X60_Y73_N23  ; Preserved from Post-Fit or Imported Netlist ;
;                                    ;           ;               ;                     ;                                             ;
; LEDR[11]                           ; Top       ; Output Port   ; n/a                 ;                                             ;
;     -- LEDR[11]                    ; Top       ; Output Pad    ; IOPAD_X65_Y73_N21   ; Preserved from Post-Fit or Imported Netlist ;
;     -- LEDR[11]~output             ; Top       ; Output Buffer ; IOOBUF_X65_Y73_N23  ; Preserved from Post-Fit or Imported Netlist ;
;                                    ;           ;               ;                     ;                                             ;
; LEDR[12]                           ; Top       ; Output Port   ; n/a                 ;                                             ;
;     -- LEDR[12]                    ; Top       ; Output Pad    ; IOPAD_X65_Y73_N14   ; Preserved from Post-Fit or Imported Netlist ;
;     -- LEDR[12]~output             ; Top       ; Output Buffer ; IOOBUF_X65_Y73_N16  ; Preserved from Post-Fit or Imported Netlist ;
;                                    ;           ;               ;                     ;                                             ;
; LEDR[13]                           ; Top       ; Output Port   ; n/a                 ;                                             ;
;     -- LEDR[13]                    ; Top       ; Output Pad    ; IOPAD_X67_Y73_N7    ; Preserved from Post-Fit or Imported Netlist ;
;     -- LEDR[13]~output             ; Top       ; Output Buffer ; IOOBUF_X67_Y73_N9   ; Preserved from Post-Fit or Imported Netlist ;
;                                    ;           ;               ;                     ;                                             ;
; LEDR[14]                           ; Top       ; Output Port   ; n/a                 ;                                             ;
;     -- LEDR[14]                    ; Top       ; Output Pad    ; IOPAD_X58_Y73_N0    ; Preserved from Post-Fit or Imported Netlist ;
;     -- LEDR[14]~output             ; Top       ; Output Buffer ; IOOBUF_X58_Y73_N2   ; Preserved from Post-Fit or Imported Netlist ;
;                                    ;           ;               ;                     ;                                             ;
; LEDR[15]                           ; Top       ; Output Port   ; n/a                 ;                                             ;
;     -- LEDR[15]                    ; Top       ; Output Pad    ; IOPAD_X65_Y73_N7    ; Preserved from Post-Fit or Imported Netlist ;
;     -- LEDR[15]~output             ; Top       ; Output Buffer ; IOOBUF_X65_Y73_N9   ; Preserved from Post-Fit or Imported Netlist ;
;                                    ;           ;               ;                     ;                                             ;
; LEDR[16]                           ; Top       ; Output Port   ; n/a                 ;                                             ;
;     -- LEDR[16]                    ; Top       ; Output Pad    ; IOPAD_X67_Y73_N0    ; Preserved from Post-Fit or Imported Netlist ;
;     -- LEDR[16]~output             ; Top       ; Output Buffer ; IOOBUF_X67_Y73_N2   ; Preserved from Post-Fit or Imported Netlist ;
;                                    ;           ;               ;                     ;                                             ;
; LEDR[17]                           ; Top       ; Output Port   ; n/a                 ;                                             ;
;     -- LEDR[17]                    ; Top       ; Output Pad    ; IOPAD_X60_Y73_N14   ; Preserved from Post-Fit or Imported Netlist ;
;     -- LEDR[17]~output             ; Top       ; Output Buffer ; IOOBUF_X60_Y73_N16  ; Preserved from Post-Fit or Imported Netlist ;
;                                    ;           ;               ;                     ;                                             ;
; LEDR[1]                            ; Top       ; Output Port   ; n/a                 ;                                             ;
;     -- LEDR[1]                     ; Top       ; Output Pad    ; IOPAD_X94_Y73_N0    ; Preserved from Post-Fit or Imported Netlist ;
;     -- LEDR[1]~output              ; Top       ; Output Buffer ; IOOBUF_X94_Y73_N2   ; Preserved from Post-Fit or Imported Netlist ;
;                                    ;           ;               ;                     ;                                             ;
; LEDR[2]                            ; Top       ; Output Port   ; n/a                 ;                                             ;
;     -- LEDR[2]                     ; Top       ; Output Pad    ; IOPAD_X94_Y73_N7    ; Preserved from Post-Fit or Imported Netlist ;
;     -- LEDR[2]~output              ; Top       ; Output Buffer ; IOOBUF_X94_Y73_N9   ; Preserved from Post-Fit or Imported Netlist ;
;                                    ;           ;               ;                     ;                                             ;
; LEDR[3]                            ; Top       ; Output Port   ; n/a                 ;                                             ;
;     -- LEDR[3]                     ; Top       ; Output Pad    ; IOPAD_X107_Y73_N14  ; Preserved from Post-Fit or Imported Netlist ;
;     -- LEDR[3]~output              ; Top       ; Output Buffer ; IOOBUF_X107_Y73_N16 ; Preserved from Post-Fit or Imported Netlist ;
;                                    ;           ;               ;                     ;                                             ;
; LEDR[4]                            ; Top       ; Output Port   ; n/a                 ;                                             ;
;     -- LEDR[4]                     ; Top       ; Output Pad    ; IOPAD_X87_Y73_N14   ; Preserved from Post-Fit or Imported Netlist ;
;     -- LEDR[4]~output              ; Top       ; Output Buffer ; IOOBUF_X87_Y73_N16  ; Preserved from Post-Fit or Imported Netlist ;
;                                    ;           ;               ;                     ;                                             ;
; LEDR[5]                            ; Top       ; Output Port   ; n/a                 ;                                             ;
;     -- LEDR[5]                     ; Top       ; Output Pad    ; IOPAD_X87_Y73_N7    ; Preserved from Post-Fit or Imported Netlist ;
;     -- LEDR[5]~output              ; Top       ; Output Buffer ; IOOBUF_X87_Y73_N9   ; Preserved from Post-Fit or Imported Netlist ;
;                                    ;           ;               ;                     ;                                             ;
; LEDR[6]                            ; Top       ; Output Port   ; n/a                 ;                                             ;
;     -- LEDR[6]                     ; Top       ; Output Pad    ; IOPAD_X72_Y73_N7    ; Preserved from Post-Fit or Imported Netlist ;
;     -- LEDR[6]~output              ; Top       ; Output Buffer ; IOOBUF_X72_Y73_N9   ; Preserved from Post-Fit or Imported Netlist ;
;                                    ;           ;               ;                     ;                                             ;
; LEDR[7]                            ; Top       ; Output Port   ; n/a                 ;                                             ;
;     -- LEDR[7]                     ; Top       ; Output Pad    ; IOPAD_X72_Y73_N0    ; Preserved from Post-Fit or Imported Netlist ;
;     -- LEDR[7]~output              ; Top       ; Output Buffer ; IOOBUF_X72_Y73_N2   ; Preserved from Post-Fit or Imported Netlist ;
;                                    ;           ;               ;                     ;                                             ;
; LEDR[8]                            ; Top       ; Output Port   ; n/a                 ;                                             ;
;     -- LEDR[8]                     ; Top       ; Output Pad    ; IOPAD_X69_Y73_N0    ; Preserved from Post-Fit or Imported Netlist ;
;     -- LEDR[8]~output              ; Top       ; Output Buffer ; IOOBUF_X69_Y73_N2   ; Preserved from Post-Fit or Imported Netlist ;
;                                    ;           ;               ;                     ;                                             ;
; LEDR[9]                            ; Top       ; Output Port   ; n/a                 ;                                             ;
;     -- LEDR[9]                     ; Top       ; Output Pad    ; IOPAD_X83_Y73_N21   ; Preserved from Post-Fit or Imported Netlist ;
;     -- LEDR[9]~output              ; Top       ; Output Buffer ; IOOBUF_X83_Y73_N23  ; Preserved from Post-Fit or Imported Netlist ;
;                                    ;           ;               ;                     ;                                             ;
; OTG_ADDR[0]                        ; Top       ; Output Port   ; n/a                 ;                                             ;
;     -- OTG_ADDR[0]                 ; Top       ; Output Pad    ; IOPAD_X0_Y68_N14    ; Preserved from Post-Fit or Imported Netlist ;
;     -- OTG_ADDR[0]~output          ; Top       ; Output Buffer ; IOOBUF_X0_Y68_N16   ; Preserved from Post-Fit or Imported Netlist ;
;                                    ;           ;               ;                     ;                                             ;
; OTG_ADDR[1]                        ; Top       ; Output Port   ; n/a                 ;                                             ;
;     -- OTG_ADDR[1]                 ; Top       ; Output Pad    ; IOPAD_X1_Y73_N21    ; Preserved from Post-Fit or Imported Netlist ;
;     -- OTG_ADDR[1]~output          ; Top       ; Output Buffer ; IOOBUF_X1_Y73_N23   ; Preserved from Post-Fit or Imported Netlist ;
;                                    ;           ;               ;                     ;                                             ;
; OTG_CS_N                           ; Top       ; Output Port   ; n/a                 ;                                             ;
;     -- OTG_CS_N                    ; Top       ; Output Pad    ; IOPAD_X5_Y73_N7     ; Preserved from Post-Fit or Imported Netlist ;
;     -- OTG_CS_N~output             ; Top       ; Output Buffer ; IOOBUF_X5_Y73_N9    ; Preserved from Post-Fit or Imported Netlist ;
;                                    ;           ;               ;                     ;                                             ;
; OTG_DATA[0]                        ; Top       ; Bidir Port    ; n/a                 ;                                             ;
;     -- OTG_DATA[0]                 ; Top       ; Bidir Pad     ; IOPAD_X0_Y50_N14    ; Preserved from Post-Fit or Imported Netlist ;
;     -- OTG_DATA[0]~output          ; Top       ; Output Buffer ; IOOBUF_X0_Y50_N16   ; Preserved from Post-Fit or Imported Netlist ;
;                                    ;           ;               ;                     ;                                             ;
; OTG_DATA[10]                       ; Top       ; Bidir Port    ; n/a                 ;                                             ;
;     -- OTG_DATA[10]                ; Top       ; Bidir Pad     ; IOPAD_X0_Y55_N14    ; Preserved from Post-Fit or Imported Netlist ;
;     -- OTG_DATA[10]~output         ; Top       ; Output Buffer ; IOOBUF_X0_Y55_N16   ; Preserved from Post-Fit or Imported Netlist ;
;                                    ;           ;               ;                     ;                                             ;
; OTG_DATA[11]                       ; Top       ; Bidir Port    ; n/a                 ;                                             ;
;     -- OTG_DATA[11]                ; Top       ; Bidir Pad     ; IOPAD_X0_Y55_N7     ; Preserved from Post-Fit or Imported Netlist ;
;     -- OTG_DATA[11]~output         ; Top       ; Output Buffer ; IOOBUF_X0_Y55_N9    ; Preserved from Post-Fit or Imported Netlist ;
;                                    ;           ;               ;                     ;                                             ;
; OTG_DATA[12]                       ; Top       ; Bidir Port    ; n/a                 ;                                             ;
;     -- OTG_DATA[12]                ; Top       ; Bidir Pad     ; IOPAD_X0_Y63_N21    ; Preserved from Post-Fit or Imported Netlist ;
;     -- OTG_DATA[12]~output         ; Top       ; Output Buffer ; IOOBUF_X0_Y63_N23   ; Preserved from Post-Fit or Imported Netlist ;
;                                    ;           ;               ;                     ;                                             ;
; OTG_DATA[13]                       ; Top       ; Bidir Port    ; n/a                 ;                                             ;
;     -- OTG_DATA[13]                ; Top       ; Bidir Pad     ; IOPAD_X0_Y59_N14    ; Preserved from Post-Fit or Imported Netlist ;
;     -- OTG_DATA[13]~output         ; Top       ; Output Buffer ; IOOBUF_X0_Y59_N16   ; Preserved from Post-Fit or Imported Netlist ;
;                                    ;           ;               ;                     ;                                             ;
; OTG_DATA[14]                       ; Top       ; Bidir Port    ; n/a                 ;                                             ;
;     -- OTG_DATA[14]                ; Top       ; Bidir Pad     ; IOPAD_X0_Y66_N21    ; Preserved from Post-Fit or Imported Netlist ;
;     -- OTG_DATA[14]~output         ; Top       ; Output Buffer ; IOOBUF_X0_Y66_N23   ; Preserved from Post-Fit or Imported Netlist ;
;                                    ;           ;               ;                     ;                                             ;
; OTG_DATA[15]                       ; Top       ; Bidir Port    ; n/a                 ;                                             ;
;     -- OTG_DATA[15]                ; Top       ; Bidir Pad     ; IOPAD_X0_Y63_N14    ; Preserved from Post-Fit or Imported Netlist ;
;     -- OTG_DATA[15]~output         ; Top       ; Output Buffer ; IOOBUF_X0_Y63_N16   ; Preserved from Post-Fit or Imported Netlist ;
;                                    ;           ;               ;                     ;                                             ;
; OTG_DATA[1]                        ; Top       ; Bidir Port    ; n/a                 ;                                             ;
;     -- OTG_DATA[1]                 ; Top       ; Bidir Pad     ; IOPAD_X0_Y53_N0     ; Preserved from Post-Fit or Imported Netlist ;
;     -- OTG_DATA[1]~output          ; Top       ; Output Buffer ; IOOBUF_X0_Y53_N2    ; Preserved from Post-Fit or Imported Netlist ;
;                                    ;           ;               ;                     ;                                             ;
; OTG_DATA[2]                        ; Top       ; Bidir Port    ; n/a                 ;                                             ;
;     -- OTG_DATA[2]                 ; Top       ; Bidir Pad     ; IOPAD_X0_Y50_N21    ; Preserved from Post-Fit or Imported Netlist ;
;     -- OTG_DATA[2]~output          ; Top       ; Output Buffer ; IOOBUF_X0_Y50_N23   ; Preserved from Post-Fit or Imported Netlist ;
;                                    ;           ;               ;                     ;                                             ;
; OTG_DATA[3]                        ; Top       ; Bidir Port    ; n/a                 ;                                             ;
;     -- OTG_DATA[3]                 ; Top       ; Bidir Pad     ; IOPAD_X0_Y53_N7     ; Preserved from Post-Fit or Imported Netlist ;
;     -- OTG_DATA[3]~output          ; Top       ; Output Buffer ; IOOBUF_X0_Y53_N9    ; Preserved from Post-Fit or Imported Netlist ;
;                                    ;           ;               ;                     ;                                             ;
; OTG_DATA[4]                        ; Top       ; Bidir Port    ; n/a                 ;                                             ;
;     -- OTG_DATA[4]                 ; Top       ; Bidir Pad     ; IOPAD_X0_Y57_N14    ; Preserved from Post-Fit or Imported Netlist ;
;     -- OTG_DATA[4]~output          ; Top       ; Output Buffer ; IOOBUF_X0_Y57_N16   ; Preserved from Post-Fit or Imported Netlist ;
;                                    ;           ;               ;                     ;                                             ;
; OTG_DATA[5]                        ; Top       ; Bidir Port    ; n/a                 ;                                             ;
;     -- OTG_DATA[5]                 ; Top       ; Bidir Pad     ; IOPAD_X0_Y57_N21    ; Preserved from Post-Fit or Imported Netlist ;
;     -- OTG_DATA[5]~output          ; Top       ; Output Buffer ; IOOBUF_X0_Y57_N23   ; Preserved from Post-Fit or Imported Netlist ;
;                                    ;           ;               ;                     ;                                             ;
; OTG_DATA[6]                        ; Top       ; Bidir Port    ; n/a                 ;                                             ;
;     -- OTG_DATA[6]                 ; Top       ; Bidir Pad     ; IOPAD_X0_Y49_N0     ; Preserved from Post-Fit or Imported Netlist ;
;     -- OTG_DATA[6]~output          ; Top       ; Output Buffer ; IOOBUF_X0_Y49_N2    ; Preserved from Post-Fit or Imported Netlist ;
;                                    ;           ;               ;                     ;                                             ;
; OTG_DATA[7]                        ; Top       ; Bidir Port    ; n/a                 ;                                             ;
;     -- OTG_DATA[7]                 ; Top       ; Bidir Pad     ; IOPAD_X0_Y64_N0     ; Preserved from Post-Fit or Imported Netlist ;
;     -- OTG_DATA[7]~output          ; Top       ; Output Buffer ; IOOBUF_X0_Y64_N2    ; Preserved from Post-Fit or Imported Netlist ;
;                                    ;           ;               ;                     ;                                             ;
; OTG_DATA[8]                        ; Top       ; Bidir Port    ; n/a                 ;                                             ;
;     -- OTG_DATA[8]                 ; Top       ; Bidir Pad     ; IOPAD_X0_Y62_N21    ; Preserved from Post-Fit or Imported Netlist ;
;     -- OTG_DATA[8]~output          ; Top       ; Output Buffer ; IOOBUF_X0_Y62_N23   ; Preserved from Post-Fit or Imported Netlist ;
;                                    ;           ;               ;                     ;                                             ;
; OTG_DATA[9]                        ; Top       ; Bidir Port    ; n/a                 ;                                             ;
;     -- OTG_DATA[9]                 ; Top       ; Bidir Pad     ; IOPAD_X0_Y62_N14    ; Preserved from Post-Fit or Imported Netlist ;
;     -- OTG_DATA[9]~output          ; Top       ; Output Buffer ; IOOBUF_X0_Y62_N16   ; Preserved from Post-Fit or Imported Netlist ;
;                                    ;           ;               ;                     ;                                             ;
; OTG_INT                            ; Top       ; Input Port    ; n/a                 ;                                             ;
;     -- OTG_INT                     ; Top       ; Input Pad     ; IOPAD_X3_Y73_N0     ; Preserved from Post-Fit or Imported Netlist ;
;     -- OTG_INT~input               ; Top       ; Input Buffer  ; IOIBUF_X3_Y73_N1    ; Preserved from Post-Fit or Imported Netlist ;
;                                    ;           ;               ;                     ;                                             ;
; OTG_RD_N                           ; Top       ; Output Port   ; n/a                 ;                                             ;
;     -- OTG_RD_N                    ; Top       ; Output Pad    ; IOPAD_X5_Y73_N0     ; Preserved from Post-Fit or Imported Netlist ;
;     -- OTG_RD_N~output             ; Top       ; Output Buffer ; IOOBUF_X5_Y73_N2    ; Preserved from Post-Fit or Imported Netlist ;
;                                    ;           ;               ;                     ;                                             ;
; OTG_RST_N                          ; Top       ; Output Port   ; n/a                 ;                                             ;
;     -- OTG_RST_N                   ; Top       ; Output Pad    ; IOPAD_X3_Y73_N7     ; Preserved from Post-Fit or Imported Netlist ;
;     -- OTG_RST_N~output            ; Top       ; Output Buffer ; IOOBUF_X3_Y73_N9    ; Preserved from Post-Fit or Imported Netlist ;
;                                    ;           ;               ;                     ;                                             ;
; OTG_WR_N                           ; Top       ; Output Port   ; n/a                 ;                                             ;
;     -- OTG_WR_N                    ; Top       ; Output Pad    ; IOPAD_X7_Y73_N14    ; Preserved from Post-Fit or Imported Netlist ;
;     -- OTG_WR_N~output             ; Top       ; Output Buffer ; IOOBUF_X7_Y73_N16   ; Preserved from Post-Fit or Imported Netlist ;
;                                    ;           ;               ;                     ;                                             ;
; PS2_CLK                            ; Top       ; Bidir Port    ; n/a                 ;                                             ;
;     -- PS2_CLK                     ; Top       ; Bidir Pad     ; IOPAD_X0_Y67_N14    ; Preserved from Post-Fit or Imported Netlist ;
;     -- PS2_CLK~output              ; Top       ; Output Buffer ; IOOBUF_X0_Y67_N16   ; Preserved from Post-Fit or Imported Netlist ;
;                                    ;           ;               ;                     ;                                             ;
; PS2_CLK2                           ; Top       ; Bidir Port    ; n/a                 ;                                             ;
;     -- PS2_CLK2                    ; Top       ; Bidir Pad     ; IOPAD_X0_Y67_N21    ; Preserved from Post-Fit or Imported Netlist ;
;     -- PS2_CLK2~output             ; Top       ; Output Buffer ; IOOBUF_X0_Y67_N23   ; Preserved from Post-Fit or Imported Netlist ;
;                                    ;           ;               ;                     ;                                             ;
; PS2_DAT                            ; Top       ; Bidir Port    ; n/a                 ;                                             ;
;     -- PS2_DAT                     ; Top       ; Bidir Pad     ; IOPAD_X0_Y59_N21    ; Preserved from Post-Fit or Imported Netlist ;
;     -- PS2_DAT~output              ; Top       ; Output Buffer ; IOOBUF_X0_Y59_N23   ; Preserved from Post-Fit or Imported Netlist ;
;                                    ;           ;               ;                     ;                                             ;
; PS2_DAT2                           ; Top       ; Bidir Port    ; n/a                 ;                                             ;
;     -- PS2_DAT2                    ; Top       ; Bidir Pad     ; IOPAD_X0_Y65_N14    ; Preserved from Post-Fit or Imported Netlist ;
;     -- PS2_DAT2~output             ; Top       ; Output Buffer ; IOOBUF_X0_Y65_N16   ; Preserved from Post-Fit or Imported Netlist ;
;                                    ;           ;               ;                     ;                                             ;
; SD_CLK                             ; Top       ; Output Port   ; n/a                 ;                                             ;
;     -- SD_CLK                      ; Top       ; Output Pad    ; IOPAD_X42_Y0_N21    ; Preserved from Post-Fit or Imported Netlist ;
;     -- SD_CLK~output               ; Top       ; Output Buffer ; IOOBUF_X42_Y0_N23   ; Preserved from Post-Fit or Imported Netlist ;
;                                    ;           ;               ;                     ;                                             ;
; SD_CMD                             ; Top       ; Bidir Port    ; n/a                 ;                                             ;
;     -- SD_CMD                      ; Top       ; Bidir Pad     ; IOPAD_X56_Y0_N14    ; Preserved from Post-Fit or Imported Netlist ;
;     -- SD_CMD~output               ; Top       ; Output Buffer ; IOOBUF_X56_Y0_N16   ; Preserved from Post-Fit or Imported Netlist ;
;                                    ;           ;               ;                     ;                                             ;
; SD_DAT[0]                          ; Top       ; Bidir Port    ; n/a                 ;                                             ;
;     -- SD_DAT[0]                   ; Top       ; Bidir Pad     ; IOPAD_X49_Y0_N21    ; Preserved from Post-Fit or Imported Netlist ;
;     -- SD_DAT[0]~output            ; Top       ; Output Buffer ; IOOBUF_X49_Y0_N23   ; Preserved from Post-Fit or Imported Netlist ;
;                                    ;           ;               ;                     ;                                             ;
; SD_DAT[1]                          ; Top       ; Bidir Port    ; n/a                 ;                                             ;
;     -- SD_DAT[1]                   ; Top       ; Bidir Pad     ; IOPAD_X42_Y0_N14    ; Preserved from Post-Fit or Imported Netlist ;
;     -- SD_DAT[1]~output            ; Top       ; Output Buffer ; IOOBUF_X42_Y0_N16   ; Preserved from Post-Fit or Imported Netlist ;
;                                    ;           ;               ;                     ;                                             ;
; SD_DAT[2]                          ; Top       ; Bidir Port    ; n/a                 ;                                             ;
;     -- SD_DAT[2]                   ; Top       ; Bidir Pad     ; IOPAD_X54_Y0_N14    ; Preserved from Post-Fit or Imported Netlist ;
;     -- SD_DAT[2]~output            ; Top       ; Output Buffer ; IOOBUF_X54_Y0_N16   ; Preserved from Post-Fit or Imported Netlist ;
;                                    ;           ;               ;                     ;                                             ;
; SD_DAT[3]                          ; Top       ; Bidir Port    ; n/a                 ;                                             ;
;     -- SD_DAT[3]                   ; Top       ; Bidir Pad     ; IOPAD_X56_Y0_N21    ; Preserved from Post-Fit or Imported Netlist ;
;     -- SD_DAT[3]~output            ; Top       ; Output Buffer ; IOOBUF_X56_Y0_N23   ; Preserved from Post-Fit or Imported Netlist ;
;                                    ;           ;               ;                     ;                                             ;
; SD_WP_N                            ; Top       ; Input Port    ; n/a                 ;                                             ;
;     -- SD_WP_N                     ; Top       ; Input Pad     ; IOPAD_X49_Y0_N14    ; Preserved from Post-Fit or Imported Netlist ;
;     -- SD_WP_N~input               ; Top       ; Input Buffer  ; IOIBUF_X49_Y0_N15   ; Preserved from Post-Fit or Imported Netlist ;
;                                    ;           ;               ;                     ;                                             ;
; SMA_CLKIN                          ; Top       ; Input Port    ; n/a                 ;                                             ;
;     -- SMA_CLKIN                   ; Top       ; Input Pad     ; IOPAD_X58_Y0_N14    ; Preserved from Post-Fit or Imported Netlist ;
;     -- SMA_CLKIN~input             ; Top       ; Input Buffer  ; IOIBUF_X58_Y0_N15   ; Preserved from Post-Fit or Imported Netlist ;
;                                    ;           ;               ;                     ;                                             ;
; SMA_CLKOUT                         ; Top       ; Output Port   ; n/a                 ;                                             ;
;     -- SMA_CLKOUT                  ; Top       ; Output Pad    ; IOPAD_X105_Y0_N14   ; Preserved from Post-Fit or Imported Netlist ;
;     -- SMA_CLKOUT~output           ; Top       ; Output Buffer ; IOOBUF_X105_Y0_N16  ; Preserved from Post-Fit or Imported Netlist ;
;                                    ;           ;               ;                     ;                                             ;
; SRAM_ADDR[0]                       ; Top       ; Output Port   ; n/a                 ;                                             ;
;     -- SRAM_ADDR[0]                ; Top       ; Output Pad    ; IOPAD_X16_Y0_N0     ; Preserved from Post-Fit or Imported Netlist ;
;     -- SRAM_ADDR[0]~output         ; Top       ; Output Buffer ; IOOBUF_X16_Y0_N2    ; Preserved from Post-Fit or Imported Netlist ;
;                                    ;           ;               ;                     ;                                             ;
; SRAM_ADDR[10]                      ; Top       ; Output Port   ; n/a                 ;                                             ;
;     -- SRAM_ADDR[10]               ; Top       ; Output Pad    ; IOPAD_X0_Y6_N0      ; Preserved from Post-Fit or Imported Netlist ;
;     -- SRAM_ADDR[10]~output        ; Top       ; Output Buffer ; IOOBUF_X0_Y6_N2     ; Preserved from Post-Fit or Imported Netlist ;
;                                    ;           ;               ;                     ;                                             ;
; SRAM_ADDR[11]                      ; Top       ; Output Port   ; n/a                 ;                                             ;
;     -- SRAM_ADDR[11]               ; Top       ; Output Pad    ; IOPAD_X0_Y22_N14    ; Preserved from Post-Fit or Imported Netlist ;
;     -- SRAM_ADDR[11]~output        ; Top       ; Output Buffer ; IOOBUF_X0_Y22_N16   ; Preserved from Post-Fit or Imported Netlist ;
;                                    ;           ;               ;                     ;                                             ;
; SRAM_ADDR[12]                      ; Top       ; Output Port   ; n/a                 ;                                             ;
;     -- SRAM_ADDR[12]               ; Top       ; Output Pad    ; IOPAD_X0_Y8_N21     ; Preserved from Post-Fit or Imported Netlist ;
;     -- SRAM_ADDR[12]~output        ; Top       ; Output Buffer ; IOOBUF_X0_Y8_N23    ; Preserved from Post-Fit or Imported Netlist ;
;                                    ;           ;               ;                     ;                                             ;
; SRAM_ADDR[13]                      ; Top       ; Output Port   ; n/a                 ;                                             ;
;     -- SRAM_ADDR[13]               ; Top       ; Output Pad    ; IOPAD_X0_Y23_N21    ; Preserved from Post-Fit or Imported Netlist ;
;     -- SRAM_ADDR[13]~output        ; Top       ; Output Buffer ; IOOBUF_X0_Y23_N23   ; Preserved from Post-Fit or Imported Netlist ;
;                                    ;           ;               ;                     ;                                             ;
; SRAM_ADDR[14]                      ; Top       ; Output Port   ; n/a                 ;                                             ;
;     -- SRAM_ADDR[14]               ; Top       ; Output Pad    ; IOPAD_X0_Y19_N0     ; Preserved from Post-Fit or Imported Netlist ;
;     -- SRAM_ADDR[14]~output        ; Top       ; Output Buffer ; IOOBUF_X0_Y19_N2    ; Preserved from Post-Fit or Imported Netlist ;
;                                    ;           ;               ;                     ;                                             ;
; SRAM_ADDR[15]                      ; Top       ; Output Port   ; n/a                 ;                                             ;
;     -- SRAM_ADDR[15]               ; Top       ; Output Pad    ; IOPAD_X27_Y0_N7     ; Preserved from Post-Fit or Imported Netlist ;
;     -- SRAM_ADDR[15]~output        ; Top       ; Output Buffer ; IOOBUF_X27_Y0_N9    ; Preserved from Post-Fit or Imported Netlist ;
;                                    ;           ;               ;                     ;                                             ;
; SRAM_ADDR[16]                      ; Top       ; Output Port   ; n/a                 ;                                             ;
;     -- SRAM_ADDR[16]               ; Top       ; Output Pad    ; IOPAD_X49_Y0_N7     ; Preserved from Post-Fit or Imported Netlist ;
;     -- SRAM_ADDR[16]~output        ; Top       ; Output Buffer ; IOOBUF_X49_Y0_N9    ; Preserved from Post-Fit or Imported Netlist ;
;                                    ;           ;               ;                     ;                                             ;
; SRAM_ADDR[17]                      ; Top       ; Output Port   ; n/a                 ;                                             ;
;     -- SRAM_ADDR[17]               ; Top       ; Output Pad    ; IOPAD_X11_Y0_N7     ; Preserved from Post-Fit or Imported Netlist ;
;     -- SRAM_ADDR[17]~output        ; Top       ; Output Buffer ; IOOBUF_X11_Y0_N9    ; Preserved from Post-Fit or Imported Netlist ;
;                                    ;           ;               ;                     ;                                             ;
; SRAM_ADDR[18]                      ; Top       ; Output Port   ; n/a                 ;                                             ;
;     -- SRAM_ADDR[18]               ; Top       ; Output Pad    ; IOPAD_X11_Y0_N0     ; Preserved from Post-Fit or Imported Netlist ;
;     -- SRAM_ADDR[18]~output        ; Top       ; Output Buffer ; IOOBUF_X11_Y0_N2    ; Preserved from Post-Fit or Imported Netlist ;
;                                    ;           ;               ;                     ;                                             ;
; SRAM_ADDR[19]                      ; Top       ; Output Port   ; n/a                 ;                                             ;
;     -- SRAM_ADDR[19]               ; Top       ; Output Pad    ; IOPAD_X0_Y20_N14    ; Preserved from Post-Fit or Imported Netlist ;
;     -- SRAM_ADDR[19]~output        ; Top       ; Output Buffer ; IOOBUF_X0_Y20_N16   ; Preserved from Post-Fit or Imported Netlist ;
;                                    ;           ;               ;                     ;                                             ;
; SRAM_ADDR[1]                       ; Top       ; Output Port   ; n/a                 ;                                             ;
;     -- SRAM_ADDR[1]                ; Top       ; Output Pad    ; IOPAD_X3_Y0_N0      ; Preserved from Post-Fit or Imported Netlist ;
;     -- SRAM_ADDR[1]~output         ; Top       ; Output Buffer ; IOOBUF_X3_Y0_N2     ; Preserved from Post-Fit or Imported Netlist ;
;                                    ;           ;               ;                     ;                                             ;
; SRAM_ADDR[2]                       ; Top       ; Output Port   ; n/a                 ;                                             ;
;     -- SRAM_ADDR[2]                ; Top       ; Output Pad    ; IOPAD_X20_Y0_N14    ; Preserved from Post-Fit or Imported Netlist ;
;     -- SRAM_ADDR[2]~output         ; Top       ; Output Buffer ; IOOBUF_X20_Y0_N16   ; Preserved from Post-Fit or Imported Netlist ;
;                                    ;           ;               ;                     ;                                             ;
; SRAM_ADDR[3]                       ; Top       ; Output Port   ; n/a                 ;                                             ;
;     -- SRAM_ADDR[3]                ; Top       ; Output Pad    ; IOPAD_X9_Y0_N0      ; Preserved from Post-Fit or Imported Netlist ;
;     -- SRAM_ADDR[3]~output         ; Top       ; Output Buffer ; IOOBUF_X9_Y0_N2     ; Preserved from Post-Fit or Imported Netlist ;
;                                    ;           ;               ;                     ;                                             ;
; SRAM_ADDR[4]                       ; Top       ; Output Port   ; n/a                 ;                                             ;
;     -- SRAM_ADDR[4]                ; Top       ; Output Pad    ; IOPAD_X0_Y4_N7      ; Preserved from Post-Fit or Imported Netlist ;
;     -- SRAM_ADDR[4]~output         ; Top       ; Output Buffer ; IOOBUF_X0_Y4_N9     ; Preserved from Post-Fit or Imported Netlist ;
;                                    ;           ;               ;                     ;                                             ;
; SRAM_ADDR[5]                       ; Top       ; Output Port   ; n/a                 ;                                             ;
;     -- SRAM_ADDR[5]                ; Top       ; Output Pad    ; IOPAD_X1_Y0_N14     ; Preserved from Post-Fit or Imported Netlist ;
;     -- SRAM_ADDR[5]~output         ; Top       ; Output Buffer ; IOOBUF_X1_Y0_N16    ; Preserved from Post-Fit or Imported Netlist ;
;                                    ;           ;               ;                     ;                                             ;
; SRAM_ADDR[6]                       ; Top       ; Output Port   ; n/a                 ;                                             ;
;     -- SRAM_ADDR[6]                ; Top       ; Output Pad    ; IOPAD_X0_Y4_N21     ; Preserved from Post-Fit or Imported Netlist ;
;     -- SRAM_ADDR[6]~output         ; Top       ; Output Buffer ; IOOBUF_X0_Y4_N23    ; Preserved from Post-Fit or Imported Netlist ;
;                                    ;           ;               ;                     ;                                             ;
; SRAM_ADDR[7]                       ; Top       ; Output Port   ; n/a                 ;                                             ;
;     -- SRAM_ADDR[7]                ; Top       ; Output Pad    ; IOPAD_X0_Y5_N14     ; Preserved from Post-Fit or Imported Netlist ;
;     -- SRAM_ADDR[7]~output         ; Top       ; Output Buffer ; IOOBUF_X0_Y5_N16    ; Preserved from Post-Fit or Imported Netlist ;
;                                    ;           ;               ;                     ;                                             ;
; SRAM_ADDR[8]                       ; Top       ; Output Port   ; n/a                 ;                                             ;
;     -- SRAM_ADDR[8]                ; Top       ; Output Pad    ; IOPAD_X5_Y0_N14     ; Preserved from Post-Fit or Imported Netlist ;
;     -- SRAM_ADDR[8]~output         ; Top       ; Output Buffer ; IOOBUF_X5_Y0_N16    ; Preserved from Post-Fit or Imported Netlist ;
;                                    ;           ;               ;                     ;                                             ;
; SRAM_ADDR[9]                       ; Top       ; Output Port   ; n/a                 ;                                             ;
;     -- SRAM_ADDR[9]                ; Top       ; Output Pad    ; IOPAD_X0_Y31_N14    ; Preserved from Post-Fit or Imported Netlist ;
;     -- SRAM_ADDR[9]~output         ; Top       ; Output Buffer ; IOOBUF_X0_Y31_N16   ; Preserved from Post-Fit or Imported Netlist ;
;                                    ;           ;               ;                     ;                                             ;
; SRAM_CE_N                          ; Top       ; Output Port   ; n/a                 ;                                             ;
;     -- SRAM_CE_N                   ; Top       ; Output Pad    ; IOPAD_X23_Y0_N14    ; Preserved from Post-Fit or Imported Netlist ;
;     -- SRAM_CE_N~output            ; Top       ; Output Buffer ; IOOBUF_X23_Y0_N16   ; Preserved from Post-Fit or Imported Netlist ;
;                                    ;           ;               ;                     ;                                             ;
; SRAM_DQ[0]                         ; Top       ; Bidir Port    ; n/a                 ;                                             ;
;     -- SRAM_DQ[0]                  ; Top       ; Bidir Pad     ; IOPAD_X5_Y0_N7      ; Preserved from Post-Fit or Imported Netlist ;
;     -- SRAM_DQ[0]~output           ; Top       ; Output Buffer ; IOOBUF_X5_Y0_N9     ; Preserved from Post-Fit or Imported Netlist ;
;                                    ;           ;               ;                     ;                                             ;
; SRAM_DQ[10]                        ; Top       ; Bidir Port    ; n/a                 ;                                             ;
;     -- SRAM_DQ[10]                 ; Top       ; Bidir Pad     ; IOPAD_X0_Y17_N14    ; Preserved from Post-Fit or Imported Netlist ;
;     -- SRAM_DQ[10]~output          ; Top       ; Output Buffer ; IOOBUF_X0_Y17_N16   ; Preserved from Post-Fit or Imported Netlist ;
;                                    ;           ;               ;                     ;                                             ;
; SRAM_DQ[11]                        ; Top       ; Bidir Port    ; n/a                 ;                                             ;
;     -- SRAM_DQ[11]                 ; Top       ; Bidir Pad     ; IOPAD_X0_Y16_N14    ; Preserved from Post-Fit or Imported Netlist ;
;     -- SRAM_DQ[11]~output          ; Top       ; Output Buffer ; IOOBUF_X0_Y16_N16   ; Preserved from Post-Fit or Imported Netlist ;
;                                    ;           ;               ;                     ;                                             ;
; SRAM_DQ[12]                        ; Top       ; Bidir Port    ; n/a                 ;                                             ;
;     -- SRAM_DQ[12]                 ; Top       ; Bidir Pad     ; IOPAD_X0_Y7_N7      ; Preserved from Post-Fit or Imported Netlist ;
;     -- SRAM_DQ[12]~output          ; Top       ; Output Buffer ; IOOBUF_X0_Y7_N9     ; Preserved from Post-Fit or Imported Netlist ;
;                                    ;           ;               ;                     ;                                             ;
; SRAM_DQ[13]                        ; Top       ; Bidir Port    ; n/a                 ;                                             ;
;     -- SRAM_DQ[13]                 ; Top       ; Bidir Pad     ; IOPAD_X3_Y0_N21     ; Preserved from Post-Fit or Imported Netlist ;
;     -- SRAM_DQ[13]~output          ; Top       ; Output Buffer ; IOOBUF_X3_Y0_N23    ; Preserved from Post-Fit or Imported Netlist ;
;                                    ;           ;               ;                     ;                                             ;
; SRAM_DQ[14]                        ; Top       ; Bidir Port    ; n/a                 ;                                             ;
;     -- SRAM_DQ[14]                 ; Top       ; Bidir Pad     ; IOPAD_X7_Y0_N21     ; Preserved from Post-Fit or Imported Netlist ;
;     -- SRAM_DQ[14]~output          ; Top       ; Output Buffer ; IOOBUF_X7_Y0_N23    ; Preserved from Post-Fit or Imported Netlist ;
;                                    ;           ;               ;                     ;                                             ;
; SRAM_DQ[15]                        ; Top       ; Bidir Port    ; n/a                 ;                                             ;
;     -- SRAM_DQ[15]                 ; Top       ; Bidir Pad     ; IOPAD_X3_Y0_N14     ; Preserved from Post-Fit or Imported Netlist ;
;     -- SRAM_DQ[15]~output          ; Top       ; Output Buffer ; IOOBUF_X3_Y0_N16    ; Preserved from Post-Fit or Imported Netlist ;
;                                    ;           ;               ;                     ;                                             ;
; SRAM_DQ[1]                         ; Top       ; Bidir Port    ; n/a                 ;                                             ;
;     -- SRAM_DQ[1]                  ; Top       ; Bidir Pad     ; IOPAD_X1_Y0_N0      ; Preserved from Post-Fit or Imported Netlist ;
;     -- SRAM_DQ[1]~output           ; Top       ; Output Buffer ; IOOBUF_X1_Y0_N2     ; Preserved from Post-Fit or Imported Netlist ;
;                                    ;           ;               ;                     ;                                             ;
; SRAM_DQ[2]                         ; Top       ; Bidir Port    ; n/a                 ;                                             ;
;     -- SRAM_DQ[2]                  ; Top       ; Bidir Pad     ; IOPAD_X9_Y0_N21     ; Preserved from Post-Fit or Imported Netlist ;
;     -- SRAM_DQ[2]~output           ; Top       ; Output Buffer ; IOOBUF_X9_Y0_N23    ; Preserved from Post-Fit or Imported Netlist ;
;                                    ;           ;               ;                     ;                                             ;
; SRAM_DQ[3]                         ; Top       ; Bidir Port    ; n/a                 ;                                             ;
;     -- SRAM_DQ[3]                  ; Top       ; Bidir Pad     ; IOPAD_X9_Y0_N14     ; Preserved from Post-Fit or Imported Netlist ;
;     -- SRAM_DQ[3]~output           ; Top       ; Output Buffer ; IOOBUF_X9_Y0_N16    ; Preserved from Post-Fit or Imported Netlist ;
;                                    ;           ;               ;                     ;                                             ;
; SRAM_DQ[4]                         ; Top       ; Bidir Port    ; n/a                 ;                                             ;
;     -- SRAM_DQ[4]                  ; Top       ; Bidir Pad     ; IOPAD_X7_Y0_N14     ; Preserved from Post-Fit or Imported Netlist ;
;     -- SRAM_DQ[4]~output           ; Top       ; Output Buffer ; IOOBUF_X7_Y0_N16    ; Preserved from Post-Fit or Imported Netlist ;
;                                    ;           ;               ;                     ;                                             ;
; SRAM_DQ[5]                         ; Top       ; Bidir Port    ; n/a                 ;                                             ;
;     -- SRAM_DQ[5]                  ; Top       ; Bidir Pad     ; IOPAD_X11_Y0_N21    ; Preserved from Post-Fit or Imported Netlist ;
;     -- SRAM_DQ[5]~output           ; Top       ; Output Buffer ; IOOBUF_X11_Y0_N23   ; Preserved from Post-Fit or Imported Netlist ;
;                                    ;           ;               ;                     ;                                             ;
; SRAM_DQ[6]                         ; Top       ; Bidir Port    ; n/a                 ;                                             ;
;     -- SRAM_DQ[6]                  ; Top       ; Bidir Pad     ; IOPAD_X11_Y0_N14    ; Preserved from Post-Fit or Imported Netlist ;
;     -- SRAM_DQ[6]~output           ; Top       ; Output Buffer ; IOOBUF_X11_Y0_N16   ; Preserved from Post-Fit or Imported Netlist ;
;                                    ;           ;               ;                     ;                                             ;
; SRAM_DQ[7]                         ; Top       ; Bidir Port    ; n/a                 ;                                             ;
;     -- SRAM_DQ[7]                  ; Top       ; Bidir Pad     ; IOPAD_X20_Y0_N7     ; Preserved from Post-Fit or Imported Netlist ;
;     -- SRAM_DQ[7]~output           ; Top       ; Output Buffer ; IOOBUF_X20_Y0_N9    ; Preserved from Post-Fit or Imported Netlist ;
;                                    ;           ;               ;                     ;                                             ;
; SRAM_DQ[8]                         ; Top       ; Bidir Port    ; n/a                 ;                                             ;
;     -- SRAM_DQ[8]                  ; Top       ; Bidir Pad     ; IOPAD_X0_Y21_N14    ; Preserved from Post-Fit or Imported Netlist ;
;     -- SRAM_DQ[8]~output           ; Top       ; Output Buffer ; IOOBUF_X0_Y21_N16   ; Preserved from Post-Fit or Imported Netlist ;
;                                    ;           ;               ;                     ;                                             ;
; SRAM_DQ[9]                         ; Top       ; Bidir Port    ; n/a                 ;                                             ;
;     -- SRAM_DQ[9]                  ; Top       ; Bidir Pad     ; IOPAD_X0_Y22_N21    ; Preserved from Post-Fit or Imported Netlist ;
;     -- SRAM_DQ[9]~output           ; Top       ; Output Buffer ; IOOBUF_X0_Y22_N23   ; Preserved from Post-Fit or Imported Netlist ;
;                                    ;           ;               ;                     ;                                             ;
; SRAM_LB_N                          ; Top       ; Output Port   ; n/a                 ;                                             ;
;     -- SRAM_LB_N                   ; Top       ; Output Pad    ; IOPAD_X1_Y0_N7      ; Preserved from Post-Fit or Imported Netlist ;
;     -- SRAM_LB_N~output            ; Top       ; Output Buffer ; IOOBUF_X1_Y0_N9     ; Preserved from Post-Fit or Imported Netlist ;
;                                    ;           ;               ;                     ;                                             ;
; SRAM_OE_N                          ; Top       ; Output Port   ; n/a                 ;                                             ;
;     -- SRAM_OE_N                   ; Top       ; Output Pad    ; IOPAD_X1_Y0_N21     ; Preserved from Post-Fit or Imported Netlist ;
;     -- SRAM_OE_N~output            ; Top       ; Output Buffer ; IOOBUF_X1_Y0_N23    ; Preserved from Post-Fit or Imported Netlist ;
;                                    ;           ;               ;                     ;                                             ;
; SRAM_UB_N                          ; Top       ; Output Port   ; n/a                 ;                                             ;
;     -- SRAM_UB_N                   ; Top       ; Output Pad    ; IOPAD_X0_Y4_N0      ; Preserved from Post-Fit or Imported Netlist ;
;     -- SRAM_UB_N~output            ; Top       ; Output Buffer ; IOOBUF_X0_Y4_N2     ; Preserved from Post-Fit or Imported Netlist ;
;                                    ;           ;               ;                     ;                                             ;
; SRAM_WE_N                          ; Top       ; Output Port   ; n/a                 ;                                             ;
;     -- SRAM_WE_N                   ; Top       ; Output Pad    ; IOPAD_X23_Y0_N21    ; Preserved from Post-Fit or Imported Netlist ;
;     -- SRAM_WE_N~output            ; Top       ; Output Buffer ; IOOBUF_X23_Y0_N23   ; Preserved from Post-Fit or Imported Netlist ;
;                                    ;           ;               ;                     ;                                             ;
; SW[0]                              ; Top       ; Input Port    ; n/a                 ;                                             ;
;     -- SW[0]                       ; Top       ; Input Pad     ; IOPAD_X115_Y17_N0   ; Preserved from Post-Fit or Imported Netlist ;
;     -- SW[0]~input                 ; Top       ; Input Buffer  ; IOIBUF_X115_Y17_N1  ; Preserved from Post-Fit or Imported Netlist ;
;                                    ;           ;               ;                     ;                                             ;
; SW[10]                             ; Top       ; Input Port    ; n/a                 ;                                             ;
;     -- SW[10]                      ; Top       ; Input Pad     ; IOPAD_X115_Y4_N14   ; Preserved from Post-Fit or Imported Netlist ;
;     -- SW[10]~input                ; Top       ; Input Buffer  ; IOIBUF_X115_Y4_N15  ; Preserved from Post-Fit or Imported Netlist ;
;                                    ;           ;               ;                     ;                                             ;
; SW[11]                             ; Top       ; Input Port    ; n/a                 ;                                             ;
;     -- SW[11]                      ; Top       ; Input Pad     ; IOPAD_X115_Y5_N14   ; Preserved from Post-Fit or Imported Netlist ;
;     -- SW[11]~input                ; Top       ; Input Buffer  ; IOIBUF_X115_Y5_N15  ; Preserved from Post-Fit or Imported Netlist ;
;                                    ;           ;               ;                     ;                                             ;
; SW[12]                             ; Top       ; Input Port    ; n/a                 ;                                             ;
;     -- SW[12]                      ; Top       ; Input Pad     ; IOPAD_X115_Y7_N14   ; Preserved from Post-Fit or Imported Netlist ;
;     -- SW[12]~input                ; Top       ; Input Buffer  ; IOIBUF_X115_Y7_N15  ; Preserved from Post-Fit or Imported Netlist ;
;                                    ;           ;               ;                     ;                                             ;
; SW[13]                             ; Top       ; Input Port    ; n/a                 ;                                             ;
;     -- SW[13]                      ; Top       ; Input Pad     ; IOPAD_X115_Y9_N21   ; Preserved from Post-Fit or Imported Netlist ;
;     -- SW[13]~input                ; Top       ; Input Buffer  ; IOIBUF_X115_Y9_N22  ; Preserved from Post-Fit or Imported Netlist ;
;                                    ;           ;               ;                     ;                                             ;
; SW[14]                             ; Top       ; Input Port    ; n/a                 ;                                             ;
;     -- SW[14]                      ; Top       ; Input Pad     ; IOPAD_X115_Y10_N7   ; Preserved from Post-Fit or Imported Netlist ;
;     -- SW[14]~input                ; Top       ; Input Buffer  ; IOIBUF_X115_Y10_N8  ; Preserved from Post-Fit or Imported Netlist ;
;                                    ;           ;               ;                     ;                                             ;
; SW[15]                             ; Top       ; Input Port    ; n/a                 ;                                             ;
;     -- SW[15]                      ; Top       ; Input Pad     ; IOPAD_X115_Y6_N14   ; Preserved from Post-Fit or Imported Netlist ;
;     -- SW[15]~input                ; Top       ; Input Buffer  ; IOIBUF_X115_Y6_N15  ; Preserved from Post-Fit or Imported Netlist ;
;                                    ;           ;               ;                     ;                                             ;
; SW[16]                             ; Top       ; Input Port    ; n/a                 ;                                             ;
;     -- SW[16]                      ; Top       ; Input Pad     ; IOPAD_X115_Y13_N0   ; Preserved from Post-Fit or Imported Netlist ;
;     -- SW[16]~input                ; Top       ; Input Buffer  ; IOIBUF_X115_Y13_N1  ; Preserved from Post-Fit or Imported Netlist ;
;                                    ;           ;               ;                     ;                                             ;
; SW[17]                             ; Top       ; Input Port    ; n/a                 ;                                             ;
;     -- SW[17]                      ; Top       ; Input Pad     ; IOPAD_X115_Y14_N7   ; Preserved from Post-Fit or Imported Netlist ;
;     -- SW[17]~input                ; Top       ; Input Buffer  ; IOIBUF_X115_Y14_N8  ; Preserved from Post-Fit or Imported Netlist ;
;                                    ;           ;               ;                     ;                                             ;
; SW[1]                              ; Top       ; Input Port    ; n/a                 ;                                             ;
;     -- SW[1]                       ; Top       ; Input Pad     ; IOPAD_X115_Y14_N0   ; Preserved from Post-Fit or Imported Netlist ;
;     -- SW[1]~input                 ; Top       ; Input Buffer  ; IOIBUF_X115_Y14_N1  ; Preserved from Post-Fit or Imported Netlist ;
;                                    ;           ;               ;                     ;                                             ;
; SW[2]                              ; Top       ; Input Port    ; n/a                 ;                                             ;
;     -- SW[2]                       ; Top       ; Input Pad     ; IOPAD_X115_Y15_N7   ; Preserved from Post-Fit or Imported Netlist ;
;     -- SW[2]~input                 ; Top       ; Input Buffer  ; IOIBUF_X115_Y15_N8  ; Preserved from Post-Fit or Imported Netlist ;
;                                    ;           ;               ;                     ;                                             ;
; SW[3]                              ; Top       ; Input Port    ; n/a                 ;                                             ;
;     -- SW[3]                       ; Top       ; Input Pad     ; IOPAD_X115_Y13_N7   ; Preserved from Post-Fit or Imported Netlist ;
;     -- SW[3]~input                 ; Top       ; Input Buffer  ; IOIBUF_X115_Y13_N8  ; Preserved from Post-Fit or Imported Netlist ;
;                                    ;           ;               ;                     ;                                             ;
; SW[4]                              ; Top       ; Input Port    ; n/a                 ;                                             ;
;     -- SW[4]                       ; Top       ; Input Pad     ; IOPAD_X115_Y18_N7   ; Preserved from Post-Fit or Imported Netlist ;
;     -- SW[4]~input                 ; Top       ; Input Buffer  ; IOIBUF_X115_Y18_N8  ; Preserved from Post-Fit or Imported Netlist ;
;                                    ;           ;               ;                     ;                                             ;
; SW[5]                              ; Top       ; Input Port    ; n/a                 ;                                             ;
;     -- SW[5]                       ; Top       ; Input Pad     ; IOPAD_X115_Y11_N7   ; Preserved from Post-Fit or Imported Netlist ;
;     -- SW[5]~input                 ; Top       ; Input Buffer  ; IOIBUF_X115_Y11_N8  ; Preserved from Post-Fit or Imported Netlist ;
;                                    ;           ;               ;                     ;                                             ;
; SW[6]                              ; Top       ; Input Port    ; n/a                 ;                                             ;
;     -- SW[6]                       ; Top       ; Input Pad     ; IOPAD_X115_Y10_N0   ; Preserved from Post-Fit or Imported Netlist ;
;     -- SW[6]~input                 ; Top       ; Input Buffer  ; IOIBUF_X115_Y10_N1  ; Preserved from Post-Fit or Imported Netlist ;
;                                    ;           ;               ;                     ;                                             ;
; SW[7]                              ; Top       ; Input Port    ; n/a                 ;                                             ;
;     -- SW[7]                       ; Top       ; Input Pad     ; IOPAD_X115_Y15_N0   ; Preserved from Post-Fit or Imported Netlist ;
;     -- SW[7]~input                 ; Top       ; Input Buffer  ; IOIBUF_X115_Y15_N1  ; Preserved from Post-Fit or Imported Netlist ;
;                                    ;           ;               ;                     ;                                             ;
; SW[8]                              ; Top       ; Input Port    ; n/a                 ;                                             ;
;     -- SW[8]                       ; Top       ; Input Pad     ; IOPAD_X115_Y4_N21   ; Preserved from Post-Fit or Imported Netlist ;
;     -- SW[8]~input                 ; Top       ; Input Buffer  ; IOIBUF_X115_Y4_N22  ; Preserved from Post-Fit or Imported Netlist ;
;                                    ;           ;               ;                     ;                                             ;
; SW[9]                              ; Top       ; Input Port    ; n/a                 ;                                             ;
;     -- SW[9]                       ; Top       ; Input Pad     ; IOPAD_X115_Y16_N7   ; Preserved from Post-Fit or Imported Netlist ;
;     -- SW[9]~input                 ; Top       ; Input Buffer  ; IOIBUF_X115_Y16_N8  ; Preserved from Post-Fit or Imported Netlist ;
;                                    ;           ;               ;                     ;                                             ;
; TD_CLK27                           ; Top       ; Input Port    ; n/a                 ;                                             ;
;     -- TD_CLK27                    ; Top       ; Input Pad     ; IOPAD_X56_Y73_N21   ; Preserved from Post-Fit or Imported Netlist ;
;     -- TD_CLK27~input              ; Top       ; Input Buffer  ; IOIBUF_X56_Y73_N22  ; Preserved from Post-Fit or Imported Netlist ;
;                                    ;           ;               ;                     ;                                             ;
; TD_DATA[0]                         ; Top       ; Input Port    ; n/a                 ;                                             ;
;     -- TD_DATA[0]                  ; Top       ; Input Pad     ; IOPAD_X11_Y73_N0    ; Preserved from Post-Fit or Imported Netlist ;
;     -- TD_DATA[0]~input            ; Top       ; Input Buffer  ; IOIBUF_X11_Y73_N1   ; Preserved from Post-Fit or Imported Netlist ;
;                                    ;           ;               ;                     ;                                             ;
; TD_DATA[1]                         ; Top       ; Input Port    ; n/a                 ;                                             ;
;     -- TD_DATA[1]                  ; Top       ; Input Pad     ; IOPAD_X29_Y73_N0    ; Preserved from Post-Fit or Imported Netlist ;
;     -- TD_DATA[1]~input            ; Top       ; Input Buffer  ; IOIBUF_X29_Y73_N1   ; Preserved from Post-Fit or Imported Netlist ;
;                                    ;           ;               ;                     ;                                             ;
; TD_DATA[2]                         ; Top       ; Input Port    ; n/a                 ;                                             ;
;     -- TD_DATA[2]                  ; Top       ; Input Pad     ; IOPAD_X16_Y73_N14   ; Preserved from Post-Fit or Imported Netlist ;
;     -- TD_DATA[2]~input            ; Top       ; Input Buffer  ; IOIBUF_X16_Y73_N15  ; Preserved from Post-Fit or Imported Netlist ;
;                                    ;           ;               ;                     ;                                             ;
; TD_DATA[3]                         ; Top       ; Input Port    ; n/a                 ;                                             ;
;     -- TD_DATA[3]                  ; Top       ; Input Pad     ; IOPAD_X16_Y73_N21   ; Preserved from Post-Fit or Imported Netlist ;
;     -- TD_DATA[3]~input            ; Top       ; Input Buffer  ; IOIBUF_X16_Y73_N22  ; Preserved from Post-Fit or Imported Netlist ;
;                                    ;           ;               ;                     ;                                             ;
; TD_DATA[4]                         ; Top       ; Input Port    ; n/a                 ;                                             ;
;     -- TD_DATA[4]                  ; Top       ; Input Pad     ; IOPAD_X13_Y73_N0    ; Preserved from Post-Fit or Imported Netlist ;
;     -- TD_DATA[4]~input            ; Top       ; Input Buffer  ; IOIBUF_X13_Y73_N1   ; Preserved from Post-Fit or Imported Netlist ;
;                                    ;           ;               ;                     ;                                             ;
; TD_DATA[5]                         ; Top       ; Input Port    ; n/a                 ;                                             ;
;     -- TD_DATA[5]                  ; Top       ; Input Pad     ; IOPAD_X13_Y73_N14   ; Preserved from Post-Fit or Imported Netlist ;
;     -- TD_DATA[5]~input            ; Top       ; Input Buffer  ; IOIBUF_X13_Y73_N15  ; Preserved from Post-Fit or Imported Netlist ;
;                                    ;           ;               ;                     ;                                             ;
; TD_DATA[6]                         ; Top       ; Input Port    ; n/a                 ;                                             ;
;     -- TD_DATA[6]                  ; Top       ; Input Pad     ; IOPAD_X13_Y73_N7    ; Preserved from Post-Fit or Imported Netlist ;
;     -- TD_DATA[6]~input            ; Top       ; Input Buffer  ; IOIBUF_X13_Y73_N8   ; Preserved from Post-Fit or Imported Netlist ;
;                                    ;           ;               ;                     ;                                             ;
; TD_DATA[7]                         ; Top       ; Input Port    ; n/a                 ;                                             ;
;     -- TD_DATA[7]                  ; Top       ; Input Pad     ; IOPAD_X9_Y73_N7     ; Preserved from Post-Fit or Imported Netlist ;
;     -- TD_DATA[7]~input            ; Top       ; Input Buffer  ; IOIBUF_X9_Y73_N8    ; Preserved from Post-Fit or Imported Netlist ;
;                                    ;           ;               ;                     ;                                             ;
; TD_HS                              ; Top       ; Input Port    ; n/a                 ;                                             ;
;     -- TD_HS                       ; Top       ; Input Pad     ; IOPAD_X1_Y73_N14    ; Preserved from Post-Fit or Imported Netlist ;
;     -- TD_HS~input                 ; Top       ; Input Buffer  ; IOIBUF_X1_Y73_N15   ; Preserved from Post-Fit or Imported Netlist ;
;                                    ;           ;               ;                     ;                                             ;
; TD_RESET_N                         ; Top       ; Output Port   ; n/a                 ;                                             ;
;     -- TD_RESET_N                  ; Top       ; Output Pad    ; IOPAD_X9_Y73_N0     ; Preserved from Post-Fit or Imported Netlist ;
;     -- TD_RESET_N~output           ; Top       ; Output Buffer ; IOOBUF_X9_Y73_N2    ; Preserved from Post-Fit or Imported Netlist ;
;                                    ;           ;               ;                     ;                                             ;
; TD_VS                              ; Top       ; Input Port    ; n/a                 ;                                             ;
;     -- TD_VS                       ; Top       ; Input Pad     ; IOPAD_X1_Y73_N7     ; Preserved from Post-Fit or Imported Netlist ;
;     -- TD_VS~input                 ; Top       ; Input Buffer  ; IOIBUF_X1_Y73_N8    ; Preserved from Post-Fit or Imported Netlist ;
;                                    ;           ;               ;                     ;                                             ;
; UART_CTS                           ; Top       ; Output Port   ; n/a                 ;                                             ;
;     -- UART_CTS                    ; Top       ; Output Pad    ; IOPAD_X47_Y73_N14   ; Preserved from Post-Fit or Imported Netlist ;
;     -- UART_CTS~output             ; Top       ; Output Buffer ; IOOBUF_X47_Y73_N16  ; Preserved from Post-Fit or Imported Netlist ;
;                                    ;           ;               ;                     ;                                             ;
; UART_RTS                           ; Top       ; Input Port    ; n/a                 ;                                             ;
;     -- UART_RTS                    ; Top       ; Input Pad     ; IOPAD_X40_Y73_N0    ; Preserved from Post-Fit or Imported Netlist ;
;     -- UART_RTS~input              ; Top       ; Input Buffer  ; IOIBUF_X40_Y73_N1   ; Preserved from Post-Fit or Imported Netlist ;
;                                    ;           ;               ;                     ;                                             ;
; UART_RXD                           ; Top       ; Input Port    ; n/a                 ;                                             ;
;     -- UART_RXD                    ; Top       ; Input Pad     ; IOPAD_X27_Y73_N7    ; Preserved from Post-Fit or Imported Netlist ;
;     -- UART_RXD~input              ; Top       ; Input Buffer  ; IOIBUF_X27_Y73_N8   ; Preserved from Post-Fit or Imported Netlist ;
;                                    ;           ;               ;                     ;                                             ;
; UART_TXD                           ; Top       ; Output Port   ; n/a                 ;                                             ;
;     -- UART_TXD                    ; Top       ; Output Pad    ; IOPAD_X13_Y73_N21   ; Preserved from Post-Fit or Imported Netlist ;
;     -- UART_TXD~output             ; Top       ; Output Buffer ; IOOBUF_X13_Y73_N23  ; Preserved from Post-Fit or Imported Netlist ;
;                                    ;           ;               ;                     ;                                             ;
; VGA_BLANK_N                        ; Top       ; Output Port   ; n/a                 ;                                             ;
;     -- VGA_BLANK_N                 ; Top       ; Output Pad    ; IOPAD_X31_Y73_N7    ; Preserved from Post-Fit or Imported Netlist ;
;     -- VGA_BLANK_N~output          ; Top       ; Output Buffer ; IOOBUF_X31_Y73_N9   ; Preserved from Post-Fit or Imported Netlist ;
;                                    ;           ;               ;                     ;                                             ;
; VGA_B[0]                           ; Top       ; Output Port   ; n/a                 ;                                             ;
;     -- VGA_B[0]                    ; Top       ; Output Pad    ; IOPAD_X38_Y73_N7    ; Preserved from Post-Fit or Imported Netlist ;
;     -- VGA_B[0]~output             ; Top       ; Output Buffer ; IOOBUF_X38_Y73_N9   ; Preserved from Post-Fit or Imported Netlist ;
;                                    ;           ;               ;                     ;                                             ;
; VGA_B[1]                           ; Top       ; Output Port   ; n/a                 ;                                             ;
;     -- VGA_B[1]                    ; Top       ; Output Pad    ; IOPAD_X38_Y73_N0    ; Preserved from Post-Fit or Imported Netlist ;
;     -- VGA_B[1]~output             ; Top       ; Output Buffer ; IOOBUF_X38_Y73_N2   ; Preserved from Post-Fit or Imported Netlist ;
;                                    ;           ;               ;                     ;                                             ;
; VGA_B[2]                           ; Top       ; Output Port   ; n/a                 ;                                             ;
;     -- VGA_B[2]                    ; Top       ; Output Pad    ; IOPAD_X23_Y73_N0    ; Preserved from Post-Fit or Imported Netlist ;
;     -- VGA_B[2]~output             ; Top       ; Output Buffer ; IOOBUF_X23_Y73_N2   ; Preserved from Post-Fit or Imported Netlist ;
;                                    ;           ;               ;                     ;                                             ;
; VGA_B[3]                           ; Top       ; Output Port   ; n/a                 ;                                             ;
;     -- VGA_B[3]                    ; Top       ; Output Pad    ; IOPAD_X42_Y73_N7    ; Preserved from Post-Fit or Imported Netlist ;
;     -- VGA_B[3]~output             ; Top       ; Output Buffer ; IOOBUF_X42_Y73_N9   ; Preserved from Post-Fit or Imported Netlist ;
;                                    ;           ;               ;                     ;                                             ;
; VGA_B[4]                           ; Top       ; Output Port   ; n/a                 ;                                             ;
;     -- VGA_B[4]                    ; Top       ; Output Pad    ; IOPAD_X42_Y73_N0    ; Preserved from Post-Fit or Imported Netlist ;
;     -- VGA_B[4]~output             ; Top       ; Output Buffer ; IOOBUF_X42_Y73_N2   ; Preserved from Post-Fit or Imported Netlist ;
;                                    ;           ;               ;                     ;                                             ;
; VGA_B[5]                           ; Top       ; Output Port   ; n/a                 ;                                             ;
;     -- VGA_B[5]                    ; Top       ; Output Pad    ; IOPAD_X52_Y73_N14   ; Preserved from Post-Fit or Imported Netlist ;
;     -- VGA_B[5]~output             ; Top       ; Output Buffer ; IOOBUF_X52_Y73_N16  ; Preserved from Post-Fit or Imported Netlist ;
;                                    ;           ;               ;                     ;                                             ;
; VGA_B[6]                           ; Top       ; Output Port   ; n/a                 ;                                             ;
;     -- VGA_B[6]                    ; Top       ; Output Pad    ; IOPAD_X23_Y73_N7    ; Preserved from Post-Fit or Imported Netlist ;
;     -- VGA_B[6]~output             ; Top       ; Output Buffer ; IOOBUF_X23_Y73_N9   ; Preserved from Post-Fit or Imported Netlist ;
;                                    ;           ;               ;                     ;                                             ;
; VGA_B[7]                           ; Top       ; Output Port   ; n/a                 ;                                             ;
;     -- VGA_B[7]                    ; Top       ; Output Pad    ; IOPAD_X52_Y73_N21   ; Preserved from Post-Fit or Imported Netlist ;
;     -- VGA_B[7]~output             ; Top       ; Output Buffer ; IOOBUF_X52_Y73_N23  ; Preserved from Post-Fit or Imported Netlist ;
;                                    ;           ;               ;                     ;                                             ;
; VGA_CLK                            ; Top       ; Output Port   ; n/a                 ;                                             ;
;     -- VGA_CLK                     ; Top       ; Output Pad    ; IOPAD_X47_Y73_N0    ; Preserved from Post-Fit or Imported Netlist ;
;     -- VGA_CLK~output              ; Top       ; Output Buffer ; IOOBUF_X47_Y73_N2   ; Preserved from Post-Fit or Imported Netlist ;
;                                    ;           ;               ;                     ;                                             ;
; VGA_G[0]                           ; Top       ; Output Port   ; n/a                 ;                                             ;
;     -- VGA_G[0]                    ; Top       ; Output Pad    ; IOPAD_X11_Y73_N14   ; Preserved from Post-Fit or Imported Netlist ;
;     -- VGA_G[0]~output             ; Top       ; Output Buffer ; IOOBUF_X11_Y73_N16  ; Preserved from Post-Fit or Imported Netlist ;
;                                    ;           ;               ;                     ;                                             ;
; VGA_G[1]                           ; Top       ; Output Port   ; n/a                 ;                                             ;
;     -- VGA_G[1]                    ; Top       ; Output Pad    ; IOPAD_X25_Y73_N14   ; Preserved from Post-Fit or Imported Netlist ;
;     -- VGA_G[1]~output             ; Top       ; Output Buffer ; IOOBUF_X25_Y73_N16  ; Preserved from Post-Fit or Imported Netlist ;
;                                    ;           ;               ;                     ;                                             ;
; VGA_G[2]                           ; Top       ; Output Port   ; n/a                 ;                                             ;
;     -- VGA_G[2]                    ; Top       ; Output Pad    ; IOPAD_X11_Y73_N7    ; Preserved from Post-Fit or Imported Netlist ;
;     -- VGA_G[2]~output             ; Top       ; Output Buffer ; IOOBUF_X11_Y73_N9   ; Preserved from Post-Fit or Imported Netlist ;
;                                    ;           ;               ;                     ;                                             ;
; VGA_G[3]                           ; Top       ; Output Port   ; n/a                 ;                                             ;
;     -- VGA_G[3]                    ; Top       ; Output Pad    ; IOPAD_X25_Y73_N21   ; Preserved from Post-Fit or Imported Netlist ;
;     -- VGA_G[3]~output             ; Top       ; Output Buffer ; IOOBUF_X25_Y73_N23  ; Preserved from Post-Fit or Imported Netlist ;
;                                    ;           ;               ;                     ;                                             ;
; VGA_G[4]                           ; Top       ; Output Port   ; n/a                 ;                                             ;
;     -- VGA_G[4]                    ; Top       ; Output Pad    ; IOPAD_X16_Y73_N7    ; Preserved from Post-Fit or Imported Netlist ;
;     -- VGA_G[4]~output             ; Top       ; Output Buffer ; IOOBUF_X16_Y73_N9   ; Preserved from Post-Fit or Imported Netlist ;
;                                    ;           ;               ;                     ;                                             ;
; VGA_G[5]                           ; Top       ; Output Port   ; n/a                 ;                                             ;
;     -- VGA_G[5]                    ; Top       ; Output Pad    ; IOPAD_X16_Y73_N0    ; Preserved from Post-Fit or Imported Netlist ;
;     -- VGA_G[5]~output             ; Top       ; Output Buffer ; IOOBUF_X16_Y73_N2   ; Preserved from Post-Fit or Imported Netlist ;
;                                    ;           ;               ;                     ;                                             ;
; VGA_G[6]                           ; Top       ; Output Port   ; n/a                 ;                                             ;
;     -- VGA_G[6]                    ; Top       ; Output Pad    ; IOPAD_X20_Y73_N0    ; Preserved from Post-Fit or Imported Netlist ;
;     -- VGA_G[6]~output             ; Top       ; Output Buffer ; IOOBUF_X20_Y73_N2   ; Preserved from Post-Fit or Imported Netlist ;
;                                    ;           ;               ;                     ;                                             ;
; VGA_G[7]                           ; Top       ; Output Port   ; n/a                 ;                                             ;
;     -- VGA_G[7]                    ; Top       ; Output Pad    ; IOPAD_X23_Y73_N14   ; Preserved from Post-Fit or Imported Netlist ;
;     -- VGA_G[7]~output             ; Top       ; Output Buffer ; IOOBUF_X23_Y73_N16  ; Preserved from Post-Fit or Imported Netlist ;
;                                    ;           ;               ;                     ;                                             ;
; VGA_HS                             ; Top       ; Output Port   ; n/a                 ;                                             ;
;     -- VGA_HS                      ; Top       ; Output Pad    ; IOPAD_X38_Y73_N14   ; Preserved from Post-Fit or Imported Netlist ;
;     -- VGA_HS~output               ; Top       ; Output Buffer ; IOOBUF_X38_Y73_N16  ; Preserved from Post-Fit or Imported Netlist ;
;                                    ;           ;               ;                     ;                                             ;
; VGA_R[0]                           ; Top       ; Output Port   ; n/a                 ;                                             ;
;     -- VGA_R[0]                    ; Top       ; Output Pad    ; IOPAD_X33_Y73_N0    ; Preserved from Post-Fit or Imported Netlist ;
;     -- VGA_R[0]~output             ; Top       ; Output Buffer ; IOOBUF_X33_Y73_N2   ; Preserved from Post-Fit or Imported Netlist ;
;                                    ;           ;               ;                     ;                                             ;
; VGA_R[1]                           ; Top       ; Output Port   ; n/a                 ;                                             ;
;     -- VGA_R[1]                    ; Top       ; Output Pad    ; IOPAD_X31_Y73_N0    ; Preserved from Post-Fit or Imported Netlist ;
;     -- VGA_R[1]~output             ; Top       ; Output Buffer ; IOOBUF_X31_Y73_N2   ; Preserved from Post-Fit or Imported Netlist ;
;                                    ;           ;               ;                     ;                                             ;
; VGA_R[2]                           ; Top       ; Output Port   ; n/a                 ;                                             ;
;     -- VGA_R[2]                    ; Top       ; Output Pad    ; IOPAD_X35_Y73_N21   ; Preserved from Post-Fit or Imported Netlist ;
;     -- VGA_R[2]~output             ; Top       ; Output Buffer ; IOOBUF_X35_Y73_N23  ; Preserved from Post-Fit or Imported Netlist ;
;                                    ;           ;               ;                     ;                                             ;
; VGA_R[3]                           ; Top       ; Output Port   ; n/a                 ;                                             ;
;     -- VGA_R[3]                    ; Top       ; Output Pad    ; IOPAD_X33_Y73_N7    ; Preserved from Post-Fit or Imported Netlist ;
;     -- VGA_R[3]~output             ; Top       ; Output Buffer ; IOOBUF_X33_Y73_N9   ; Preserved from Post-Fit or Imported Netlist ;
;                                    ;           ;               ;                     ;                                             ;
; VGA_R[4]                           ; Top       ; Output Port   ; n/a                 ;                                             ;
;     -- VGA_R[4]                    ; Top       ; Output Pad    ; IOPAD_X20_Y73_N7    ; Preserved from Post-Fit or Imported Netlist ;
;     -- VGA_R[4]~output             ; Top       ; Output Buffer ; IOOBUF_X20_Y73_N9   ; Preserved from Post-Fit or Imported Netlist ;
;                                    ;           ;               ;                     ;                                             ;
; VGA_R[5]                           ; Top       ; Output Port   ; n/a                 ;                                             ;
;     -- VGA_R[5]                    ; Top       ; Output Pad    ; IOPAD_X40_Y73_N7    ; Preserved from Post-Fit or Imported Netlist ;
;     -- VGA_R[5]~output             ; Top       ; Output Buffer ; IOOBUF_X40_Y73_N9   ; Preserved from Post-Fit or Imported Netlist ;
;                                    ;           ;               ;                     ;                                             ;
; VGA_R[6]                           ; Top       ; Output Port   ; n/a                 ;                                             ;
;     -- VGA_R[6]                    ; Top       ; Output Pad    ; IOPAD_X11_Y73_N21   ; Preserved from Post-Fit or Imported Netlist ;
;     -- VGA_R[6]~output             ; Top       ; Output Buffer ; IOOBUF_X11_Y73_N23  ; Preserved from Post-Fit or Imported Netlist ;
;                                    ;           ;               ;                     ;                                             ;
; VGA_R[7]                           ; Top       ; Output Port   ; n/a                 ;                                             ;
;     -- VGA_R[7]                    ; Top       ; Output Pad    ; IOPAD_X20_Y73_N14   ; Preserved from Post-Fit or Imported Netlist ;
;     -- VGA_R[7]~output             ; Top       ; Output Buffer ; IOOBUF_X20_Y73_N16  ; Preserved from Post-Fit or Imported Netlist ;
;                                    ;           ;               ;                     ;                                             ;
; VGA_SYNC_N                         ; Top       ; Output Port   ; n/a                 ;                                             ;
;     -- VGA_SYNC_N                  ; Top       ; Output Pad    ; IOPAD_X35_Y73_N14   ; Preserved from Post-Fit or Imported Netlist ;
;     -- VGA_SYNC_N~output           ; Top       ; Output Buffer ; IOOBUF_X35_Y73_N16  ; Preserved from Post-Fit or Imported Netlist ;
;                                    ;           ;               ;                     ;                                             ;
; VGA_VS                             ; Top       ; Output Port   ; n/a                 ;                                             ;
;     -- VGA_VS                      ; Top       ; Output Pad    ; IOPAD_X54_Y73_N0    ; Preserved from Post-Fit or Imported Netlist ;
;     -- VGA_VS~output               ; Top       ; Output Buffer ; IOOBUF_X54_Y73_N2   ; Preserved from Post-Fit or Imported Netlist ;
;                                    ;           ;               ;                     ;                                             ;
; altera_reserved_tck                ; Top       ; Input Port    ; n/a                 ;                                             ;
;     -- altera_reserved_tck         ; Top       ; Input Pad     ; Unplaced            ; Synthesized                                 ;
;     -- altera_reserved_tck~input   ; Top       ; Input Buffer  ; Unplaced            ; Synthesized                                 ;
;                                    ;           ;               ;                     ;                                             ;
; altera_reserved_tdi                ; Top       ; Input Port    ; n/a                 ;                                             ;
;     -- altera_reserved_tdi         ; Top       ; Input Pad     ; Unplaced            ; Synthesized                                 ;
;     -- altera_reserved_tdi~input   ; Top       ; Input Buffer  ; Unplaced            ; Synthesized                                 ;
;                                    ;           ;               ;                     ;                                             ;
; altera_reserved_tdo                ; Top       ; Output Port   ; n/a                 ;                                             ;
;     -- altera_reserved_tdo         ; Top       ; Output Pad    ; Unplaced            ; Synthesized                                 ;
;     -- altera_reserved_tdo~output  ; Top       ; Output Buffer ; Unplaced            ; Synthesized                                 ;
;                                    ;           ;               ;                     ;                                             ;
; altera_reserved_tms                ; Top       ; Input Port    ; n/a                 ;                                             ;
;     -- altera_reserved_tms         ; Top       ; Input Pad     ; Unplaced            ; Synthesized                                 ;
;     -- altera_reserved_tms~input   ; Top       ; Input Buffer  ; Unplaced            ; Synthesized                                 ;
;                                    ;           ;               ;                     ;                                             ;
; pre_syn.bp.top0_dsp_i_raw_data_0_  ; Top       ; Output Port   ; n/a                 ;                                             ;
;                                    ;           ;               ;                     ;                                             ;
; pre_syn.bp.top0_dsp_i_raw_data_10_ ; Top       ; Output Port   ; n/a                 ;                                             ;
;                                    ;           ;               ;                     ;                                             ;
; pre_syn.bp.top0_dsp_i_raw_data_11_ ; Top       ; Output Port   ; n/a                 ;                                             ;
;                                    ;           ;               ;                     ;                                             ;
; pre_syn.bp.top0_dsp_i_raw_data_12_ ; Top       ; Output Port   ; n/a                 ;                                             ;
;                                    ;           ;               ;                     ;                                             ;
; pre_syn.bp.top0_dsp_i_raw_data_13_ ; Top       ; Output Port   ; n/a                 ;                                             ;
;                                    ;           ;               ;                     ;                                             ;
; pre_syn.bp.top0_dsp_i_raw_data_14_ ; Top       ; Output Port   ; n/a                 ;                                             ;
;                                    ;           ;               ;                     ;                                             ;
; pre_syn.bp.top0_dsp_i_raw_data_15_ ; Top       ; Output Port   ; n/a                 ;                                             ;
;                                    ;           ;               ;                     ;                                             ;
; pre_syn.bp.top0_dsp_i_raw_data_1_  ; Top       ; Output Port   ; n/a                 ;                                             ;
;                                    ;           ;               ;                     ;                                             ;
; pre_syn.bp.top0_dsp_i_raw_data_2_  ; Top       ; Output Port   ; n/a                 ;                                             ;
;                                    ;           ;               ;                     ;                                             ;
; pre_syn.bp.top0_dsp_i_raw_data_3_  ; Top       ; Output Port   ; n/a                 ;                                             ;
;                                    ;           ;               ;                     ;                                             ;
; pre_syn.bp.top0_dsp_i_raw_data_4_  ; Top       ; Output Port   ; n/a                 ;                                             ;
;                                    ;           ;               ;                     ;                                             ;
; pre_syn.bp.top0_dsp_i_raw_data_5_  ; Top       ; Output Port   ; n/a                 ;                                             ;
;                                    ;           ;               ;                     ;                                             ;
; pre_syn.bp.top0_dsp_i_raw_data_6_  ; Top       ; Output Port   ; n/a                 ;                                             ;
;                                    ;           ;               ;                     ;                                             ;
; pre_syn.bp.top0_dsp_i_raw_data_7_  ; Top       ; Output Port   ; n/a                 ;                                             ;
;                                    ;           ;               ;                     ;                                             ;
; pre_syn.bp.top0_dsp_i_raw_data_8_  ; Top       ; Output Port   ; n/a                 ;                                             ;
;                                    ;           ;               ;                     ;                                             ;
; pre_syn.bp.top0_dsp_i_raw_data_9_  ; Top       ; Output Port   ; n/a                 ;                                             ;
;                                    ;           ;               ;                     ;                                             ;
+------------------------------------+-----------+---------------+---------------------+---------------------------------------------+


+-----------------------------------------------------------------------+
; Partition Merge Resource Usage Summary                                ;
+---------------------------------------------+-------------------------+
; Resource                                    ; Usage                   ;
+---------------------------------------------+-------------------------+
; Estimated Total logic elements              ; 3,597 / 114,480 ( 3 % ) ;
;                                             ;                         ;
; Total combinational functions               ; 2382                    ;
; Logic element usage by number of LUT inputs ;                         ;
;     -- 4 input functions                    ; 1223                    ;
;     -- 3 input functions                    ; 621                     ;
;     -- <=2 input functions                  ; 538                     ;
;                                             ;                         ;
; Logic elements by mode                      ;                         ;
;     -- normal mode                          ; 1882                    ;
;     -- arithmetic mode                      ; 500                     ;
;                                             ;                         ;
; Total registers                             ; 1823                    ;
;     -- Dedicated logic registers            ; 1823                    ;
;     -- I/O registers                        ; 0                       ;
;                                             ;                         ;
; I/O pins                                    ; 518                     ;
; Total memory bits                           ; 303616                  ;
;                                             ;                         ;
; Embedded Multiplier 9-bit elements          ; 4                       ;
;                                             ;                         ;
; Total PLLs                                  ; 1                       ;
;     -- PLLs                                 ; 1                       ;
;                                             ;                         ;
; Maximum fan-out node                        ; CLOCK_50~inputclkctrl   ;
; Maximum fan-out                             ; 839                     ;
; Total fan-out                               ; 15560                   ;
; Average fan-out                             ; 2.82                    ;
+---------------------------------------------+-------------------------+


+-------------------------------------------------------------------------------------------------------------------------------------------------------------------------------------------------------------------------------------------------------------------------------------------------------------+
; Partition Merge RAM Summary                                                                                                                                                                                                                                                                                 ;
+-------------------------------------------------------------------------------------------------------------------------------------------------------------------------------------------------------+------+------------------+--------------+--------------+--------------+--------------+--------+------+
; Name                                                                                                                                                                                                  ; Type ; Mode             ; Port A Depth ; Port A Width ; Port B Depth ; Port B Width ; Size   ; MIF  ;
+-------------------------------------------------------------------------------------------------------------------------------------------------------------------------------------------------------+------+------------------+--------------+--------------+--------------+--------------+--------+------+
; Top:top0|Buffer:buffer|altsyncram:buf_data_l_rtl_0|altsyncram_rbi1:auto_generated|ALTSYNCRAM                                                                                                          ; AUTO ; Simple Dual Port ; 16           ; 16           ; 16           ; 16           ; 256    ; None ;
; Top:top0|Buffer:buffer|altsyncram:buf_data_r_rtl_0|altsyncram_rbi1:auto_generated|ALTSYNCRAM                                                                                                          ; AUTO ; Simple Dual Port ; 16           ; 16           ; 16           ; 16           ; 256    ; None ;
; sld_signaltap:auto_signaltap_0|sld_signaltap_impl:sld_signaltap_body|sld_signaltap_implb:sld_signaltap_body|altsyncram:\stp_non_zero_ram_gen:stp_buffer_ram|altsyncram_e124:auto_generated|ALTSYNCRAM ; AUTO ; Simple Dual Port ; 8192         ; 37           ; 8192         ; 37           ; 303104 ; None ;
+-------------------------------------------------------------------------------------------------------------------------------------------------------------------------------------------------------+------+------------------+--------------+--------------+--------------+--------------+--------+------+


+-----------------------------------------------------------------------------------------------+
; Partition Merge DSP Block Usage Summary                                                       ;
+---------------------------------------+-------------+---------------------+-------------------+
; Statistic                             ; Number Used ; Available per Block ; Maximum Available ;
+---------------------------------------+-------------+---------------------+-------------------+
; Simple Multipliers (9-bit)            ; 0           ; 2                   ; 532               ;
; Simple Multipliers (18-bit)           ; 2           ; 1                   ; 266               ;
; Embedded Multiplier Blocks            ; 2           ; --                  ; 266               ;
; Embedded Multiplier 9-bit elements    ; 4           ; 2                   ; 532               ;
; Signed Embedded Multipliers           ; 1           ; --                  ; --                ;
; Unsigned Embedded Multipliers         ; 1           ; --                  ; --                ;
; Mixed Sign Embedded Multipliers       ; 0           ; --                  ; --                ;
; Variable Sign Embedded Multipliers    ; 0           ; --                  ; --                ;
; Dedicated Input Shift Register Chains ; 0           ; --                  ; --                ;
+---------------------------------------+-------------+---------------------+-------------------+


+--------------------------+
; Partition Merge Messages ;
+--------------------------+
Info: *******************************************************************
Info: Running Quartus II 64-Bit Partition Merge
    Info: Version 15.0.0 Build 145 04/22/2015 SJ Full Version
    Info: Processing started: Wed Jun 03 20:08:24 2026
Info: Command: quartus_cdb --read_settings_files=off --write_settings_files=off DE2_115 -c DE2_115 --merge=on
Info (35006): Using previously generated Fitter netlist for partition "Top"
Info (35007): Using synthesis netlist for partition "sld_hub:auto_hub"
Info (35007): Using synthesis netlist for partition "sld_signaltap:auto_signaltap_0"
Critical Warning (35025): Partially connected in-system debug instance "auto_signaltap_0" to 75 of its 107 required data inputs, trigger inputs, acquisition clocks, and dynamic pins.  There were 0 illegal, 0 inaccessible, and 32 missing sources or connections.
Info (35002): Resolved and merged 3 partition(s)
Info (16010): Generating hard_block partition "hard_block:auto_generated_inst"
    Info (16011): Adding 1 node(s), including 0 DDIO, 1 PLL, 0 transceiver and 0 LCELL
Warning (21074): Design contains 81 input pin(s) that do not drive logic
    Warning (15610): No output dependent on input pin "CLOCK2_50"
    Warning (15610): No output dependent on input pin "CLOCK3_50"
    Warning (15610): No output dependent on input pin "ENETCLK_25"
    Warning (15610): No output dependent on input pin "SMA_CLKIN"
    Warning (15610): No output dependent on input pin "KEY[1]"
    Warning (15610): No output dependent on input pin "KEY[2]"
    Warning (15610): No output dependent on input pin "SW[6]"
    Warning (15610): No output dependent on input pin "SW[7]"
    Warning (15610): No output dependent on input pin "SW[8]"
    Warning (15610): No output dependent on input pin "SW[9]"
    Warning (15610): No output dependent on input pin "SW[10]"
    Warning (15610): No output dependent on input pin "SW[11]"
    Warning (15610): No output dependent on input pin "SW[12]"
    Warning (15610): No output dependent on input pin "SW[13]"
    Warning (15610): No output dependent on input pin "SW[14]"
    Warning (15610): No output dependent on input pin "SW[15]"
    Warning (15610): No output dependent on input pin "SW[16]"
    Warning (15610): No output dependent on input pin "SW[17]"
    Warning (15610): No output dependent on input pin "UART_RTS"
    Warning (15610): No output dependent on input pin "UART_RXD"
    Warning (15610): No output dependent on input pin "SD_WP_N"
    Warning (15610): No output dependent on input pin "ENET0_INT_N"
    Warning (15610): No output dependent on input pin "ENET0_MDIO"
    Warning (15610): No output dependent on input pin "ENET0_RX_CLK"
    Warning (15610): No output dependent on input pin "ENET0_RX_COL"
    Warning (15610): No output dependent on input pin "ENET0_RX_CRS"
    Warning (15610): No output dependent on input pin "ENET0_RX_DATA[0]"
    Warning (15610): No output dependent on input pin "ENET0_RX_DATA[1]"
    Warning (15610): No output dependent on input pin "ENET0_RX_DATA[2]"
    Warning (15610): No output dependent on input pin "ENET0_RX_DATA[3]"
    Warning (15610): No output dependent on input pin "ENET0_RX_DV"
    Warning (15610): No output dependent on input pin "ENET0_RX_ER"
    Warning (15610): No output dependent on input pin "ENET0_TX_CLK"
    Warning (15610): No output dependent on input pin "ENET0_LINK100"
    Warning (15610): No output dependent on input pin "ENET1_INT_N"
    Warning (15610): No output dependent on input pin "ENET1_MDIO"
    Warning (15610): No output dependent on input pin "ENET1_RX_CLK"
    Warning (15610): No output dependent on input pin "ENET1_RX_COL"
    Warning (15610): No output dependent on input pin "ENET1_RX_CRS"
    Warning (15610): No output dependent on input pin "ENET1_RX_DATA[0]"
    Warning (15610): No output dependent on input pin "ENET1_RX_DATA[1]"
    Warning (15610): No output dependent on input pin "ENET1_RX_DATA[2]"
    Warning (15610): No output dependent on input pin "ENET1_RX_DATA[3]"
    Warning (15610): No output dependent on input pin "ENET1_RX_DV"
    Warning (15610): No output dependent on input pin "ENET1_RX_ER"
    Warning (15610): No output dependent on input pin "ENET1_TX_CLK"
    Warning (15610): No output dependent on input pin "ENET1_LINK100"
    Warning (15610): No output dependent on input pin "TD_CLK27"
    Warning (15610): No output dependent on input pin "TD_DATA[0]"
    Warning (15610): No output dependent on input pin "TD_DATA[1]"
    Warning (15610): No output dependent on input pin "TD_DATA[2]"
    Warning (15610): No output dependent on input pin "TD_DATA[3]"
    Warning (15610): No output dependent on input pin "TD_DATA[4]"
    Warning (15610): No output dependent on input pin "TD_DATA[5]"
    Warning (15610): No output dependent on input pin "TD_DATA[6]"
    Warning (15610): No output dependent on input pin "TD_DATA[7]"
    Warning (15610): No output dependent on input pin "TD_HS"
    Warning (15610): No output dependent on input pin "TD_VS"
    Warning (15610): No output dependent on input pin "OTG_INT"
    Warning (15610): No output dependent on input pin "IRDA_RXD"
    Warning (15610): No output dependent on input pin "FL_RY"
    Warning (15610): No output dependent on input pin "HSMC_CLKIN_P1"
    Warning (15610): No output dependent on input pin "HSMC_CLKIN_P2"
    Warning (15610): No output dependent on input pin "HSMC_CLKIN0"
    Warning (15610): No output dependent on input pin "HSMC_RX_D_P[0]"
    Warning (15610): No output dependent on input pin "HSMC_RX_D_P[1]"
    Warning (15610): No output dependent on input pin "HSMC_RX_D_P[2]"
    Warning (15610): No output dependent on input pin "HSMC_RX_D_P[3]"
    Warning (15610): No output dependent on input pin "HSMC_RX_D_P[4]"
    Warning (15610): No output dependent on input pin "HSMC_RX_D_P[5]"
    Warning (15610): No output dependent on input pin "HSMC_RX_D_P[6]"
    Warning (15610): No output dependent on input pin "HSMC_RX_D_P[7]"
    Warning (15610): No output dependent on input pin "HSMC_RX_D_P[8]"
    Warning (15610): No output dependent on input pin "HSMC_RX_D_P[9]"
    Warning (15610): No output dependent on input pin "HSMC_RX_D_P[10]"
    Warning (15610): No output dependent on input pin "HSMC_RX_D_P[11]"
    Warning (15610): No output dependent on input pin "HSMC_RX_D_P[12]"
    Warning (15610): No output dependent on input pin "HSMC_RX_D_P[13]"
    Warning (15610): No output dependent on input pin "HSMC_RX_D_P[14]"
    Warning (15610): No output dependent on input pin "HSMC_RX_D_P[15]"
    Warning (15610): No output dependent on input pin "HSMC_RX_D_P[16]"
Info (21057): Implemented 4218 device resources after synthesis - the final resource count might be different
    Info (21058): Implemented 113 input pins
    Info (21059): Implemented 268 output pins
    Info (21060): Implemented 141 bidirectional pins
    Info (21061): Implemented 3650 logic cells
    Info (21064): Implemented 39 RAM segments
    Info (21065): Implemented 1 PLLs
    Info (21062): Implemented 4 DSP elements
Info: Quartus II 64-Bit Partition Merge was successful. 0 errors, 83 warnings
    Info: Peak virtual memory: 4910 megabytes
    Info: Processing ended: Wed Jun 03 20:08:30 2026
    Info: Elapsed time: 00:00:06
    Info: Total CPU time (on all processors): 00:00:02


